material,damping_kg_s,comparison,first_experiment,second_experiment,time_s,position_rms_m,velocity_rms_m_s,position_max_m,velocity_max_m_s,com_position_difference_m,com_velocity_difference_m_s,internal_kinetic_difference_j,body_elastic_difference_j
glass,10000,fixed_comparison,adaptive-1000,fixed,0.0,0.0,0.0,0.0,0.0,0.0,0.0,0.0,0.0
glass,10000,fixed_comparison,adaptive-1000,fixed,0.0001,9.672677970807343e-16,0.0,1.3732700395566711e-15,0.0,5.150936895155249e-16,0.0,0.0,2.04739375744712e-18
glass,10000,fixed_comparison,adaptive-1000,fixed,0.0002,9.171896199635918e-16,7.834857227432894e-11,2.489661208481162e-15,1.4205058230925358e-09,6.16150870091073e-16,5.551115123125783e-17,5.021564822101801e-19,1.37322761938334e-18
glass,10000,fixed_comparison,adaptive-1000,fixed,0.0003,8.749026833425155e-16,1.0452318603867418e-10,2.8812707309937362e-15,2.2713948444056314e-09,6.233191867098198e-16,5.551115123125783e-17,8.93721443113496e-19,1.31579347306512e-18
glass,10000,fixed_comparison,adaptive-1000,fixed,0.0004,8.644396803367614e-16,1.1275035380131028e-10,3.682507016207763e-15,2.3198247273481182e-09,6.235631026817059e-16,8.326672684688674e-17,1.0385966280814335e-18,1.25338792458083e-18
glass,10000,fixed_comparison,adaptive-1000,fixed,0.0005,9.240504308221075e-16,1.4810707540493651e-10,3.515219270996975e-15,3.067777103837189e-09,6.248021086898131e-16,5.20740757162067e-16,1.7838378014252394e-18,1.3878007155938201e-18
glass,10000,fixed_comparison,adaptive-1000,fixed,0.0006,9.029725631763817e-16,1.5700143315047226e-10,5.5015058715799556e-15,3.6014572865587366e-09,6.235993399155125e-16,4.379755957367587e-16,2.0279252143440316e-18,1.48309750189639e-18
glass,10000,fixed_comparison,adaptive-1000,fixed,0.0007,8.806529105839666e-16,1.572963324396818e-10,3.972757644415143e-15,3.2705487329763124e-09,6.229309717545164e-16,4.552252871008668e-16,2.012624029928506e-18,1.48457271608458e-18
glass,10000,fixed_comparison,adaptive-1000,fixed,0.0008,9.598280937671747e-16,1.4704018881704865e-10,4.565517999319921e-15,3.787325384416496e-09,6.202147379674622e-16,6.871957671317179e-16,1.739134072280413e-18,1.8097031657668897e-18
glass,10000,fixed_comparison,adaptive-1000,fixed,0.0009,9.454977917457053e-16,1.657056129597811e-10,5.077620660557215e-15,4.0206746731597806e-09,6.192518302661935e-16,9.371360918460988e-16,2.210677114811139e-18,1.87963981132549e-18
glass,10000,fixed_comparison,adaptive-1000,fixed,0.001,9.770436234671823e-16,1.4553770772230964e-10,5.678576427667798e-15,3.0010179181486427e-09,6.171173739951275e-16,2.97322581626056e-13,1.7122273311592799e-18,2.4196279781954e-18
glass,10000,fixed_comparison,adaptive-1000,fixed,0.0011,3.458674243430426e-09,0.000799076476154399,1.834139662683308e-08,0.014311905474656281,4.4231767124344734e-11,2.2680150173481906e-06,3.361298277942959e-05,0.000562679750000239
glass,10000,fixed_comparison,adaptive-1000,fixed,0.0012,4.363779793644782e-09,0.00105539757958293,3.077863308727413e-08,0.013999794449668885,2.8729638032044096e-11,5.167257941529613e-07,0.00012951125603891112,4.955860000155354e-06
glass,10000,fixed_comparison,adaptive-1000,fixed,0.0013,5.918222808466267e-09,0.0016098343407444878,2.736771227891172e-08,0.029934147446228663,7.426124754417329e-11,6.219266653312294e-06,0.0003926369979253552,0.0015630361699998652
glass,10000,fixed_comparison,adaptive-1000,fixed,0.0014,5.108956933742812e-09,0.001082171418338744,3.030196921423674e-08,0.01430083405172061,4.709554925217094e-11,3.402661187132394e-06,1.0052098541490917e-05,0.0007592691400000184
glass,10000,fixed_comparison,adaptive-1000,fixed,0.0015,3.2070719765995655e-09,0.0008799255873284528,2.674872490197284e-08,0.01472363769546262,2.05140364982259e-10,1.3579698028842735e-06,5.704110855447864e-05,0.002434497099999877
glass,10000,fixed_comparison,adaptive-1000,fixed,0.0016,2.062603552379693e-09,0.0005188341902224032,1.856227401595632e-08,0.005666696235733799,3.0941112779596494e-10,9.558934419562348e-07,7.274440473577226e-05,0.0006367894899999005
glass,10000,fixed_comparison,adaptive-1000,fixed,0.0017,9.681347453821415e-10,0.00028760749007338953,8.498212198488184e-09,0.0094207838917165,3.455750282291969e-10,2.5629069100308044e-07,4.483624105774964e-05,9.139381900002963e-05
glass,10000,fixed_comparison,adaptive-1000,fixed,0.0018,2.0605794053921317e-09,0.0005316707954236454,1.5534322309248846e-08,0.011922414647251819,3.4473039613923746e-10,1.141514660700687e-10,9.409155012354842e-05,2.784668399999357e-05
glass,10000,fixed_comparison,adaptive-1000,fixed,0.0019,3.360520704579735e-09,0.0009490939188512372,1.409615185429903e-08,0.01597983781347877,3.4471897959878755e-10,1.1415535185065444e-10,0.00010414004008924005,0.0001703849059999929
glass,10000,fixed_comparison,adaptive-1000,fixed,0.002,5.098619580812832e-09,0.0014181013929787133,2.3360523265791855e-08,0.03235559161829139,3.4470756869619076e-10,1.1414047486212612e-10,0.0002535872576843734,0.00031983212500000247
glass,10000,fixed_comparison,adaptive-1000,fixed,0.0021,5.429950326252388e-09,0.0012944862861043094,3.928254553660462e-08,0.0315334622560145,3.4469615768516774e-10,1.1413148205562765e-10,0.0004094369525179664,0.0003431920849999992
glass,10000,fixed_comparison,adaptive-1000,fixed,0.0022,6.380933589179832e-09,0.001694921498866156,3.694247386126836e-08,0.029442979845100282,3.446847433131173e-10,1.1418255231475475e-10,0.0004079042517925041,0.0004741491199999892
glass,10000,fixed_comparison,adaptive-1000,fixed,0.0023,7.189663488080887e-09,0.0019887852591942007,5.228891539435647e-08,0.04104887574610326,3.4467332265269224e-10,1.14208753578133e-10,0.0003279893312537474,0.0003942341990000042
glass,10000,fixed_comparison,adaptive-1000,fixed,0.0024,7.125122607381429e-09,0.001855597121128682,8.512520822051825e-08,0.025925495202100097,3.4466190177542527e-10,1.1421341651483591e-10,0.0008264445406099274,0.0008926894090000026
glass,10000,fixed_comparison,adaptive-1000,fixed,0.0025,8.808926326958082e-09,0.0018169393286581288,1.0164152971548928e-07,0.023278428747356847,3.4465048377130254e-10,1.142103078903673e-10,0.00015121383885355333,8.496897300000472e-05
glass,10000,fixed_comparison,adaptive-1000,fixed,0.0026,8.399166422219469e-09,0.0022856991371855524,1.0020575411851923e-07,0.031494893077322915,3.446390574188193e-10,1.1424039493383231e-10,0.00039721833375291893,0.0004634631799999983
glass,10000,fixed_comparison,adaptive-1000,fixed,0.0027,9.192932304029665e-09,0.002328931144918147,6.566537740293318e-08,0.04547337778119659,3.4462763025317865e-10,1.1422507385659319e-10,0.0002842367180259653,0.00035048156699998834
glass,10000,fixed_comparison,adaptive-1000,fixed,0.0028,1.0055997405187544e-08,0.0023952969403804453,9.946143168741993e-08,0.03003939996907505,3.4461620623172585e-10,1.1425727032430375e-10,0.00025746426882192197,0.0001912194210000051
glass,10000,fixed_comparison,adaptive-1000,fixed,0.0029,1.1564434268670544e-08,0.0025739105452346747,1.3536638934279868e-07,0.024612067553337457,3.4460478356552685e-10,1.1428769043517512e-10,0.0004391104890209552,0.0005053553368000036
glass,10000,fixed_comparison,adaptive-1000,fixed,0.003,1.2214182746189704e-08,0.0033167982946961006,9.460239546261739e-08,0.036610814143739116,3.445933561017279e-10,1.142569372573964e-10,0.0004625185630871831,0.0005287634120000051
glass,10000,fixed_comparison,adaptive-1000,fixed,0.0031,1.5619596500303098e-08,0.0035500765226916414,1.0716963824932236e-07,0.04638307299953878,3.4458193484159884e-10,1.1418566093922336e-10,0.0007867105386044626,0.0007204656870000159
glass,10000,fixed_comparison,adaptive-1000,fixed,0.0032,1.8243120766444812e-08,0.0038586908683441684,1.4722877638430124e-07,0.04037343196275058,3.445705221669959e-10,1.1413681112614526e-10,0.0002575250265129392,0.0003237698779999798
glass,10000,fixed_comparison,adaptive-1000,fixed,0.0033,2.069596625359557e-08,0.004311556736385711,1.033412785666045e-07,0.03185784284210948,3.4455911580448617e-10,1.1407641499361234e-10,0.0011789432560632418,0.001112698398999995
glass,10000,fixed_comparison,adaptive-1000,fixed,0.0034,2.352281821233793e-08,0.00543844093007166,1.172146781991314e-07,0.039650434605366686,3.4454770243532044e-10,1.1412526480669043e-10,0.0006103584434113962,0.0006766032999999949
glass,10000,fixed_comparison,adaptive-1000,fixed,0.0035,2.69032604548616e-08,0.005652225055866061,1.1289140616535632e-07,0.077878870743173,3.4453628605749745e-10,1.1416201318880146e-10,0.0008993341288275614,0.0009655789859999986
glass,10000,fixed_comparison,adaptive-1000,fixed,0.0036,2.9550585979540447e-08,0.006428127810532432,1.406811995230406e-07,0.06414141074406482,3.445248733117462e-10,1.1417600199827594e-10,0.0017274421723843525,0.0016611973142000025
glass,10000,fixed_comparison,adaptive-1000,fixed,0.0037,3.0363425935123644e-08,0.007256126893356845,1.3150007716067336e-07,0.04362425510713777,3.445134595360079e-10,1.1423240132792098e-10,0.00021564328419998446,0.0001493984299999751
glass,10000,fixed_comparison,adaptive-1000,fixed,0.0038,3.3254572136179073e-08,0.007351866563215762,1.1705886338231141e-07,0.04229091946397032,3.445020316114315e-10,1.1423084701568666e-10,0.0004532551743016422,0.00038701032299998106
glass,10000,fixed_comparison,adaptive-1000,fixed,0.0039,3.6996025213281064e-08,0.007609062154774942,1.1632730367860945e-07,0.04775964427583273,3.444906005426647e-10,1.142815842079067e-10,0.0014022228373309908,0.0013359779861999987
glass,10000,fixed_comparison,adaptive-1000,fixed,0.004,3.5940012427506555e-08,0.008602186680754484,1.4743060398491592e-07,0.050035249989321205,3.4447916741390947e-10,1.1435274950377771e-10,0.0006224071685522192,0.0005561623179999864
glass,10000,fixed_comparison,adaptive-1000,fixed,0.0041,3.836595770092308e-08,0.00931581246458737,1.4021156729986478e-07,0.03786297162972575,3.4446773558620676e-10,1.1436618320300744e-10,0.0005970451366036356,0.0006632899849999957
glass,10000,fixed_comparison,adaptive-1000,fixed,0.0042,4.2356740394540194e-08,0.008965660211375,2.09155244595971e-07,0.036205768865955834,3.4445630191534863e-10,1.1433898273890714e-10,0.000770299853119355,0.0008365447040000196
glass,10000,fixed_comparison,adaptive-1000,fixed,0.0043,4.3297120584060987e-08,0.009393990485268431,1.377869452978686e-07,0.03343908071184509,3.4444487203921247e-10,1.1431910974676855e-10,0.0014570563369065564,0.0013908114860000098
glass,10000,fixed_comparison,adaptive-1000,fixed,0.0044,4.4169310701211e-08,0.010503161243836047,1.938588145289355e-07,0.04975043446488452,3.4443343901887817e-10,1.1436396275695844e-10,0.00041374398905355547,0.0004799888409999925
glass,10000,fixed_comparison,adaptive-1000,fixed,0.0045,4.511529736018134e-08,0.010968306316275775,2.2872513086302781e-07,0.034069421798953226,3.444220011196386e-10,1.1436773751524175e-10,0.0019176551923246188,0.0019839000440000087
glass,10000,fixed_comparison,adaptive-1000,fixed,0.0046,5.476722228313408e-08,0.009917192308630743,2.878713077913986e-07,0.04989310693639979,3.4441056235303454e-10,1.1441902981834089e-10,0.00018467292085161402,0.000250917774999998
glass,10000,fixed_comparison,adaptive-1000,fixed,0.0047,5.4335768965825066e-08,0.011419357784175188,1.7269618897680694e-07,0.06746889899820663,3.44399119032789e-10,1.1447609528180064e-10,0.0015544627686699952,0.0014882179140000007
glass,10000,fixed_comparison,adaptive-1000,fixed,0.0048,5.739909295342891e-08,0.011891274553517888,1.44839121127216e-07,0.04956380008028286,3.443876711588858e-10,1.1448386684297221e-10,0.002957682869989098,0.0028914380170000087
glass,10000,fixed_comparison,adaptive-1000,fixed,0.0049,5.820745182752243e-08,0.01276524190879281,3.384643468551385e-07,0.05270297321229828,3.443762226344675e-10,1.1443590520831342e-10,0.003750346996566928,0.003684102144000001
glass,10000,fixed_comparison,adaptive-1000,fixed,0.005,6.42633285833751e-08,0.01247316485420892,2.38993556861411e-07,0.05193100307195494,3.4436477367636617e-10,1.1444900584000263e-10,9.892236074066085e-05,3.2677504999995e-05
glass,10000,quality_refinement,adaptive-1000,adaptive-100,0.0,0.0,0.0,0.0,0.0,0.0,0.0,0.0,0.0
glass,10000,quality_refinement,adaptive-1000,adaptive-100,0.0001,0.0,0.0,0.0,0.0,0.0,0.0,0.0,0.0
glass,10000,quality_refinement,adaptive-1000,adaptive-100,0.0002,0.0,0.0,0.0,0.0,0.0,0.0,0.0,0.0
glass,10000,quality_refinement,adaptive-1000,adaptive-100,0.0003,0.0,0.0,0.0,0.0,0.0,0.0,0.0,0.0
glass,10000,quality_refinement,adaptive-1000,adaptive-100,0.0004,0.0,0.0,0.0,0.0,0.0,0.0,0.0,0.0
glass,10000,quality_refinement,adaptive-1000,adaptive-100,0.0005,0.0,0.0,0.0,0.0,0.0,0.0,0.0,0.0
glass,10000,quality_refinement,adaptive-1000,adaptive-100,0.0006,0.0,0.0,0.0,0.0,0.0,0.0,0.0,0.0
glass,10000,quality_refinement,adaptive-1000,adaptive-100,0.0007,0.0,0.0,0.0,0.0,0.0,0.0,0.0,0.0
glass,10000,quality_refinement,adaptive-1000,adaptive-100,0.0008,0.0,0.0,0.0,0.0,0.0,0.0,0.0,0.0
glass,10000,quality_refinement,adaptive-1000,adaptive-100,0.0009,0.0,0.0,0.0,0.0,0.0,0.0,0.0,0.0
glass,10000,quality_refinement,adaptive-1000,adaptive-100,0.001,0.0,0.0,0.0,0.0,0.0,0.0,0.0,0.0
glass,10000,quality_refinement,adaptive-1000,adaptive-100,0.0011,8.969746093738942e-10,0.0001991205497176036,6.585867785171944e-09,0.0027767280572565042,1.1214024067049692e-11,5.989748910195658e-07,1.041310840052545e-05,0.00014666219000014635
glass,10000,quality_refinement,adaptive-1000,adaptive-100,0.0012,3.664477821628295e-09,0.0009134342801740138,3.124653174991722e-08,0.01220357635934211,2.4744686985222226e-11,5.169948100736121e-07,0.00010376385599986104,2.747854000029193e-05
glass,10000,quality_refinement,adaptive-1000,adaptive-100,0.0013,5.370387134112139e-09,0.0013361441561440721,5.753041021749028e-08,0.012220390502229714,6.64831601229887e-11,5.32598095126513e-06,0.0002866910994081956,0.001378307780000032
glass,10000,quality_refinement,adaptive-1000,adaptive-100,0.0014,1.0098461176214582e-08,0.002293845389749776,4.529369222890695e-08,0.04361555688125353,9.984605199923349e-11,7.483210545514152e-06,7.550296617508945e-05,0.001277167370000054
glass,10000,quality_refinement,adaptive-1000,adaptive-100,0.0015,1.3960393618860491e-08,0.003534672748334601,8.472666182540972e-08,0.06704978090004868,5.346533571773415e-10,3.834882466136058e-06,0.0006039198119964923,0.0033953058699998095
glass,10000,quality_refinement,adaptive-1000,adaptive-100,0.0016,1.862703821349191e-08,0.0043902208739557335,1.0208098149133494e-07,0.04047987451551576,8.964075115872062e-10,3.075409163000309e-06,0.0003066215537872313,0.0057206633899999915
glass,10000,quality_refinement,adaptive-1000,adaptive-100,0.0017,2.4948504779910005e-08,0.005416209914903082,1.7289595096955035e-07,0.03399194705521921,1.1605837480291325e-09,5.0168375452797065e-06,4.142118088473756e-05,0.002223774454999994
glass,10000,quality_refinement,adaptive-1000,adaptive-100,0.0018,3.007996661255347e-08,0.0059370952904084315,1.5706291248065648e-07,0.03214889453660166,1.3088976558422319e-09,3.783851076910594e-08,3.698409296720717e-05,0.00010040266100000417
glass,10000,quality_refinement,adaptive-1000,adaptive-100,0.0019,3.376609900557224e-08,0.007225522292920904,1.3361640818257374e-07,0.04913553638680679,1.3126815053780143e-09,3.783847524196915e-08,0.0013068831648223866,0.0011694964129999874
glass,10000,quality_refinement,adaptive-1000,adaptive-100,0.002,3.638525467511424e-08,0.008772834520332685,1.2673517957306757e-07,0.04187401619542811,1.3164653498180462e-09,3.783853386174485e-08,0.001062018942316209,0.0009246321910000022
glass,10000,quality_refinement,adaptive-1000,adaptive-100,0.0021,4.229010049507125e-08,0.008243690873676754,2.0035030381948538e-07,0.032907499893459424,1.3202491937159771e-09,3.7838500777098716e-08,0.0014983500318936083,0.0016357367840000026
glass,10000,quality_refinement,adaptive-1000,adaptive-100,0.0022,4.3144876474066606e-08,0.00989989039086348,2.1781578412238475e-07,0.039637515853157335,1.3240330429264985e-09,3.7838550737134824e-08,0.002450343680659134,0.002312956926000004
glass,10000,quality_refinement,adaptive-1000,adaptive-100,0.0023,4.858821859969844e-08,0.010465878228561667,2.3260937470626075e-07,0.061964840546747,1.3278169007022177e-09,3.783867819073805e-08,0.0016379694175294446,0.0015005826580000159
glass,10000,quality_refinement,adaptive-1000,adaptive-100,0.0024,4.814236906379592e-08,0.011747959171097158,1.949236701770385e-07,0.03841170093423683,1.3316007632484259e-09,3.7838668975886947e-08,0.004380335211213171,0.004242948454999992
glass,10000,quality_refinement,adaptive-1000,adaptive-100,0.0025,5.649314451449107e-08,0.011383702518402851,2.947385632640076e-07,0.05734220239705468,1.3353846183136392e-09,3.7838617239494e-08,0.0015919918101794245,0.0014546050660000087
glass,10000,quality_refinement,adaptive-1000,adaptive-100,0.0026,5.4378772474708717e-08,0.013333489676638733,2.426601038996168e-07,0.04922544418078594,1.3391684995081247e-09,3.78389870547835e-08,0.0004662864340082007,0.0006036732549999924
glass,10000,quality_refinement,adaptive-1000,adaptive-100,0.0027,6.135375522283934e-08,0.013151170919220224,3.81244366520761e-07,0.048919220966944454,1.3429523918698927e-09,3.783889712671851e-08,0.002206065048332234,0.0020686782309999874
glass,10000,quality_refinement,adaptive-1000,adaptive-100,0.0028,6.386506893867995e-08,0.01410225883493069,1.856479901709979e-07,0.06716761627046698,1.3467362849092872e-09,3.7838882582796884e-08,0.0021239371533273155,0.002261323969000001
glass,10000,quality_refinement,adaptive-1000,adaptive-100,0.0029,6.519356999828137e-08,0.015005596478293986,2.55919560335216e-07,0.07554925017278535,1.3505201794394596e-09,3.783928403944259e-08,0.0023237220241618672,0.0021863352036000094
glass,10000,quality_refinement,adaptive-1000,adaptive-100,0.003,7.032854037608743e-08,0.015271750117873671,3.8773104010791926e-07,0.04869488803922737,1.3543041012915268e-09,3.783922408739926e-08,0.0008004883070588942,0.0006631014890000064
glass,10000,quality_refinement,adaptive-1000,adaptive-100,0.0031,7.557811789500321e-08,0.015718531121871472,3.9046816639742854e-07,0.05708905588621349,1.3580880164181521e-09,3.783910340615648e-08,0.0019226403665670577,0.002060027161000011
glass,10000,quality_refinement,adaptive-1000,adaptive-100,0.0032,7.826707241756189e-08,0.016817147588220747,5.122971528936926e-07,0.06188301272734531,1.361871912659331e-09,3.783898883114034e-08,0.0030651195466112058,0.002927732752999984
glass,10000,quality_refinement,adaptive-1000,adaptive-100,0.0033,8.34553830864041e-08,0.017190119865441306,2.8115635494763147e-07,0.09433254172719818,1.3656558094392228e-09,3.783903523846277e-08,0.002609968774312549,0.0027473556550000056
glass,10000,quality_refinement,adaptive-1000,adaptive-100,0.0034,8.959702219047784e-08,0.01760841724464336,3.950890664905504e-07,0.059939446726121726,1.369439728174209e-09,3.783930080381026e-08,0.005526564291393726,0.0053891774089999955
glass,10000,quality_refinement,adaptive-1000,adaptive-100,0.0035,9.175739673379283e-08,0.01913659414383205,4.1447714634046395e-07,0.07680784853383948,1.3732236600009363e-09,3.7839294253494415e-08,0.0051513608241984254,0.005013973942000011
glass,10000,quality_refinement,adaptive-1000,adaptive-100,0.0036,1.0411364314693472e-07,0.017705076267670157,3.548406135867044e-07,0.08393349697916563,1.3770075848887695e-09,3.783925239808639e-08,0.0023478496294767337,0.0022104628124000048
glass,10000,quality_refinement,adaptive-1000,adaptive-100,0.0037,9.883500042615289e-08,0.020020053666369362,3.757471175390337e-07,0.06247768972382764,1.3807915764550364e-09,3.784049151800417e-08,0.0010624557897937204,0.0011998426829999964
glass,10000,quality_refinement,adaptive-1000,adaptive-100,0.0038,9.939149788940092e-08,0.020765212629978182,3.3563190400542897e-07,0.07541510887353153,1.384575620171428e-09,3.7840016453571934e-08,0.0009650674970660411,0.0011024543359999806
glass,10000,quality_refinement,adaptive-1000,adaptive-100,0.0039,1.0556113878417462e-07,0.021420163836313566,3.4327158690561355e-07,0.08008034456416335,1.3883596185681685e-09,3.7839902433667305e-08,0.0043791957219642685,0.004516582562300003
glass,10000,quality_refinement,adaptive-1000,adaptive-100,0.004,1.0192383541929641e-07,0.022064861223533013,2.758671997383151e-07,0.0759131945016418,1.3921436215185581e-09,3.784040358834062e-08,0.0029605858610578656,0.003097972775999991
glass,10000,quality_refinement,adaptive-1000,adaptive-100,0.0041,1.1465256858557006e-07,0.020725609870465306,5.700675980435665e-07,0.0845963354836391,1.3959276496224384e-09,3.7840349187412414e-08,0.0037604086279859616,0.003623021710999999
glass,10000,quality_refinement,adaptive-1000,adaptive-100,0.0042,1.1372520475883628e-07,0.02228651363903669,4.66515897273867e-07,0.096614990642584,1.3997116778347387e-09,3.784028268505324e-08,0.0015695874470033622,0.0014322005340000055
glass,10000,quality_refinement,adaptive-1000,adaptive-100,0.0043,1.168565649844753e-07,0.02184563468452654,3.335672533454513e-07,0.08091994239768396,1.4034957019270711e-09,3.784026381126182e-08,0.0021488365820671457,0.002286223495000017
glass,10000,quality_refinement,adaptive-1000,adaptive-100,0.0044,1.1926470528901727e-07,0.022858859913092174,4.7057743488010395e-07,0.07881791578411168,1.4072797304646319e-09,3.784031610276628e-08,0.0007612105326132157,0.0006238236220000026
glass,10000,quality_refinement,adaptive-1000,adaptive-100,0.0045,1.1163786286887325e-07,0.02415236514580759,5.928377529995643e-07,0.07748355570861377,1.4110637313550374e-09,3.7839695488095515e-08,0.0011482008280320477,0.001285587643999997
glass,10000,quality_refinement,adaptive-1000,adaptive-100,0.0046,1.2671019545226916e-07,0.023357593250533982,5.542371910027821e-07,0.12331045763153692,1.4148476819384621e-09,3.783947288837908e-08,0.0039479966519170295,0.0038106098650000086
glass,10000,quality_refinement,adaptive-1000,adaptive-100,0.0047,1.2704726730330747e-07,0.023228189415710174,3.934662591020821e-07,0.06307841838410078,1.41863160910312e-09,3.783919400035529e-08,0.00011605831484645668,2.1328398000008963e-05
glass,10000,quality_refinement,adaptive-1000,adaptive-100,0.0048,1.291183437647611e-07,0.023702469769786585,2.9929459383804446e-07,0.07298030045036119,1.4224155215226282e-09,3.7839163025132905e-08,0.005939326161104985,0.006076712851000005
glass,10000,quality_refinement,adaptive-1000,adaptive-100,0.0049,1.3191218558419315e-07,0.02348586541916627,4.7318205645408007e-07,0.08857919089343069,1.4261994341589769e-09,3.783908308907513e-08,0.009767993199126745,0.009905379889000004
glass,10000,quality_refinement,adaptive-1000,adaptive-100,0.005,1.3381548151993033e-07,0.024531227877847058,5.871715060001836e-07,0.08056396163704094,1.4299833866939653e-09,3.7839648636683876e-08,0.0005485422468198276,0.0006859289969999849
glass,10000,fixed_comparison,adaptive-100,fixed,0.0,0.0,0.0,0.0,0.0,0.0,0.0,0.0,0.0
glass,10000,fixed_comparison,adaptive-100,fixed,0.0001,9.672677970807343e-16,0.0,1.3732700395566711e-15,0.0,5.150936895155249e-16,0.0,0.0,2.04739375744712e-18
glass,10000,fixed_comparison,adaptive-100,fixed,0.0002,9.171896199635918e-16,7.834857227432894e-11,2.489661208481162e-15,1.4205058230925358e-09,6.16150870091073e-16,5.551115123125783e-17,5.021564822101801e-19,1.37322761938334e-18
glass,10000,fixed_comparison,adaptive-100,fixed,0.0003,8.749026833425155e-16,1.0452318603867418e-10,2.8812707309937362e-15,2.2713948444056314e-09,6.233191867098198e-16,5.551115123125783e-17,8.93721443113496e-19,1.31579347306512e-18
glass,10000,fixed_comparison,adaptive-100,fixed,0.0004,8.644396803367614e-16,1.1275035380131028e-10,3.682507016207763e-15,2.3198247273481182e-09,6.235631026817059e-16,8.326672684688674e-17,1.0385966280814335e-18,1.25338792458083e-18
glass,10000,fixed_comparison,adaptive-100,fixed,0.0005,9.240504308221075e-16,1.4810707540493651e-10,3.515219270996975e-15,3.067777103837189e-09,6.248021086898131e-16,5.20740757162067e-16,1.7838378014252394e-18,1.3878007155938201e-18
glass,10000,fixed_comparison,adaptive-100,fixed,0.0006,9.029725631763817e-16,1.5700143315047226e-10,5.5015058715799556e-15,3.6014572865587366e-09,6.235993399155125e-16,4.379755957367587e-16,2.0279252143440316e-18,1.48309750189639e-18
glass,10000,fixed_comparison,adaptive-100,fixed,0.0007,8.806529105839666e-16,1.572963324396818e-10,3.972757644415143e-15,3.2705487329763124e-09,6.229309717545164e-16,4.552252871008668e-16,2.012624029928506e-18,1.48457271608458e-18
glass,10000,fixed_comparison,adaptive-100,fixed,0.0008,9.598280937671747e-16,1.4704018881704865e-10,4.565517999319921e-15,3.787325384416496e-09,6.202147379674622e-16,6.871957671317179e-16,1.739134072280413e-18,1.8097031657668897e-18
glass,10000,fixed_comparison,adaptive-100,fixed,0.0009,9.454977917457053e-16,1.657056129597811e-10,5.077620660557215e-15,4.0206746731597806e-09,6.192518302661935e-16,9.371360918460988e-16,2.210677114811139e-18,1.87963981132549e-18
glass,10000,fixed_comparison,adaptive-100,fixed,0.001,9.770436234671823e-16,1.4553770772230964e-10,5.678576427667798e-15,3.0010179181486427e-09,6.171173739951275e-16,2.97322581626056e-13,1.7122273311592799e-18,2.4196279781954e-18
glass,10000,fixed_comparison,adaptive-100,fixed,0.0011,4.3539379141255025e-09,0.0009962819952012679,2.492230709563556e-08,0.01701873934534411,5.544579119041065e-11,2.8669899083677564e-06,4.402609117995504e-05,0.0007093419400003853
glass,10000,fixed_comparison,adaptive-100,fixed,0.0012,8.011818551950504e-09,0.001949355743798564,6.202515182610461e-08,0.026139159205900632,5.3474325014400064e-11,1.0337206042265734e-06,0.00023327511203877216,2.2522680000136575e-05
glass,10000,fixed_comparison,adaptive-100,fixed,0.0013,1.1222173351296011e-08,0.002907425214228293,8.359030222072986e-08,0.042129433652425496,1.407444076660177e-10,1.1545247604577424e-05,0.0006793280973335508,0.0029413439499998972
glass,10000,fixed_comparison,adaptive-100,fixed,0.0014,1.5089206117867943e-08,0.003309732001761846,6.643818201146345e-08,0.05789069230767083,1.4694160124893103e-10,1.0885871732646546e-05,6.545086763359853e-05,0.0020364365100000725
glass,10000,fixed_comparison,adaptive-100,fixed,0.0015,1.6982466054341725e-08,0.004354687859973974,8.194102840697326e-08,0.08168478767198899,7.397937221589948e-10,5.192852269020332e-06,0.0006609609205509709,0.0009608087699999324
glass,10000,fixed_comparison,adaptive-100,fixed,0.0016,2.0507369920754772e-08,0.004839801301759783,1.1236629273048888e-07,0.04053458269846945,1.2058186393827614e-09,4.031302604956544e-06,0.0003793659585230036,0.005083873900000091
glass,10000,fixed_comparison,adaptive-100,fixed,0.0017,2.422572520599812e-08,0.005285743538348942,1.6459726485700825e-07,0.03614752686947906,1.5061587762579506e-09,5.273128236282787e-06,8.62574219424872e-05,0.0023151682740000235
glass,10000,fixed_comparison,adaptive-100,fixed,0.0018,2.8240391929953988e-08,0.005602750436488553,1.4773052617290962e-07,0.03696163690009462,1.6536280519810777e-09,3.7724359303048556e-08,0.0001310756430907556,7.25559770000106e-05
glass,10000,fixed_comparison,adaptive-100,fixed,0.0019,3.0708404290210616e-08,0.006593518999969544,1.1952281616898987e-07,0.043854105104217944,1.6574004849764041e-09,3.7724319890131175e-08,0.0012027431247331466,0.0009991115069999945
glass,10000,fixed_comparison,adaptive-100,fixed,0.002,3.180866693184641e-08,0.007780629078992134,1.0957403451250514e-07,0.04714348357035306,1.661172918513831e-09,3.772439338689541e-08,0.0008084316846318357,0.0006048000659999997
glass,10000,fixed_comparison,adaptive-100,fixed,0.0021,3.740745728287983e-08,0.007342749133421602,1.7615273613380555e-07,0.03031617624397287,1.6649453514007366e-09,3.772436929505578e-08,0.0010889130793756419,0.0012925446990000033
glass,10000,fixed_comparison,adaptive-100,fixed,0.0022,3.755804481628011e-08,0.0086513761721056,1.9406891063286115e-07,0.036107278094987816,1.6687177862392063e-09,3.772436818483275e-08,0.0020424394288666298,0.0018388078060000146
glass,10000,fixed_comparison,adaptive-100,fixed,0.0023,4.2311157392788826e-08,0.009012882687150349,2.1269706923510157e-07,0.05120903222017259,1.6724902233545003e-09,3.77244694371726e-08,0.0013099800862756972,0.0011063484590000117
glass,10000,fixed_comparison,adaptive-100,fixed,0.0024,4.215566598614504e-08,0.010340572406474692,1.7590347936580208e-07,0.0474155768989455,1.6762626650234451e-09,3.772445555938479e-08,0.0035538906706032436,0.00335025904599999
glass,10000,fixed_comparison,adaptive-100,fixed,0.0025,4.881225373587708e-08,0.010116880544527976,2.5819439481572504e-07,0.05370804354359603,1.6800351020845303e-09,3.7724406931616305e-08,0.0017432056490329778,0.0015395740390000134
glass,10000,fixed_comparison,adaptive-100,fixed,0.0026,4.7666112730178155e-08,0.011595551913743148,2.0040628645467962e-07,0.04530238779387154,1.6838075569265328e-09,3.772474665986184e-08,0.0008635047677611196,0.0010671364349999907
glass,10000,fixed_comparison,adaptive-100,fixed,0.0027,5.3705587616531746e-08,0.01155200949657857,3.487846869376643e-07,0.04230828853483426,1.6875800221226629e-09,3.7724672052874586e-08,0.0019218283303062689,0.001718196663999999
glass,10000,fixed_comparison,adaptive-100,fixed,0.0028,5.578480258864908e-08,0.012413941829498794,1.5544846269637367e-07,0.07049543224065437,1.6913524911406056e-09,3.7724625312485256e-08,0.0018664728845053935,0.0020701045479999958
glass,10000,fixed_comparison,adaptive-100,fixed,0.0029,5.590464522028018e-08,0.01329108018529739,2.2302597597889662e-07,0.06610293270790146,1.6951249630045806e-09,3.7724996349020085e-08,0.001884611535140912,0.0016809798668000059
glass,10000,fixed_comparison,adaptive-100,fixed,0.003,6.099129585116733e-08,0.012993193011177613,3.302577246677707e-07,0.039237513607641196,1.698897457392855e-09,3.772496715015454e-08,0.0003379697439717111,0.00013433807700000133
glass,10000,fixed_comparison,adaptive-100,fixed,0.0031,6.329275297575289e-08,0.0136344528339535,3.168069175746302e-07,0.04793823915878037,1.702669951259355e-09,3.772491774522994e-08,0.0011359298279625951,0.001339561473999995
glass,10000,fixed_comparison,adaptive-100,fixed,0.0032,6.42970146989503e-08,0.014556039316616884,3.900212596497088e-07,0.06263451600197094,1.7064424348259355e-09,3.7724852020026884e-08,0.0028075945200982666,0.0026039628750000043
glass,10000,fixed_comparison,adaptive-100,fixed,0.0033,6.780965715393581e-08,0.01473343289005058,2.2011822320422425e-07,0.07533534027695366,1.7102149252433184e-09,3.772495882348185e-08,0.001431025518249307,0.0016346572560000106
glass,10000,fixed_comparison,adaptive-100,fixed,0.0034,7.176654645998957e-08,0.014698345573785602,3.301042250658526e-07,0.049599206654617374,1.713987430609141e-09,3.772517553901626e-08,0.00491620584798233,0.004712574109000001
glass,10000,fixed_comparison,adaptive-100,fixed,0.0035,7.206657665503636e-08,0.016202466824280715,3.0976205134258805e-07,0.057421737727858704,1.7177599460580423e-09,3.77251322403183e-08,0.004252026695370864,0.004048394956000012
glass,10000,fixed_comparison,adaptive-100,fixed,0.0036,8.071943199014238e-08,0.015244650735915511,2.7998887286440066e-07,0.0858782075887603,1.721532458200126e-09,3.7725076396100154e-08,0.004075291801861086,0.0038716601266000072
glass,10000,fixed_comparison,adaptive-100,fixed,0.0037,7.786829514740727e-08,0.0163070920446664,2.897538495400875e-07,0.06578721197134596,1.7253050359906543e-09,3.772625911668829e-08,0.0008468125055937359,0.0010504442530000213
glass,10000,fixed_comparison,adaptive-100,fixed,0.0038,7.69962425799749e-08,0.01725918667665384,2.4783910892992917e-07,0.05826669726365785,1.7290776517824661e-09,3.7725785606568285e-08,0.0005118123227643989,0.0007154440129999995
glass,10000,fixed_comparison,adaptive-100,fixed,0.0039,8.15171254509861e-08,0.017734138752974384,2.6455500654054553e-07,0.07560483201228685,1.7328502191104417e-09,3.772562084947143e-08,0.0029769728846332777,0.0031806045761000046
glass,10000,fixed_comparison,adaptive-100,fixed,0.004,7.880082901312497e-08,0.018549073700376423,1.79460925849107e-07,0.08708306087961204,1.7366227889320802e-09,3.772605083884887e-08,0.0023381786925056464,0.0025418104580000045
glass,10000,fixed_comparison,adaptive-100,fixed,0.0041,9.08548024038805e-08,0.016472546630091744,4.422177666690841e-07,0.07201203312274518,1.7403953852082538e-09,3.772598300422206e-08,0.003163363491382326,0.0029597317260000033
glass,10000,fixed_comparison,adaptive-100,fixed,0.0042,8.936347214010157e-08,0.018120937435239938,2.7554635337323496e-07,0.09394557036374351,1.744167979749704e-09,3.7725943702327e-08,0.0007992875938840072,0.0005956558299999859
glass,10000,fixed_comparison,adaptive-100,fixed,0.0043,9.197754364230436e-08,0.017998633101696034,3.179926346578742e-07,0.06769218418942136,1.747940573965894e-09,3.772594470152772e-08,0.0006917802451605892,0.0008954120090000073
glass,10000,fixed_comparison,adaptive-100,fixed,0.0044,9.332714171517968e-08,0.019213272482742395,3.21993324338687e-07,0.05818790067460021,1.7517131694831265e-09,3.7725952140021985e-08,0.0003474665435596602,0.00014383478100001013
glass,10000,fixed_comparison,adaptive-100,fixed,0.0045,8.863548478273566e-08,0.020019715571509184,3.641126221365365e-07,0.0946740716029516,1.7554857324742925e-09,3.7725327750592936e-08,0.0030658560203566665,0.0032694876880000057
glass,10000,fixed_comparison,adaptive-100,fixed,0.0046,9.724304371624602e-08,0.0197832671398341,4.173096578019564e-07,0.10014627431799461,1.759258244291116e-09,3.7725053858572754e-08,0.0037633237310654155,0.0035596920900000106
glass,10000,fixed_comparison,adaptive-100,fixed,0.0047,9.577677468023088e-08,0.020609585048295076,3.2675756175826187e-07,0.06652257643294072,1.7630307281355244e-09,3.77247179050855e-08,0.001670521083516452,0.0014668895159999917
glass,10000,fixed_comparison,adaptive-100,fixed,0.0048,9.962887380068995e-08,0.020386235979099256,2.6026405711767096e-07,0.08636544462223017,1.7668031926811321e-09,3.7724679158301943e-08,0.0029816432911158874,0.003185274833999996
glass,10000,fixed_comparison,adaptive-100,fixed,0.0049,1.0298270531639619e-07,0.02008380364140948,3.203692327813368e-07,0.08582983752488849,1.7705756567930615e-09,3.7724647183878834e-08,0.006017646202559818,0.006221277745000003
glass,10000,fixed_comparison,adaptive-100,fixed,0.005,1.0447522144628794e-07,0.020676998934268005,5.681100144205864e-07,0.07629538473812492,1.7743481603699485e-09,3.772519963085589e-08,0.0004496198860791667,0.0006532514919999899
glass,10000,quality_refinement,adaptive-100,adaptive-10,0.0,0.0,0.0,0.0,0.0,0.0,0.0,0.0,0.0
glass,10000,quality_refinement,adaptive-100,adaptive-10,0.0001,0.0,0.0,0.0,0.0,0.0,0.0,0.0,0.0
glass,10000,quality_refinement,adaptive-100,adaptive-10,0.0002,0.0,0.0,0.0,0.0,0.0,0.0,0.0,0.0
glass,10000,quality_refinement,adaptive-100,adaptive-10,0.0003,0.0,0.0,0.0,0.0,0.0,0.0,0.0,0.0
glass,10000,quality_refinement,adaptive-100,adaptive-10,0.0004,0.0,0.0,0.0,0.0,0.0,0.0,0.0,0.0
glass,10000,quality_refinement,adaptive-100,adaptive-10,0.0005,0.0,0.0,0.0,0.0,0.0,0.0,0.0,0.0
glass,10000,quality_refinement,adaptive-100,adaptive-10,0.0006,0.0,0.0,0.0,0.0,0.0,0.0,0.0,0.0
glass,10000,quality_refinement,adaptive-100,adaptive-10,0.0007,0.0,0.0,0.0,0.0,0.0,0.0,0.0,0.0
glass,10000,quality_refinement,adaptive-100,adaptive-10,0.0008,0.0,0.0,0.0,0.0,0.0,0.0,0.0,0.0
glass,10000,quality_refinement,adaptive-100,adaptive-10,0.0009,0.0,0.0,0.0,0.0,0.0,0.0,0.0,0.0
glass,10000,quality_refinement,adaptive-100,adaptive-10,0.001,0.0,0.0,0.0,0.0,0.0,0.0,0.0,0.0
glass,10000,quality_refinement,adaptive-100,adaptive-10,0.0011,1.1328634523584976e-10,2.495645437910053e-05,8.778136039050871e-10,0.0003626363361339962,1.4071090238374943e-12,7.59124377802678e-08,1.4041574850631733e-06,1.8490609999588514e-05
glass,10000,quality_refinement,adaptive-100,adaptive-10,0.0012,4.09529124140525e-10,0.00010461828000241983,3.4841834105843224e-09,0.0012712361717836386,2.7923238819213673e-12,6.654684081564e-08,1.0754987259886661e-05,6.728079999795966e-06
glass,10000,quality_refinement,adaptive-100,adaptive-10,0.0013,6.149104114113244e-10,0.00014874717922169092,7.44089844584312e-09,0.0011903935131874588,7.583838288706497e-12,6.016728742730404e-07,3.27934826454962e-05,0.00015509303000005303
glass,10000,quality_refinement,adaptive-100,adaptive-10,0.0014,1.148240801447603e-09,0.0002539616742652063,1.0866805910570472e-08,0.003308217126187099,1.1153859737193698e-11,8.296271810231959e-07,1.3012541505819097e-05,0.00010968826999979697
glass,10000,quality_refinement,adaptive-100,adaptive-10,0.0015,1.5643805802058646e-09,0.0003685696507535983,2.083476580292317e-08,0.002844052566353441,5.72970037301838e-11,3.344925396664422e-07,6.705762423694916e-05,0.001198317860000131
glass,10000,quality_refinement,adaptive-100,adaptive-10,0.0016,1.9843523090897856e-09,0.0005351027526903541,1.418799034298818e-08,0.006023664189790617,9.51973150916871e-11,3.684804936732178e-07,4.112136358376539e-05,0.0009503754099999817
glass,10000,quality_refinement,adaptive-100,adaptive-10,0.0017,2.6422566277052753e-09,0.0006585778994313981,1.5513292573036912e-08,0.01300321461070827,1.2207082588681863e-10,3.8327423212969336e-07,4.0266704872421455e-05,0.0001228164439999735
glass,10000,quality_refinement,adaptive-100,adaptive-10,0.0018,3.2170437662225146e-09,0.0007966732055686964,1.5297864416774633e-08,0.013419782381457085,1.3813946384349309e-10,4.567957423429192e-08,0.00010816386859152649,9.939673600001253e-05
glass,10000,quality_refinement,adaptive-100,adaptive-10,0.0019,4.02848374825682e-09,0.0009099233689143591,2.1290116647010515e-08,0.009871348093739962,1.3357151810394726e-10,4.5679642624030237e-08,0.00016198624587515642,0.00015321908099999448
glass,10000,quality_refinement,adaptive-100,adaptive-10,0.002,4.574490376571935e-09,0.0011102641900720047,4.939883131802154e-08,0.010244821754668443,1.2900358017065826e-10,4.567906075614303e-08,4.265552716334331e-05,5.142278000000444e-05
glass,10000,quality_refinement,adaptive-100,adaptive-10,0.0021,5.395147295745052e-09,0.0012152878643219907,4.888502686520073e-08,0.011038250950526608,1.2443557425788915e-10,4.568008227234799e-08,3.1297017310916164e-05,2.2529852999997324e-05
glass,10000,quality_refinement,adaptive-100,adaptive-10,0.0022,5.7504659662677134e-09,0.0014033056956484888,4.973618883315043e-08,0.015136927608782054,1.19867571814574e-10,4.567994793536201e-08,0.0002038114944942493,0.00019504433299999402
glass,10000,quality_refinement,adaptive-100,adaptive-10,0.0023,6.655822945918768e-09,0.0014946551332466825,4.035619052552428e-08,0.029228353214964788,1.152995474703678e-10,4.568051870101897e-08,0.00036377565497067166,0.0003550085229999944
glass,10000,quality_refinement,adaptive-100,adaptive-10,0.0024,6.891296784282257e-09,0.0016617392533562923,6.249246958739384e-08,0.01991893117993492,1.1073149949056027e-10,4.567939204669358e-08,0.0002658448235432209,0.0002570776100000033
glass,10000,quality_refinement,adaptive-100,adaptive-10,0.0025,7.3474990850518684e-09,0.001859764192600973,5.364955610259305e-08,0.02371532342468144,1.0616358779497505e-10,4.5678813509475447e-08,0.00019049726585669557,0.00018172999499999065
glass,10000,quality_refinement,adaptive-100,adaptive-10,0.0026,8.110527762359223e-09,0.0018930962762211915,5.233666482928239e-08,0.03137514129503947,1.0159567230466548e-10,4.567966771507059e-08,0.0003332464149986558,0.00034201357500000806
glass,10000,quality_refinement,adaptive-100,adaptive-10,0.0027,8.913658083079673e-09,0.001953492252906534,5.9053559755191695e-08,0.01795582686290532,9.702771718677356e-11,4.567947509137582e-08,0.00046725590495383384,0.0004584887050000097
glass,10000,quality_refinement,adaptive-100,adaptive-10,0.0028,9.69293277344259e-09,0.0021917752853809415,6.286686042393743e-08,0.02832691862539098,9.245948383550637e-11,4.568339151411749e-08,0.0002552149472676568,0.0002639818340000044
glass,10000,quality_refinement,adaptive-100,adaptive-10,0.0029,9.687460468459013e-09,0.002529201705104112,6.515287683862539e-08,0.029198743633294867,8.789116239280856e-11,4.568364775359157e-08,0.00032917373053775734,0.0003379406009000052
glass,10000,quality_refinement,adaptive-100,adaptive-10,0.003,1.0874337106207724e-08,0.002606744274183132,4.7656284474228996e-08,0.03428173493374917,8.332307477864755e-11,4.567984246417467e-08,0.00041042241808947333,0.000401654936000001
glass,10000,quality_refinement,adaptive-100,adaptive-10,0.0031,1.134218202536255e-08,0.0028956158882110683,4.210227804585244e-08,0.03137353120967174,7.875510993004353e-11,4.5679514504293195e-08,0.0003637743751020439,0.00037254189600000043
glass,10000,quality_refinement,adaptive-100,adaptive-10,0.0032,1.2214720606665689e-08,0.0029817232216152235,4.508663645208522e-08,0.028563626711363473,7.418715750233241e-11,4.567951972234141e-08,8.6035917306021e-05,7.726838999999597e-05
glass,10000,quality_refinement,adaptive-100,adaptive-10,0.0033,1.2671789611668549e-08,0.003280748435622967,5.366869643141926e-08,0.02780489013467744,6.961916056133967e-11,4.567907951891215e-08,0.0006968056155282065,0.0007055729269999922
glass,10000,quality_refinement,adaptive-100,adaptive-10,0.0034,1.2953122195995782e-08,0.003470904396809035,7.234488763001758e-08,0.030311124195472414,6.505127198637292e-11,4.567916389586202e-08,0.0004917839042637151,0.00048301662399999334
glass,10000,quality_refinement,adaptive-100,adaptive-10,0.0035,1.4672742381842948e-08,0.0033019755778495264,8.806951856197293e-08,0.030435833413883295,6.048335156295989e-11,4.567930100840556e-08,0.0004333848162569043,0.00042461759299999846
glass,10000,quality_refinement,adaptive-100,adaptive-10,0.0036,1.5371083879451445e-08,0.003581636060643609,7.558017622073489e-08,0.025390779603227515,5.5915405064481795e-11,4.5679466764703136e-08,0.0005978311454388763,0.000589063854399996
glass,10000,quality_refinement,adaptive-100,adaptive-10,0.0037,1.573777683594521e-08,0.0037256928178232653,1.0527080108409758e-07,0.022723733137251605,5.134737719664112e-11,4.568058464826663e-08,0.0005456014457506098,0.0005543685549999899
glass,10000,quality_refinement,adaptive-100,adaptive-10,0.0038,1.5857564254528767e-08,0.00404238076114411,8.290648219930175e-08,0.025179753574066738,4.6779329758951853e-11,4.568015887773669e-08,0.00110902751626768,0.0011177946639999992
glass,10000,quality_refinement,adaptive-100,adaptive-10,0.0039,1.778455111467049e-08,0.003899217959477297,8.743284506166918e-08,0.03134256989892816,4.221135105968026e-11,4.567971489954914e-08,0.0005737835822957615,0.0005825509486999947
glass,10000,quality_refinement,adaptive-100,adaptive-10,0.004,1.8139161196599493e-08,0.004055870753156688,9.916298423305943e-08,0.036157578398789914,3.7643389816047133e-11,4.568015410377768e-08,0.0016058620239768479,0.0016146291390000123
glass,10000,quality_refinement,adaptive-100,adaptive-10,0.0041,1.7536202671367437e-08,0.00458316986404636,1.0342375891547731e-07,0.02588629292736122,3.3075568759785204e-11,4.567737688088158e-08,0.00037401160678762757,0.0003652443580000053
glass,10000,quality_refinement,adaptive-100,adaptive-10,0.0042,1.9077882320229097e-08,0.004451532471158661,9.66375016877008e-08,0.020931813237744748,2.850783866809637e-11,4.567719591452857e-08,6.681127378868612e-05,5.8044031000015206e-05
glass,10000,quality_refinement,adaptive-100,adaptive-10,0.0043,1.890490618325287e-08,0.004796448750673379,1.0680590208750979e-07,0.027909230847314316,2.3940063798920418e-11,4.567803901789347e-08,7.369926299805041e-05,6.493207800001288e-05
glass,10000,quality_refinement,adaptive-100,adaptive-10,0.0044,2.2040219803984477e-08,0.0044434085826502824,7.043385807102283e-08,0.02661674596488763,1.9372267896226642e-11,4.56781532598427e-08,0.000456475768431136,0.00044770863099999336
glass,10000,quality_refinement,adaptive-100,adaptive-10,0.0045,2.1072670639886362e-08,0.005101725064724442,7.929163173270304e-08,0.042643552943803585,1.4804468632522284e-11,4.567780476083527e-08,0.0025110486501153106,0.002519815898999994
glass,10000,quality_refinement,adaptive-100,adaptive-10,0.0046,2.1965504018557688e-08,0.005320411621242655,8.861086364664318e-08,0.04208646435030056,1.023673767375669e-11,4.567651690212671e-08,0.0012722497167388103,0.001263482335999988
glass,10000,quality_refinement,adaptive-100,adaptive-10,0.0047,2.3185453735015164e-08,0.005276681114134718,6.673103022951146e-08,0.03283250329918776,5.669068515056163e-12,4.567679701139582e-08,0.0005133765019110781,0.0005221438619999741
glass,10000,quality_refinement,adaptive-100,adaptive-10,0.0048,2.3836564466114393e-08,0.00548625594170007,9.813790930307788e-08,0.03597117733081079,1.1015864961515945e-12,4.567228850671512e-08,0.0003324095099847546,0.0003411771659999896
glass,10000,quality_refinement,adaptive-100,adaptive-10,0.0049,2.5180864104315716e-08,0.005525895675832234,1.0397277715873846e-07,0.028912248498055116,3.4656548495062966e-12,4.567155909018794e-08,0.0023183801016042893,0.0023271476989999984
glass,10000,quality_refinement,adaptive-100,adaptive-10,0.005,2.499287619607167e-08,0.005926341568549764,9.215538421258886e-08,0.02606160498270338,8.032849993883663e-12,4.567259137555624e-08,0.0001653473413048001,0.0001741148069999976
glass,10000,fixed_comparison,adaptive-10,fixed,0.0,0.0,0.0,0.0,0.0,0.0,0.0,0.0,0.0
glass,10000,fixed_comparison,adaptive-10,fixed,0.0001,9.672677970807343e-16,0.0,1.3732700395566711e-15,0.0,5.150936895155249e-16,0.0,0.0,2.04739375744712e-18
glass,10000,fixed_comparison,adaptive-10,fixed,0.0002,9.171896199635918e-16,7.834857227432894e-11,2.489661208481162e-15,1.4205058230925358e-09,6.16150870091073e-16,5.551115123125783e-17,5.021564822101801e-19,1.37322761938334e-18
glass,10000,fixed_comparison,adaptive-10,fixed,0.0003,8.749026833425155e-16,1.0452318603867418e-10,2.8812707309937362e-15,2.2713948444056314e-09,6.233191867098198e-16,5.551115123125783e-17,8.93721443113496e-19,1.31579347306512e-18
glass,10000,fixed_comparison,adaptive-10,fixed,0.0004,8.644396803367614e-16,1.1275035380131028e-10,3.682507016207763e-15,2.3198247273481182e-09,6.235631026817059e-16,8.326672684688674e-17,1.0385966280814335e-18,1.25338792458083e-18
glass,10000,fixed_comparison,adaptive-10,fixed,0.0005,9.240504308221075e-16,1.4810707540493651e-10,3.515219270996975e-15,3.067777103837189e-09,6.248021086898131e-16,5.20740757162067e-16,1.7838378014252394e-18,1.3878007155938201e-18
glass,10000,fixed_comparison,adaptive-10,fixed,0.0006,9.029725631763817e-16,1.5700143315047226e-10,5.5015058715799556e-15,3.6014572865587366e-09,6.235993399155125e-16,4.379755957367587e-16,2.0279252143440316e-18,1.48309750189639e-18
glass,10000,fixed_comparison,adaptive-10,fixed,0.0007,8.806529105839666e-16,1.572963324396818e-10,3.972757644415143e-15,3.2705487329763124e-09,6.229309717545164e-16,4.552252871008668e-16,2.012624029928506e-18,1.48457271608458e-18
glass,10000,fixed_comparison,adaptive-10,fixed,0.0008,9.598280937671747e-16,1.4704018881704865e-10,4.565517999319921e-15,3.787325384416496e-09,6.202147379674622e-16,6.871957671317179e-16,1.739134072280413e-18,1.8097031657668897e-18
glass,10000,fixed_comparison,adaptive-10,fixed,0.0009,9.454977917457053e-16,1.657056129597811e-10,5.077620660557215e-15,4.0206746731597806e-09,6.192518302661935e-16,9.371360918460988e-16,2.210677114811139e-18,1.87963981132549e-18
glass,10000,fixed_comparison,adaptive-10,fixed,0.001,9.770436234671823e-16,1.4553770772230964e-10,5.678576427667798e-15,3.0010179181486427e-09,6.171173739951275e-16,2.97322581626056e-13,1.7122273311592799e-18,2.4196279781954e-18
glass,10000,fixed_comparison,adaptive-10,fixed,0.0011,4.466951187022491e-09,0.0010209145158286963,2.579945554607943e-08,0.01732813855728313,5.68529002110957e-11,2.942902346148024e-06,4.5430248665018214e-05,0.0007278325499999738
glass,10000,fixed_comparison,adaptive-10,fixed,0.0012,8.417595325104888e-09,0.002050290955561711,6.550932662992846e-08,0.0273959908693366,5.6266648894581616e-11,1.1002674450422134e-06,0.00024403009929865882,2.925075999993254e-05
glass,10000,fixed_comparison,adaptive-10,fixed,0.0013,1.1825507851733963e-08,0.0030445524350533396,9.103059488452927e-08,0.04218292662228591,1.4832824595406537e-10,1.2146920478850465e-05,0.000712121579979047,0.0030964369799999503
glass,10000,fixed_comparison,adaptive-10,fixed,0.0014,1.6191458137045328e-08,0.0035451694152975246,7.155784206847039e-08,0.06118721732528722,1.5809546098556804e-10,1.1715498913669742e-05,7.846340913941763e-05,0.0021461247799998695
glass,10000,fixed_comparison,adaptive-10,fixed,0.0015,1.848181693194368e-08,0.004656770952270295,8.832422912496973e-08,0.0818231927035923,7.970907258890774e-10,5.527344808686774e-06,0.00072801854478792,0.0021591266300000633
glass,10000,fixed_comparison,adaptive-10,fixed,0.0016,2.2412590091473972e-08,0.005235660971743034,1.12770146931246e-07,0.03705482236397788,1.3010159544743863e-09,4.3997830986297615e-06,0.000420487322106769,0.006034249310000073
glass,10000,fixed_comparison,adaptive-10,fixed,0.0017,2.6734013634071415e-08,0.005748205032235917,1.6778995644273067e-07,0.03527910913421647,1.6282296021447184e-09,5.65640246841248e-06,0.00012652412681490866,0.00219235183000005
glass,10000,fixed_comparison,adaptive-10,fixed,0.0018,3.126911240246507e-08,0.00615986778535782,1.413786498457845e-07,0.0356075347724405,1.7917675158245298e-09,7.95521493124357e-09,0.00023923951168228208,2.6840759000001935e-05
glass,10000,fixed_comparison,adaptive-10,fixed,0.0019,3.4324803315015945e-08,0.007348278374128257,1.3086643985994631e-07,0.04826841023690598,1.7909720030803107e-09,7.955322733899252e-09,0.001364729370608303,0.001152330587999989
glass,10000,fixed_comparison,adaptive-10,fixed,0.002,3.584119673777568e-08,0.00870144311570124,1.252783237842836e-07,0.04896979694256203,1.790176498684446e-09,7.954667369247824e-09,0.0007657761574684924,0.0005533772859999952
glass,10000,fixed_comparison,adaptive-10,fixed,0.0021,4.231461731488383e-08,0.008262705711385921,1.98230757780804e-07,0.03618485235346258,1.7893809256585857e-09,7.955712977292423e-09,0.0010576160620647257,0.001270014846000006
glass,10000,fixed_comparison,adaptive-10,fixed,0.0022,4.256790246831195e-08,0.009812039125914614,2.2478651343516703e-07,0.04277649215771695,1.7885853580537343e-09,7.95557975052946e-09,0.002246250923360879,0.0020338521390000086
glass,10000,fixed_comparison,adaptive-10,fixed,0.0023,4.834928094434601e-08,0.010095831650924519,2.4888781433030083e-07,0.05494808003947205,1.7877897708248274e-09,7.956049263846582e-09,0.0016737557412463688,0.001461356982000006
glass,10000,fixed_comparison,adaptive-10,fixed,0.0024,4.807454807562524e-08,0.011667761990747726,2.030237497285814e-07,0.04826358139163349,1.7869941645139616e-09,7.954936487309e-09,0.0038197354941464645,0.003607336655999993
glass,10000,fixed_comparison,adaptive-10,fixed,0.0025,5.5117348882708144e-08,0.011606102811728865,2.9130627529627695e-07,0.07234715143689206,1.786198689879445e-09,7.954406577859346e-09,0.0019337029148896734,0.001721304034000004
glass,10000,fixed_comparison,adaptive-10,fixed,0.0026,5.4572364570439186e-08,0.013020768605383466,2.1795134513835634e-07,0.05855849460409917,1.7854032292311428e-09,7.954921055208943e-09,0.0011967511827597754,0.0014091500099999987
glass,10000,fixed_comparison,adaptive-10,fixed,0.0027,6.128637172898179e-08,0.01295940599310426,4.030643286911939e-07,0.04714690860309412,1.7846077393093786e-09,7.954803038501432e-09,0.0023890842352601027,0.0021766853690000088
glass,10000,fixed_comparison,adaptive-10,fixed,0.0028,6.390259744146934e-08,0.013936786084087958,1.7495984266188037e-07,0.08133097442803242,1.7838119749760433e-09,7.958766201632444e-09,0.0021216878317730503,0.002334086382
glass,10000,fixed_comparison,adaptive-10,fixed,0.0029,6.336482908337451e-08,0.015163141046919673,2.535866690592248e-07,0.07357870266444222,1.7830161253973113e-09,7.95865140457169e-09,0.0015554378046031547,0.0013430392659000007
glass,10000,fixed_comparison,adaptive-10,fixed,0.003,7.00498834414638e-08,0.014536223660097786,3.779140091419997e-07,0.04199252954322674,1.7822205321714063e-09,7.954875314020343e-09,0.0007483921620611844,0.0005359930130000023
glass,10000,fixed_comparison,adaptive-10,fixed,0.0031,7.202666435818727e-08,0.01554391124340978,3.4615482213951054e-07,0.05247680131052346,1.7814250611892988e-09,7.954596759063456e-09,0.001499704203064639,0.0017121033699999955
glass,10000,fixed_comparison,adaptive-10,fixed,0.0032,7.331163435020507e-08,0.016526964868295205,4.2630359403661444e-07,0.06795093608735514,1.780629592328162e-09,7.95466770231473e-09,0.0028936304374042876,0.0026812312650000003
glass,10000,fixed_comparison,adaptive-10,fixed,0.0033,7.706014854284928e-08,0.016817920399984858,2.3328988021931174e-07,0.08117459832484386,1.779834085804552e-09,7.954120695430489e-09,0.0021278311337775135,0.0023402301830000027
glass,10000,fixed_comparison,adaptive-10,fixed,0.0034,8.105222708102538e-08,0.016914194811350477,3.864281177545781e-07,0.06129599828969478,1.7790387025953866e-09,7.953988356845955e-09,0.005407989752246045,0.005195590732999994
glass,10000,fixed_comparison,adaptive-10,fixed,0.0035,8.243115895484028e-08,0.018196676622735636,3.418662658238869e-07,0.05418796683668126,1.7782432976208642e-09,7.954168768087463e-09,0.004685411511627768,0.0044730125490000106
glass,10000,fixed_comparison,adaptive-10,fixed,0.0036,9.123353547979554e-08,0.017549861579951954,3.306438424166558e-07,0.10488464437146172,1.777447863264461e-09,7.954390368603162e-09,0.0046731229472999625,0.004460723981000003
glass,10000,fixed_comparison,adaptive-10,fixed,0.0037,8.832374867039666e-08,0.018563860068855957,3.214317422975926e-07,0.07976123128550228,1.776652413187128e-09,7.954325531578524e-09,0.0013924139513443456,0.0016048128080000112
glass,10000,fixed_comparison,adaptive-10,fixed,0.0038,8.692428671457819e-08,0.01961983380124001,2.8894679232616127e-07,0.06520987786610877,1.7758569815412293e-09,7.954373271168583e-09,0.0016208398390320788,0.0018332386769999987
glass,10000,fixed_comparison,adaptive-10,fixed,0.0039,9.360274670402982e-08,0.01966970035115636,3.365954704959151e-07,0.08329243809564324,1.775061570169915e-09,7.95409405007789e-09,0.0035507564669290392,0.0037631555247999993
glass,10000,fixed_comparison,adaptive-10,fixed,0.004,8.933366962529658e-08,0.02093224403710809,2.1735812113724096e-07,0.10116121370869482,1.774266178747919e-09,7.954103264929004e-09,0.003944040716482494,0.004156439597000017
glass,10000,fixed_comparison,adaptive-10,fixed,0.0041,1.0174312808125909e-07,0.018907513039275008,4.489667887463966e-07,0.08297182288723137,1.7734709539677953e-09,7.951393876659709e-09,0.0035373750981699537,0.0033249760840000087
glass,10000,fixed_comparison,adaptive-10,fixed,0.0042,1.0133372941283082e-07,0.020183497506821045,3.4393652020847654e-07,0.11087546233685297,1.772675818417511e-09,7.951252212201767e-09,0.0008660988676726933,0.0006536998610000011
glass,10000,fixed_comparison,adaptive-10,fixed,0.0043,1.0360478597988838e-07,0.020042280976634845,3.489664029357311e-07,0.07223356331629605,1.7718806377644158e-09,7.952094316365953e-09,0.0006180809821625388,0.0008304799309999944
glass,10000,fixed_comparison,adaptive-10,fixed,0.0044,1.0655123831409615e-07,0.02114447198347829,3.3074625098277466e-07,0.05869552938634038,1.7710854373788415e-09,7.952201119820922e-09,0.0008039423119907962,0.0005915434120000035
glass,10000,fixed_comparison,adaptive-10,fixed,0.0045,9.894013483260319e-08,0.022582920402193965,3.2866090704519735e-07,0.11670360283109582,1.7702902011061754e-09,7.952477010242533e-09,0.005576904670471977,0.005789303587
glass,10000,fixed_comparison,adaptive-10,fixed,0.0046,1.1103991603162955e-07,0.021380216965796717,5.059205214485996e-07,0.09041267831337652,1.7694949819639025e-09,7.951463043554143e-09,0.005035573447804226,0.004823174425999999
glass,10000,fixed_comparison,adaptive-10,fixed,0.0047,1.0784106063973868e-07,0.022716529596837867,2.925741637571644e-07,0.08534043356127285,1.7686997966487367e-09,7.952079106310507e-09,0.0011571445816053738,0.0009447456540000176
glass,10000,fixed_comparison,adaptive-10,fixed,0.0048,1.131952403831739e-07,0.02203047009877768,2.8054553080572224e-07,0.08759351470503407,1.7679047791680692e-09,7.947609348413363e-09,0.003314052801100642,0.0035264519999999855
glass,10000,fixed_comparison,adaptive-10,fixed,0.0049,1.1498437541580175e-07,0.02244598341727428,3.200488189747386e-07,0.0865103509681362,1.7671100019466034e-09,7.946911906309294e-09,0.008336026304164107,0.008548425444000002
glass,10000,fixed_comparison,adaptive-10,fixed,0.005,1.1841227585056361e-07,0.022271482523761,6.534109519840126e-07,0.09730843070921402,1.7663153103771112e-09,7.947391744700537e-09,0.0006149672273839668,0.0008273662989999875
iron,10000,fixed_comparison,adaptive-1000,fixed,0.0,0.0,0.0,0.0,0.0,0.0,0.0,0.0,0.0
iron,10000,fixed_comparison,adaptive-1000,fixed,0.0001,9.672677970807343e-16,0.0,1.3732700395566711e-15,0.0,5.150975546487455e-16,0.0,0.0,6.1714297546063105e-18
iron,10000,fixed_comparison,adaptive-1000,fixed,0.0002,8.93571835601364e-16,1.0085800436207284e-10,2.5766384504411325e-15,2.527418179125719e-09,6.38452966490116e-16,0.0,2.6195842140591123e-18,3.3707230603203e-18
iron,10000,fixed_comparison,adaptive-1000,fixed,0.0003,8.629320297509316e-16,1.3514247899345e-10,2.6109795526099966e-15,3.4453019493231176e-09,6.457217896022937e-16,0.0,4.7032209921836444e-18,3.6695276308549e-18
iron,10000,fixed_comparison,adaptive-1000,fixed,0.0004,8.231439534686403e-16,1.1634194587999547e-10,4.681588978127104e-15,2.3418179759284117e-09,6.433144805033607e-16,3.3422138886441676e-16,3.4413949921225372e-18,4.032651046196199e-18
iron,10000,fixed_comparison,adaptive-1000,fixed,0.0005,8.204398409179041e-16,1.3138684534609248e-10,2.854104639423764e-15,3.663776121818089e-09,6.469716322378164e-16,6.4796043696850615e-16,4.421315141701184e-18,3.152506084597e-18
iron,10000,fixed_comparison,adaptive-1000,fixed,0.0006,8.425646609623784e-16,1.2191487427653333e-10,4.583369225951387e-15,2.556311560360266e-09,6.472222835795274e-16,2.618455766672135e-16,3.7893449576301135e-18,3.8465117614738e-18
iron,10000,fixed_comparison,adaptive-1000,fixed,0.0007,8.554138414929437e-16,1.185491542259806e-10,4.6764850365953675e-15,3.264637070395373e-09,6.456968040793387e-16,7.406111315403549e-16,3.58243303663881e-18,4.1860428893706e-18
iron,10000,fixed_comparison,adaptive-1000,fixed,0.0008,8.302309790493193e-16,1.2151385521395682e-10,5.7757778996179055e-15,2.4654436512356855e-09,6.455070141268056e-16,4.577566798522237e-16,3.696916407730923e-18,4.1827909206319e-18
iron,10000,fixed_comparison,adaptive-1000,fixed,0.0009,8.743406578977208e-16,1.3766854711373358e-10,5.440889319052701e-15,4.7857809956708364e-09,6.436723052399791e-16,7.108895957933346e-16,4.7505056310255715e-18,4.6277891962806e-18
iron,10000,fixed_comparison,adaptive-1000,fixed,0.001,8.881356606813251e-16,1.3296980125254035e-10,5.806904892565739e-15,3.4078398177780296e-09,6.405685409676949e-16,6.12945927330694e-15,4.5514754495599044e-18,4.8703476894477006e-18
iron,10000,fixed_comparison,adaptive-1000,fixed,0.0011,1.6902259314393947e-09,0.0005646554766028229,2.1199535479726647e-08,0.017724941828155736,1.8918862796963272e-11,1.1059493167930867e-06,3.5560458742728285e-05,0.0010342770000000279
iron,10000,fixed_comparison,adaptive-1000,fixed,0.0012,2.5275373810721275e-09,0.0007199076762428868,3.203205999666527e-08,0.016015556245022506,2.394565059174031e-11,2.1380970871565097e-07,0.00011913340495925406,0.00039090052999979363
iron,10000,fixed_comparison,adaptive-1000,fixed,0.0013,3.4776394947326303e-09,0.0009403182944716756,2.5850866850702725e-08,0.022924254402939583,2.0805521377253787e-11,3.2277266668323534e-06,0.00024663860181113606,0.005454610330000165
iron,10000,fixed_comparison,adaptive-1000,fixed,0.0014,3.750550317906817e-09,0.0009569287603577089,5.032694609885352e-08,0.016421613183260898,1.7374639064577186e-11,7.167191640178316e-07,0.00023312484021535684,0.0017646776499997685
iron,10000,fixed_comparison,adaptive-1000,fixed,0.0015,3.410994867862147e-09,0.0008551641576826863,4.151820733815172e-08,0.019468647789030107,1.0729390032995654e-12,2.5051413383714305e-06,0.00018375856593161322,0.005366280069999618
iron,10000,fixed_comparison,adaptive-1000,fixed,0.0016,1.0226571966520311e-09,0.0002842980755859731,1.0023546676256908e-08,0.004437520472671487,6.704748059199714e-13,2.980454434087232e-07,5.246192912822245e-05,0.000679945830000861
iron,10000,fixed_comparison,adaptive-1000,fixed,0.0017,2.9098789185527078e-09,0.0008839973849390247,1.666485007891704e-08,0.017688739610125282,4.396247514198797e-12,4.2746708513174976e-08,0.0002525283367641601,0.0005498429399999338
iron,10000,fixed_comparison,adaptive-1000,fixed,0.0018,7.295836037055887e-09,0.001882233800125438,4.9415879495436964e-08,0.024899938691713197,1.9442286799702666e-10,1.83566378689215e-06,0.0003217372998229398,0.004500664170000057
iron,10000,fixed_comparison,adaptive-1000,fixed,0.0019,1.168680416171915e-08,0.0025700859490321902,7.515705479379825e-08,0.02248048151574004,4.112800378046773e-10,1.978467852437049e-06,0.0013230855586824491,0.005415675440000101
iron,10000,fixed_comparison,adaptive-1000,fixed,0.002,1.4894097434743423e-08,0.0034630145521971573,7.66845287990273e-08,0.01647914915274734,6.237731802440352e-10,1.6722161033655425e-06,0.0006884077927472171,0.0002542113999997042
iron,10000,fixed_comparison,adaptive-1000,fixed,0.0021,2.012055562090744e-08,0.004235867007057025,7.853281761197977e-08,0.01397645998070952,8.40849223582522e-10,1.25409182316627e-06,5.656760010465389e-05,0.00850938510999999
iron,10000,fixed_comparison,adaptive-1000,fixed,0.0022,2.559792325471401e-08,0.004962136850156735,1.2423019812857206e-07,0.02235756483458165,1.044351508918033e-09,6.486282930762144e-07,0.00019381852470398697,0.0027105448239999053
iron,10000,fixed_comparison,adaptive-1000,fixed,0.0023,2.6344681646089256e-08,0.005776209441086738,9.852045398939246e-08,0.03296751741719262,1.164265738722537e-09,7.424071567507795e-07,0.0012555249513390293,0.0011013880230000272
iron,10000,fixed_comparison,adaptive-1000,fixed,0.0024,2.7592352726999987e-08,0.006311921251143844,9.07582651532568e-08,0.024842783680087212,1.244096308611485e-09,2.595866344101694e-08,0.0009470957723094059,0.0009149192869999934
iron,10000,fixed_comparison,adaptive-1000,fixed,0.0025,3.1048052931084686e-08,0.00634465138473583,1.4850344010172625e-07,0.027801942357301674,1.2466921705049809e-09,2.5958662663860828e-08,0.0008781100844905132,0.0008459335964999953
iron,10000,fixed_comparison,adaptive-1000,fixed,0.0026,3.260403802207438e-08,0.0068130697468001674,1.4860355429524574e-07,0.025150738872075768,1.2492880410720907e-09,2.595865644661189e-08,0.0008313158372725074,0.0008634923259999983
iron,10000,fixed_comparison,adaptive-1000,fixed,0.0027,3.315686705634719e-08,0.007463481188964004,1.2270960123017538e-07,0.02492672019721409,1.2518839086034373e-09,2.5958646121537757e-08,0.0022820042791806827,0.0023141807703000034
iron,10000,fixed_comparison,adaptive-1000,fixed,0.0028,3.46665666433362e-08,0.007987596704504562,1.4812513868950328e-07,0.04647254294505798,1.2544797724484964e-09,2.5958639682244218e-08,0.0011863793357763525,0.0012185558302000021
iron,10000,fixed_comparison,adaptive-1000,fixed,0.0029,3.7914490058381754e-08,0.007951418974991336,1.4607401119248742e-07,0.03614308744520056,1.2570756404135233e-09,2.595866188670471e-08,0.0006275153270295375,0.0006596918239999972
iron,10000,fixed_comparison,adaptive-1000,fixed,0.003,4.1084843436434844e-08,0.008374611308038514,1.0787608071557949e-07,0.03476703664787861,1.2596715124985203e-09,2.5958720839547318e-08,0.0007017973380340076,0.0007339738380000016
iron,10000,fixed_comparison,adaptive-1000,fixed,0.0031,4.335299290522419e-08,0.008198583717985094,1.811821234015687e-07,0.030384443017067886,1.262267385721928e-09,2.5958723282037972e-08,0.0023962544959829635,0.002364077998800007
iron,10000,fixed_comparison,adaptive-1000,fixed,0.0032,4.496888891151554e-08,0.008684649480789876,2.7207592762090727e-07,0.029307244689369738,1.2648632569395626e-09,2.595872605759553e-08,0.0005959700928577227,0.0006281465938999947
iron,10000,fixed_comparison,adaptive-1000,fixed,0.0033,4.704448565369249e-08,0.009044379832282344,1.5740290607024754e-07,0.03699347422441035,1.267459128482457e-09,2.5958740601517156e-08,0.0025349225535294534,0.0025027460510999994
iron,10000,fixed_comparison,adaptive-1000,fixed,0.0034,4.596730078624222e-08,0.009822846560597703,1.9157226111010672e-07,0.032820043881024,1.2700550023021745e-09,2.595874670774379e-08,0.0022577695799240044,0.0022899460857000037
iron,10000,fixed_comparison,adaptive-1000,fixed,0.0035,5.066249205958713e-08,0.009392257273490273,1.8791018921437974e-07,0.02474424071127524,1.2726508762099843e-09,2.5958537763770554e-08,0.002196809429744581,0.0021646328943000087
iron,10000,fixed_comparison,adaptive-1000,fixed,0.0036,5.3170979890346384e-08,0.00974939930102612,1.7288400433468354e-07,0.03101583700480881,1.2752467286878598e-09,2.595860149057217e-08,0.005870444484573009,0.005902621019100003
iron,10000,fixed_comparison,adaptive-1000,fixed,0.0037,5.597901919667912e-08,0.009642445133982892,3.1646460579848323e-07,0.03516902512178288,1.2778425917367066e-09,2.5958575733398e-08,0.0026463792196378816,0.002614202686000003
iron,10000,fixed_comparison,adaptive-1000,fixed,0.0038,5.4228117159408896e-08,0.01025303148317874,1.6168454243951154e-07,0.02836726904385989,1.2804384504724619e-09,2.595857673259872e-08,0.0008619575683574271,0.0008941341026000027
iron,10000,fixed_comparison,adaptive-1000,fixed,0.0039,5.611200021541966e-08,0.010262423889439001,1.7695320166793982e-07,0.03941680772196643,1.2830343050475917e-09,2.5958597271724674e-08,0.0033431738424315877,0.00331099730779999
iron,10000,fixed_comparison,adaptive-1000,fixed,0.004,5.6418237344246117e-08,0.010320473759423987,1.534124948882054e-07,0.04212469129785035,1.2856301634716408e-09,2.5958586946650548e-08,0.007347731321132894,0.00737990785699999
iron,10000,fixed_comparison,adaptive-1000,fixed,0.0041,6.004852276127753e-08,0.010366521960382218,1.7521028525191034e-07,0.040164226869322195,1.2882260199983364e-09,2.595854908804541e-08,0.006338711779857495,0.006370888312799999
iron,10000,fixed_comparison,adaptive-1000,fixed,0.0042,5.7610587301757773e-08,0.010859937866361753,2.2726345216828037e-07,0.056583937896001024,1.2908218749529372e-09,2.595851444908704e-08,0.0014776527299999037,0.0014454762004000032
iron,10000,fixed_comparison,adaptive-1000,fixed,0.0043,6.240827210070292e-08,0.010579915910109962,1.738708969713215e-07,0.042834693827178305,1.293417724052846e-09,2.5958513449886318e-08,0.0011029636520709651,0.0011351401819999912
iron,10000,fixed_comparison,adaptive-1000,fixed,0.0044,6.246187942535274e-08,0.01071488475158595,2.160049080712767e-07,0.03743945856273425,1.296013577055882e-09,2.5958513005797108e-08,0.0057866079382540014,0.005754431408099996
iron,10000,fixed_comparison,adaptive-1000,fixed,0.0045,6.609088546579328e-08,0.010085547813348961,2.0227058541988363e-07,0.03967275762559811,1.2986094277820933e-09,2.5958475591281178e-08,0.0005189019096451808,0.00048672537900000534
iron,10000,fixed_comparison,adaptive-1000,fixed,0.0046,6.2736547230805e-08,0.011146198840945535,2.9852010335895685e-07,0.02942661683737123,1.3012052741714966e-09,2.595843828778755e-08,0.004422192102246661,0.004390015570599995
iron,10000,fixed_comparison,adaptive-1000,fixed,0.0047,6.938953327246936e-08,0.00993978284489291,2.0134085627898646e-07,0.05179476954042472,1.3038011183924965e-09,2.59584360673415e-08,0.0013641274380561397,0.001396303966599996
iron,10000,fixed_comparison,adaptive-1000,fixed,0.0048,6.634573980738671e-08,0.010772205579982007,1.7083574426313733e-07,0.03581020850936622,1.3063969632640173e-09,2.5958423188754416e-08,0.0011460187939482114,0.0011138422660000036
iron,10000,fixed_comparison,adaptive-1000,fixed,0.0049,6.881402159154377e-08,0.010880020481769791,2.006665403807284e-07,0.027080478831302202,1.3089928039071499e-09,2.5958444282991884e-08,0.0036717893902105253,0.0036396128589
iron,10000,fixed_comparison,adaptive-1000,fixed,0.005,7.137594739591648e-08,0.010889526673682214,2.125340230474393e-07,0.03620649270860954,1.311588644550281e-09,2.595837333974061e-08,0.002445103217230002,0.002412926688799999
iron,10000,quality_refinement,adaptive-1000,adaptive-100,0.0,0.0,0.0,0.0,0.0,0.0,0.0,0.0,0.0
iron,10000,quality_refinement,adaptive-1000,adaptive-100,0.0001,0.0,0.0,0.0,0.0,0.0,0.0,0.0,0.0
iron,10000,quality_refinement,adaptive-1000,adaptive-100,0.0002,0.0,0.0,0.0,0.0,0.0,0.0,0.0,0.0
iron,10000,quality_refinement,adaptive-1000,adaptive-100,0.0003,0.0,0.0,0.0,0.0,0.0,0.0,0.0,0.0
iron,10000,quality_refinement,adaptive-1000,adaptive-100,0.0004,0.0,0.0,0.0,0.0,0.0,0.0,0.0,0.0
iron,10000,quality_refinement,adaptive-1000,adaptive-100,0.0005,0.0,0.0,0.0,0.0,0.0,0.0,0.0,0.0
iron,10000,quality_refinement,adaptive-1000,adaptive-100,0.0006,0.0,0.0,0.0,0.0,0.0,0.0,0.0,0.0
iron,10000,quality_refinement,adaptive-1000,adaptive-100,0.0007,0.0,0.0,0.0,0.0,0.0,0.0,0.0,0.0
iron,10000,quality_refinement,adaptive-1000,adaptive-100,0.0008,0.0,0.0,0.0,0.0,0.0,0.0,0.0,0.0
iron,10000,quality_refinement,adaptive-1000,adaptive-100,0.0009,0.0,0.0,0.0,0.0,0.0,0.0,0.0,0.0
iron,10000,quality_refinement,adaptive-1000,adaptive-100,0.001,0.0,0.0,0.0,0.0,0.0,0.0,0.0,0.0
iron,10000,quality_refinement,adaptive-1000,adaptive-100,0.0011,2.358145179644391e-10,8.442673951360393e-05,2.2228320784667633e-09,0.0027642638076367295,2.6415386809513304e-12,1.6015839965355383e-07,1.1148951840483923e-06,0.0001555625500000435
iron,10000,quality_refinement,adaptive-1000,adaptive-100,0.0012,1.2077804194562842e-09,0.0003171520610816167,1.638131749998915e-08,0.006356786667979605,1.0933340604526118e-11,7.97561661158852e-09,4.902192203518063e-05,2.9695230000292838e-05
iron,10000,quality_refinement,adaptive-1000,adaptive-100,0.0013,2.15987141221024e-09,0.0004874163685349686,3.251660784588848e-08,0.009383445342637986,1.145062755565673e-11,1.6848774723188242e-06,0.00010103949526639455,0.002793118680000095
iron,10000,quality_refinement,adaptive-1000,adaptive-100,0.0014,2.8673083274666517e-09,0.0008772069370070402,2.7074686722718685e-08,0.015590300095460297,1.4755047878082984e-11,5.402351480610079e-07,0.00019861145506304412,0.0013478195600002962
iron,10000,quality_refinement,adaptive-1000,adaptive-100,0.0015,4.523924718353513e-09,0.0013671153992693232,2.4975075276833433e-08,0.03250216140130361,5.364876295299282e-12,3.6647981724313716e-06,0.0001919337996025422,0.007689327850000538
iron,10000,quality_refinement,adaptive-1000,adaptive-100,0.0016,7.934055763031444e-09,0.002053912610672332,4.996890828882748e-08,0.02860706472098235,9.340551552893497e-12,2.266146193058427e-06,0.00011558348670900886,0.00484605688999995
iron,10000,quality_refinement,adaptive-1000,adaptive-100,0.0017,1.2827863998737863e-08,0.0027239328428476576,7.885293800733704e-08,0.013728737223056101,1.914963326807852e-11,8.885182227608146e-07,0.0010412809649014976,0.005982852750000767
iron,10000,quality_refinement,adaptive-1000,adaptive-100,0.0018,1.7331648686502065e-08,0.0038982063520087424,9.232162119510168e-08,0.021898328103351135,6.776262782230036e-10,6.563134967441098e-06,0.0007585654576019105,0.008046375789999338
iron,10000,quality_refinement,adaptive-1000,adaptive-100,0.0019,2.3144139143169396e-08,0.0046208172577722135,1.1610567882125444e-07,0.02259496810038525,1.3726085905906024e-09,6.813754737378108e-06,0.002012167169442622,0.02148507112000031
iron,10000,quality_refinement,adaptive-1000,adaptive-100,0.002,2.5600246600378326e-08,0.006004558748256399,1.1056281865040596e-07,0.031505663102666906,2.018785170716104e-09,5.598913402793393e-06,0.0005767662384891376,0.009939158669999948
iron,10000,quality_refinement,adaptive-1000,adaptive-100,0.0021,3.117705012206073e-08,0.006597590087985163,1.0256997247724264e-07,0.025076820477864643,2.6102472457795187e-09,4.298022381776789e-06,0.00014548591185861715,0.015743217029999812
iron,10000,quality_refinement,adaptive-1000,adaptive-100,0.0022,3.760193335433764e-08,0.007075602837383037,1.8968969109356415e-07,0.022946732388224138,3.11915429639445e-09,2.9484193735385134e-06,0.0012341666090323333,0.005254986924999927
iron,10000,quality_refinement,adaptive-1000,adaptive-100,0.0023,3.809756327632475e-08,0.007771901027883421,1.6430750637841385e-07,0.03686602625359192,3.432114640449305e-09,2.2361308086304987e-06,0.001436848692312545,0.0053992662400000335
iron,10000,quality_refinement,adaptive-1000,adaptive-100,0.0024,3.901380616868245e-08,0.00843945001581403,1.2521898250304264e-07,0.03588332860845489,3.6126201132143103e-09,2.413473223494833e-07,0.0009346996209933373,0.0009454386180000052
iron,10000,quality_refinement,adaptive-1000,adaptive-100,0.0025,4.163511482708597e-08,0.00869218659001501,1.7208851802298728e-07,0.031156802165710817,3.5884853723505004e-09,2.4134757303784227e-07,0.0007053046285347697,0.0007160437355999971
iron,10000,quality_refinement,adaptive-1000,adaptive-100,0.0026,4.5037182378014856e-08,0.008875998355821152,2.201277053692774e-07,0.03361007623185895,3.5643506114289504e-09,2.413477585561097e-07,0.0012960514987704341,0.0012853122370000136
iron,10000,quality_refinement,adaptive-1000,adaptive-100,0.0027,4.4614820021206716e-08,0.009621075092195524,1.8586544825449636e-07,0.032311240678104015,3.5402158361959317e-09,2.413476106744028e-07,0.0052154584937730425,0.005204719154699999
iron,10000,quality_refinement,adaptive-1000,adaptive-100,0.0028,4.7529307006849906e-08,0.009609652707605306,2.0315031046269638e-07,0.05632536194083326,3.5160810911037334e-09,2.413473257911747e-07,0.00174311482532373,0.0017323754991999951
iron,10000,quality_refinement,adaptive-1000,adaptive-100,0.0029,4.8986516893106046e-08,0.009874183365857388,2.1625696089433433e-07,0.038226532636972066,3.491946429278262e-09,2.413461280825757e-07,0.0021932676159631265,0.002182528224999994
iron,10000,quality_refinement,adaptive-1000,adaptive-100,0.003,5.5471289560895216e-08,0.009318083982700039,1.5417543986612475e-07,0.04433186300041314,3.4678118818903297e-09,2.4134554243993023e-07,0.0010575318753057866,0.001068271559099998
iron,10000,quality_refinement,adaptive-1000,adaptive-100,0.0031,5.4677745791729944e-08,0.009797187700119716,1.8277607674588303e-07,0.04178806243126032,3.4436773319003124e-09,2.4134552567556256e-07,0.003289519181814235,0.0033002588669000105
iron,10000,quality_refinement,adaptive-1000,adaptive-100,0.0032,5.7142575645398234e-08,0.00983242523767761,2.799131430253343e-07,0.036159299098233566,3.4195428838795093e-09,2.413442519166864e-07,0.00026514398205354506,0.0002758835590000036
iron,10000,quality_refinement,adaptive-1000,adaptive-100,0.0033,5.840566639293852e-08,0.01018044896450607,1.7829431024467114e-07,0.048500166458967264,3.3954083841151576e-09,2.4134608911374755e-07,0.004328238006455862,0.004338977759499998
iron,10000,quality_refinement,adaptive-1000,adaptive-100,0.0034,5.846038094260173e-08,0.010259695304496328,1.8749211927460152e-07,0.03767870153362696,3.371273920915524e-09,2.413440761683816e-07,0.002138910988870618,0.002128171739799997
iron,10000,quality_refinement,adaptive-1000,adaptive-100,0.0035,5.88071433696505e-08,0.010759214782194451,2.6018637669378286e-07,0.03069150230164681,3.347139516445767e-09,2.4134443521450777e-07,0.0017488345404793187,0.001759573733200001
iron,10000,quality_refinement,adaptive-1000,adaptive-100,0.0036,6.702705181156059e-08,0.009740127507256693,2.6507307380324585e-07,0.03435372469214504,3.3230049222778993e-09,2.41346770901707e-07,0.004468838434042041,0.004458098461000003
iron,10000,quality_refinement,adaptive-1000,adaptive-100,0.0037,6.56290634448878e-08,0.010367302685913456,3.646645039545593e-07,0.026488580083022906,3.2988702586939874e-09,2.4134600751235524e-07,0.0034413673001278955,0.0034521071969999956
iron,10000,quality_refinement,adaptive-1000,adaptive-100,0.0038,6.566279668183852e-08,0.010298649447550741,2.797126531506322e-07,0.0323723610232483,3.274735647826018e-09,2.413464420536471e-07,7.853270069191343e-05,8.927272769999883e-05
iron,10000,quality_refinement,adaptive-1000,adaptive-100,0.0039,6.250205628685111e-08,0.011478269616930506,2.484740904695748e-07,0.04551192454409636,3.250601042189324e-09,2.4134645415507805e-07,0.002357920886525061,0.0023686610920999884
iron,10000,quality_refinement,adaptive-1000,adaptive-100,0.004,6.66417991345174e-08,0.010930892454547293,1.7143719384382639e-07,0.04910865518122953,3.2264663881158982e-09,2.4134688791921377e-07,0.009965221603885209,0.009954481416999991
iron,10000,quality_refinement,adaptive-1000,adaptive-100,0.0041,7.049464467874947e-08,0.0112896207155211,1.898360654990628e-07,0.04811486557125311,3.202331704226912e-09,2.413468045414646e-07,0.007948149177473524,0.007937408971799995
iron,10000,quality_refinement,adaptive-1000,adaptive-100,0.0042,6.779357577841499e-08,0.011708130631736835,2.877152541214123e-07,0.03404579955161887,3.1781970133990325e-09,2.4134657139462945e-07,7.366145019088721e-05,6.292144870000127e-05
iron,10000,quality_refinement,adaptive-1000,adaptive-100,0.0043,7.509827669311422e-08,0.011347753006652916,1.6736050507755462e-07,0.038787465150992406,3.154062373366025e-09,2.413460091776898e-07,0.00019200583250103542,0.0001812657559999986
iron,10000,quality_refinement,adaptive-1000,adaptive-100,0.0044,7.385143482748688e-08,0.011840869897475612,3.304296197215173e-07,0.03208114159024882,3.1299277765926836e-09,2.413456084982002e-07,0.007559304106294393,0.007570044144399997
iron,10000,quality_refinement,adaptive-1000,adaptive-100,0.0045,7.882690244555992e-08,0.011068675730570233,2.5917499810179656e-07,0.04700122861224987,3.1057932618934474e-09,2.413446978932754e-07,0.002326640846406873,0.0023373808510000066
iron,10000,quality_refinement,adaptive-1000,adaptive-100,0.0046,7.607152782906928e-08,0.011981556497999373,2.3549893684200625e-07,0.034086045588407,3.0816588085600537e-09,2.413443414006622e-07,0.007347079546551269,0.007357819857499989
iron,10000,quality_refinement,adaptive-1000,adaptive-100,0.0047,8.344876368900848e-08,0.011147667896923986,2.772745530607579e-07,0.047012439135095896,3.0575243559856015e-09,2.413445808757686e-07,0.0009831743997708864,0.000993914641900004
iron,10000,quality_refinement,adaptive-1000,adaptive-100,0.0048,7.928756474478291e-08,0.011691078970769436,2.0964114483148485e-07,0.04452805647859951,3.033389826432795e-09,2.4134437925926733e-07,0.0021159442223460875,0.0021266846049999982
iron,10000,quality_refinement,adaptive-1000,adaptive-100,0.0049,8.184083916536514e-08,0.01196542947725849,2.2362675503634833e-07,0.04000431998408216,3.0092552692328332e-09,2.413462538708444e-07,0.004961423186360517,0.0049721640559999974
iron,10000,quality_refinement,adaptive-1000,adaptive-100,0.005,8.304259393159645e-08,0.012251374547602525,4.0190154557140367e-07,0.03788361745673563,2.9851206445954967e-09,2.4134657217178557e-07,0.0030611447172635836,0.003071885743999997
iron,10000,fixed_comparison,adaptive-100,fixed,0.0,0.0,0.0,0.0,0.0,0.0,0.0,0.0,0.0
iron,10000,fixed_comparison,adaptive-100,fixed,0.0001,9.672677970807343e-16,0.0,1.3732700395566711e-15,0.0,5.150975546487455e-16,0.0,0.0,6.1714297546063105e-18
iron,10000,fixed_comparison,adaptive-100,fixed,0.0002,8.93571835601364e-16,1.0085800436207284e-10,2.5766384504411325e-15,2.527418179125719e-09,6.38452966490116e-16,0.0,2.6195842140591123e-18,3.3707230603203e-18
iron,10000,fixed_comparison,adaptive-100,fixed,0.0003,8.629320297509316e-16,1.3514247899345e-10,2.6109795526099966e-15,3.4453019493231176e-09,6.457217896022937e-16,0.0,4.7032209921836444e-18,3.6695276308549e-18
iron,10000,fixed_comparison,adaptive-100,fixed,0.0004,8.231439534686403e-16,1.1634194587999547e-10,4.681588978127104e-15,2.3418179759284117e-09,6.433144805033607e-16,3.3422138886441676e-16,3.4413949921225372e-18,4.032651046196199e-18
iron,10000,fixed_comparison,adaptive-100,fixed,0.0005,8.204398409179041e-16,1.3138684534609248e-10,2.854104639423764e-15,3.663776121818089e-09,6.469716322378164e-16,6.4796043696850615e-16,4.421315141701184e-18,3.152506084597e-18
iron,10000,fixed_comparison,adaptive-100,fixed,0.0006,8.425646609623784e-16,1.2191487427653333e-10,4.583369225951387e-15,2.556311560360266e-09,6.472222835795274e-16,2.618455766672135e-16,3.7893449576301135e-18,3.8465117614738e-18
iron,10000,fixed_comparison,adaptive-100,fixed,0.0007,8.554138414929437e-16,1.185491542259806e-10,4.6764850365953675e-15,3.264637070395373e-09,6.456968040793387e-16,7.406111315403549e-16,3.58243303663881e-18,4.1860428893706e-18
iron,10000,fixed_comparison,adaptive-100,fixed,0.0008,8.302309790493193e-16,1.2151385521395682e-10,5.7757778996179055e-15,2.4654436512356855e-09,6.455070141268056e-16,4.577566798522237e-16,3.696916407730923e-18,4.1827909206319e-18
iron,10000,fixed_comparison,adaptive-100,fixed,0.0009,8.743406578977208e-16,1.3766854711373358e-10,5.440889319052701e-15,4.7857809956708364e-09,6.436723052399791e-16,7.108895957933346e-16,4.7505056310255715e-18,4.6277891962806e-18
iron,10000,fixed_comparison,adaptive-100,fixed,0.001,8.881356606813251e-16,1.3296980125254035e-10,5.806904892565739e-15,3.4078398177780296e-09,6.405685409676949e-16,6.12945927330694e-15,4.5514754495599044e-18,4.8703476894477006e-18
iron,10000,fixed_comparison,adaptive-100,fixed,0.0011,1.9235263155543153e-09,0.0006487121345490048,2.274295905762973e-08,0.020489177725359704,2.156040147561117e-11,1.2661077164466406e-06,3.444556355867989e-05,0.0011898395500000714
iron,10000,fixed_comparison,adaptive-100,fixed,0.0012,3.718270906955078e-09,0.0010203135707883154,4.2393620540224154e-08,0.019649067135514047,3.4878991193246625e-11,2.0583409210406245e-07,0.0001681553269944347,0.00042059576000008647
iron,10000,fixed_comparison,adaptive-100,fixed,0.0013,5.583243856530869e-09,0.0013811175899482249,5.817848383567024e-08,0.028596826167969127,3.22561489291461e-11,4.912604139151178e-06,0.0003476780970775306,0.00824772901000026
iron,10000,fixed_comparison,adaptive-100,fixed,0.0014,6.505741407297023e-09,0.001735539754194306,7.734702972166647e-08,0.02701995480790267,3.212968693716283e-11,1.2569543120788396e-06,0.00043173629527840096,0.0031124972100000647
iron,10000,fixed_comparison,adaptive-100,fixed,0.0015,7.733069234037395e-09,0.002087005487484162,4.735532783563289e-08,0.05194466329242794,6.437815152003949e-12,6.169939510802802e-06,0.0003756923655341554,0.013055607920000156
iron,10000,fixed_comparison,adaptive-100,fixed,0.0016,8.792473188773467e-09,0.002302065795138974,4.8338990347495376e-08,0.029985027239703713,1.0011026096898354e-11,2.56419163646715e-06,0.00016804541583723132,0.005526002720000811
iron,10000,fixed_comparison,adaptive-100,fixed,0.0017,1.0161166480867997e-08,0.002179390379313145,8.18646462927568e-08,0.015070941132052009,1.4753385807824147e-11,8.457715142476396e-07,0.0007887526281373375,0.0065326956900007005
iron,10000,fixed_comparison,adaptive-100,fixed,0.0018,1.1005234132908375e-08,0.0024876286533121027,7.024750518104047e-08,0.021750689942543207,4.832034102272942e-10,4.727471180548948e-06,0.00043682815777897066,0.012547039959999395
iron,10000,fixed_comparison,adaptive-100,fixed,0.0019,1.271549720209662e-08,0.002500530159220112,6.566989334070544e-08,0.023059118565113813,9.61328552786565e-10,4.835286884941059e-06,0.0006890816107601727,0.01606939568000021
iron,10000,fixed_comparison,adaptive-100,fixed,0.002,1.2540750605075302e-08,0.003046632281087135,4.6300028227059695e-08,0.019910876140584954,1.3950119904724954e-09,3.92669729942785e-06,0.00011164155425807953,0.010193370069999652
iron,10000,fixed_comparison,adaptive-100,fixed,0.0021,1.3563666175663035e-08,0.00316346543518831,7.032856418998049e-08,0.01882205814191466,1.769398022197319e-09,3.043930558610519e-06,8.891831175396325e-05,0.0072338319199998224
iron,10000,fixed_comparison,adaptive-100,fixed,0.0022,1.5090196234315235e-08,0.0034075652965441278,6.545949296499211e-08,0.019224044126315364,2.074802787476682e-09,2.299791080462299e-06,0.0010403480843283464,0.0025444421010000218
iron,10000,fixed_comparison,adaptive-100,fixed,0.0023,1.58209940557188e-08,0.0035615262412817083,7.810303792599173e-08,0.021064273849659143,2.2678489017270086e-09,1.4937236518797192e-06,0.00018132374097351578,0.004297878217000006
iron,10000,fixed_comparison,adaptive-100,fixed,0.0024,1.708248079187024e-08,0.0036389375787502327,6.885662075335438e-08,0.015555808752292786,2.368523804603052e-09,2.6730598579050024e-07,1.2396151316068638e-05,3.051933100001181e-05
iron,10000,fixed_comparison,adaptive-100,fixed,0.0025,1.6623039023888525e-08,0.004327000957286302,8.052730889370541e-08,0.01741869592507661,2.341793201845748e-09,2.673062357017031e-07,0.00017280545595574348,0.0001298898608999982
iron,10000,fixed_comparison,adaptive-100,fixed,0.0026,1.9684207003669098e-08,0.004109393424828292,7.152415107403165e-08,0.017894042465329066,2.3150625703570857e-09,2.6730641500272156e-07,0.0004647356614979267,0.00042181991100001537
iron,10000,fixed_comparison,adaptive-100,fixed,0.0027,1.9635253050058835e-08,0.004648073848243986,1.079448537222305e-07,0.02517030554142451,2.2883319275927214e-09,2.6730625679594056e-07,0.0029334542145923598,0.002890538384399996
iron,10000,fixed_comparison,adaptive-100,fixed,0.0028,2.1693877170965943e-08,0.004479365329412392,8.132697085216911e-08,0.029988342525255778,2.2616013186554653e-09,2.673059654734189e-07,0.0005567354895473775,0.000513819668999993
iron,10000,fixed_comparison,adaptive-100,fixed,0.0029,2.2450536921589966e-08,0.004732399068602509,9.940140437147971e-08,0.028774424657521093,2.2348707888649686e-09,2.673047899692804e-07,0.001565752288933589,0.0015228364009999967
iron,10000,fixed_comparison,adaptive-100,fixed,0.003,2.383111872730604e-08,0.0050134912352486904,7.529648129082446e-08,0.021007109201311738,2.2081403693920425e-09,2.6730426327947754e-07,0.0017593292133397942,0.0018022453970999996
iron,10000,fixed_comparison,adaptive-100,fixed,0.0031,2.2601535574639778e-08,0.005646501271436962,8.082352465077491e-08,0.03181219747142239,2.181409946178619e-09,2.673042489576005e-07,0.0008932646858312715,0.0009361808681000033
iron,10000,fixed_comparison,adaptive-100,fixed,0.0032,2.4751473261802144e-08,0.005540579734749294,9.884680757243913e-08,0.023935253047317546,2.1546796269401837e-09,2.6730297797428193e-07,0.0008611140749112678,0.0009040301528999983
iron,10000,fixed_comparison,adaptive-100,fixed,0.0033,2.631643162234624e-08,0.005442098819113635,1.1944859484858128e-07,0.025138648293336237,2.1279492556329383e-09,2.673048297152647e-07,0.0017933154529264084,0.001836231708399999
iron,10000,fixed_comparison,adaptive-100,fixed,0.0034,2.6659945741320305e-08,0.0057606656095918795,1.0632065611249075e-07,0.030959195281546337,2.101218918613587e-09,2.673028228761254e-07,0.00011885859105338625,0.0001617743459000065
iron,10000,fixed_comparison,adaptive-100,fixed,0.0035,2.7481016389454488e-08,0.005755699325781082,8.617255204993796e-08,0.026636806299557093,2.07448864023602e-09,2.673029729782783e-07,0.0004479748892652624,0.0004050591611000076
iron,10000,fixed_comparison,adaptive-100,fixed,0.0036,2.9219521548794942e-08,0.006027498521080583,1.1712843545758078e-07,0.025423411475995243,2.0477581935902753e-09,2.6730537239227914e-07,0.001401606050530968,0.0014445225581000004
iron,10000,fixed_comparison,adaptive-100,fixed,0.0037,2.907274756185426e-08,0.0061672354315426385,1.1813230516022344e-07,0.02664671995621337,2.0210276669575174e-09,2.6730458324575324e-07,0.0007949880804900139,0.0008379045109999927
iron,10000,fixed_comparison,adaptive-100,fixed,0.0038,2.8877022103503368e-08,0.006585496359879656,1.2670714633067348e-07,0.025746586620451907,1.9942971973537934e-09,2.673050187862458e-07,0.0009404902690493405,0.0009834068303000015
iron,10000,fixed_comparison,adaptive-100,fixed,0.0039,2.9348243443295885e-08,0.006748628484817438,1.2018286626492864e-07,0.02637595352941095,1.9675667371419702e-09,2.673050514268027e-07,0.0009852529559065265,0.0009423362157000015
iron,10000,fixed_comparison,adaptive-100,fixed,0.004,3.160363321798646e-08,0.006645669730701882,8.627488793504478e-08,0.037830709458867906,1.940836224644499e-09,2.673054748658643e-07,0.0026174902827523147,0.0025745735600000014
iron,10000,fixed_comparison,adaptive-100,fixed,0.0041,3.343928524937464e-08,0.006581313031534986,1.0797461364896735e-07,0.02448737729313899,1.9141056842288206e-09,2.6730535362951e-07,0.0016094373976160287,0.0015665206589999953
iron,10000,fixed_comparison,adaptive-100,fixed,0.0042,3.256752911242071e-08,0.0070644526943212035,1.130837485735503e-07,0.034130707791760584,1.8873751384463422e-09,2.673050858437165e-07,0.001551314180190791,0.0015083976491000045
iron,10000,fixed_comparison,adaptive-100,fixed,0.0043,3.4323578534155475e-08,0.007168805188105118,1.3191335759832334e-07,0.024180342218677153,1.8606446493134268e-09,2.673045226275761e-07,0.0009109578195699297,0.0009538744259999926
iron,10000,fixed_comparison,adaptive-100,fixed,0.0044,3.651846350496318e-08,0.006888853435457129,1.8188968660054532e-07,0.043699328098580466,1.833914199537049e-09,2.673041215039973e-07,0.0017726961680403913,0.0018156127363000013
iron,10000,fixed_comparison,adaptive-100,fixed,0.0045,3.3394487069875256e-08,0.007961227400923712,1.283540212419646e-07,0.0372810177597501,1.8071838341116006e-09,2.6730317348455657e-07,0.0018077389367616922,0.0018506554720000012
iron,10000,fixed_comparison,adaptive-100,fixed,0.0046,3.8411608215482364e-08,0.006993090107271793,1.654964926854809e-07,0.02711210869810876,1.7804535343888034e-09,2.6730277968844973e-07,0.002924887444304608,0.0029678042868999943
iron,10000,fixed_comparison,adaptive-100,fixed,0.0047,3.7497248642958776e-08,0.0076718013060421905,1.0225166452617416e-07,0.03204550256188088,1.7537232375933521e-09,2.673030169431101e-07,0.002347301837827026,0.0023902186085
iron,10000,fixed_comparison,adaptive-100,fixed,0.0048,3.731286610347384e-08,0.007741110089157537,1.1369878076872085e-07,0.03811371581536427,1.726992863169026e-09,2.6730280244802174e-07,0.0009699254283978762,0.0010128423389999947
iron,10000,fixed_comparison,adaptive-100,fixed,0.0049,3.80514641004393e-08,0.007808640694658016,1.5055723792678502e-07,0.02356206370443674,1.700262465325935e-09,2.673046981538363e-07,0.0012896337961499915,0.0013325511970999973
iron,10000,fixed_comparison,adaptive-100,fixed,0.005,3.656191655241532e-08,0.008454598220157497,1.9147569504940343e-07,0.03308632288047218,1.6735320000454661e-09,2.6730494551152617e-07,0.0006160415000335817,0.000658959055199998
iron,10000,quality_refinement,adaptive-100,adaptive-10,0.0,0.0,0.0,0.0,0.0,0.0,0.0,0.0,0.0
iron,10000,quality_refinement,adaptive-100,adaptive-10,0.0001,0.0,0.0,0.0,0.0,0.0,0.0,0.0,0.0
iron,10000,quality_refinement,adaptive-100,adaptive-10,0.0002,0.0,0.0,0.0,0.0,0.0,0.0,0.0,0.0
iron,10000,quality_refinement,adaptive-100,adaptive-10,0.0003,0.0,0.0,0.0,0.0,0.0,0.0,0.0,0.0
iron,10000,quality_refinement,adaptive-100,adaptive-10,0.0004,0.0,0.0,0.0,0.0,0.0,0.0,0.0,0.0
iron,10000,quality_refinement,adaptive-100,adaptive-10,0.0005,0.0,0.0,0.0,0.0,0.0,0.0,0.0,0.0
iron,10000,quality_refinement,adaptive-100,adaptive-10,0.0006,0.0,0.0,0.0,0.0,0.0,0.0,0.0,0.0
iron,10000,quality_refinement,adaptive-100,adaptive-10,0.0007,0.0,0.0,0.0,0.0,0.0,0.0,0.0,0.0
iron,10000,quality_refinement,adaptive-100,adaptive-10,0.0008,0.0,0.0,0.0,0.0,0.0,0.0,0.0,0.0
iron,10000,quality_refinement,adaptive-100,adaptive-10,0.0009,0.0,0.0,0.0,0.0,0.0,0.0,0.0,0.0
iron,10000,quality_refinement,adaptive-100,adaptive-10,0.001,0.0,0.0,0.0,0.0,0.0,0.0,0.0,0.0
iron,10000,quality_refinement,adaptive-100,adaptive-10,0.0011,3.0348414635233616e-11,1.0927582903877489e-05,2.868957729815064e-10,0.0003589016615995214,3.3905062956464446e-13,2.0695926861158398e-08,2.8124832464337945e-07,2.0226750000018612e-05
iron,10000,quality_refinement,adaptive-100,adaptive-10,0.0012,1.4463152075265854e-10,3.744761345056757e-05,2.0600070026389316e-09,0.0008629951664535221,1.2891465273605711e-12,6.623775083980377e-09,4.993772586503464e-06,4.915660000381905e-06
iron,10000,quality_refinement,adaptive-100,adaptive-10,0.0013,2.6090505215110625e-10,5.664313672130027e-05,4.269459205674126e-09,0.001081959022379215,1.3279887211905236e-12,1.8457341832700536e-07,6.3054363857173445e-06,0.0002995784199999463
iron,10000,quality_refinement,adaptive-100,adaptive-10,0.0014,3.392692290117743e-10,0.00011179313265112177,3.5312320446263637e-09,0.00260529573111767,1.8005792202198864e-12,5.421752757861498e-08,1.6602955365319083e-05,0.00013380824999931207
iron,10000,quality_refinement,adaptive-100,adaptive-10,0.0015,5.362541339530708e-10,0.00015527785258710294,7.859718337468056e-09,0.002346947580467846,8.587969814734246e-13,3.5347579857569755e-07,2.345880180470994e-06,0.0007247888999994956
iron,10000,quality_refinement,adaptive-100,adaptive-10,0.0016,8.931381926560318e-10,0.0002325678885328584,9.167371580524198e-09,0.0038494387178149327,1.3261596727886226e-12,1.0332236821675167e-07,3.3714333192838564e-05,0.00025175922999931544
iron,10000,quality_refinement,adaptive-100,adaptive-10,0.0017,1.3087751038289463e-09,0.00033335614967994003,1.0250191613640368e-08,0.00576683060473902,3.1752393701409643e-12,4.5122550489801183e-07,8.486629584517069e-05,0.0016560832599994413
iron,10000,quality_refinement,adaptive-100,adaptive-10,0.0018,1.6768039712150443e-09,0.0005417289280243191,9.404959033787495e-09,0.0114780751370124,8.357862665850289e-11,7.881048554314596e-07,8.626263327203565e-05,0.000487718460000508
iron,10000,quality_refinement,adaptive-100,adaptive-10,0.0019,2.4098215502608236e-09,0.0005267369635570149,1.8913812833415873e-08,0.006972766334014016,1.612173730018442e-10,7.908291843050641e-07,1.1605404021508559e-05,0.000879362880000123
iron,10000,quality_refinement,adaptive-100,adaptive-10,0.002,2.636941057038515e-09,0.0007491941388968813,2.6422918387586773e-08,0.010027563542097514,2.3226182305563933e-10,6.694317569166941e-07,0.00017135985124809572,0.002054596090000249
iron,10000,quality_refinement,adaptive-100,adaptive-10,0.0021,3.096821630863281e-09,0.0007992637157597363,3.420152720750606e-08,0.011223378246834542,2.947133251416729e-10,4.775209541119096e-07,9.42302501359682e-06,0.0021826596099998596
iron,10000,quality_refinement,adaptive-100,adaptive-10,0.0022,3.6477410069475164e-09,0.0008716759319724442,4.158852549298065e-08,0.015404449878802715,3.4608774982134294e-10,3.2284819884154103e-07,0.00010119861936234986,0.0009723480519999717
iron,10000,quality_refinement,adaptive-100,adaptive-10,0.0023,3.768165324680847e-09,0.0010652183750919245,4.584993343481823e-08,0.014833100682973836,3.7807632957515253e-10,2.7841220862079297e-07,5.494137147643574e-05,0.00040235132200000523
iron,10000,quality_refinement,adaptive-100,adaptive-10,0.0024,4.342475392554719e-09,0.0009875120575306379,6.81427404955082e-08,0.013391121884255406,3.960067837885553e-10,5.6006808746289494e-08,0.00013997624501908834,0.00015502949099999164
iron,10000,quality_refinement,adaptive-100,adaptive-10,0.0025,4.24645213308838e-09,0.0013484529898214134,3.163369506592316e-08,0.021734944198613822,3.904061122777905e-10,5.600634422897599e-08,0.0004747040374088185,0.00045965093449999717
iron,10000,quality_refinement,adaptive-100,adaptive-10,0.0026,5.156730405362847e-09,0.001228675929775222,4.428066443727871e-08,0.02154987100433578,3.8480550386759137e-10,5.600608221634218e-08,0.00018592710177586097,0.00020098003000001974
iron,10000,quality_refinement,adaptive-100,adaptive-10,0.0027,5.535462595917276e-09,0.0013468107918593853,4.6586097531703e-08,0.023311247178272074,3.7920488374801126e-10,5.600638286473725e-08,0.0007587204132522285,0.0007436675361000011
iron,10000,quality_refinement,adaptive-100,adaptive-10,0.0028,5.562031962392245e-09,0.001607464818108025,2.985209115912043e-08,0.03905776916913155,3.73604257123216e-10,5.600631447499893e-08,2.0128209775871486e-06,1.3040082299992095e-05
iron,10000,quality_refinement,adaptive-100,adaptive-10,0.0029,6.318345255274119e-09,0.001507911685238141,5.580041005537634e-08,0.02399206494953188,3.680035768304119e-10,5.600701047381307e-08,5.2150341873696826e-05,3.70975150000008e-05
iron,10000,quality_refinement,adaptive-100,adaptive-10,0.003,6.363863681753442e-09,0.0017889685843395782,4.957904028152789e-08,0.026178548274272077,3.624028280702427e-10,5.600722097209854e-08,0.0003665153639993146,0.00038156744840000395
iron,10000,quality_refinement,adaptive-100,adaptive-10,0.0031,7.082699324189586e-09,0.0016462753837088678,5.378045311919712e-08,0.025340130511636874,3.568021824719076e-10,5.6006296156319024e-08,0.0004247398843917338,0.0004096877847000052
iron,10000,quality_refinement,adaptive-100,adaptive-10,0.0032,7.193225653551391e-09,0.0019023232106230813,6.824597592384374e-08,0.022230906001913447,3.512014383195975e-10,5.600761832091905e-08,5.1688326792379e-05,3.663591499999952e-05
iron,10000,quality_refinement,adaptive-100,adaptive-10,0.0033,7.67173332115393e-09,0.0019238783106824875,5.835385361140581e-08,0.018041892045358183,3.4560076773040664e-10,5.6005259763125537e-08,0.0005924392531833494,0.0006074914915000021
iron,10000,quality_refinement,adaptive-100,adaptive-10,0.0034,7.973008582607112e-09,0.0020045999657979105,6.780148091293036e-08,0.017202036127987305,3.400001443853214e-10,5.600679908734918e-08,0.000325091722252438,0.00031003913539999484
iron,10000,quality_refinement,adaptive-100,adaptive-10,0.0035,8.304410416199612e-09,0.002203822674166592,5.115069359341739e-08,0.024678961657185205,3.3439945145478776e-10,5.600680130779523e-08,0.00010329625985369684,0.0001183489011000044
iron,10000,quality_refinement,adaptive-100,adaptive-10,0.0036,9.201172931241286e-09,0.002091326208390879,7.308793949911671e-08,0.021957925754049687,3.287989059486459e-10,5.600448593767737e-08,7.033364745592796e-05,8.538553299999863e-05
iron,10000,quality_refinement,adaptive-100,adaptive-10,0.0037,9.353814206703294e-09,0.0023193111033341348,4.409127668336617e-08,0.027527580766871423,3.23198471945918e-10,5.600498487190464e-08,0.0003253119925035741,0.0003403638420000077
iron,10000,quality_refinement,adaptive-100,adaptive-10,0.0038,9.378485056205292e-09,0.002424511479380845,5.75852647943615e-08,0.0178114762517245,3.175979969739005e-10,5.600450558862491e-08,0.00012003950980396527,0.00010498782510000304
iron,10000,quality_refinement,adaptive-100,adaptive-10,0.0039,1.0022177738247166e-08,0.0025175288913509473,4.135343151245864e-08,0.037430635470623336,3.119974993962672e-10,5.600389241244841e-08,0.0006725512466634331,0.0006574999679999916
iron,10000,quality_refinement,adaptive-100,adaptive-10,0.004,1.0275299788395543e-08,0.0026148750740139703,5.4638867533413365e-08,0.03524299919803774,3.063970706925771e-10,5.600415031725703e-08,0.000361274593048716,0.0003462232319999953
iron,10000,quality_refinement,adaptive-100,adaptive-10,0.0041,1.07323854939613e-08,0.0025975900712039,6.828481876212028e-08,0.02483897857375019,3.0079660653547806e-10,5.6004358484074146e-08,0.0007709160735036302,0.0007558645769999983
iron,10000,quality_refinement,adaptive-100,adaptive-10,0.0042,1.10937482611854e-08,0.0027018786976442345,4.222578253720857e-08,0.03877619210360051,2.9519614161943564e-10,5.60054339571181e-08,0.00026711702008627713,0.00025206530659999116
iron,10000,quality_refinement,adaptive-100,adaptive-10,0.0043,1.140404814905673e-08,0.002710063501554846,4.733535259046375e-08,0.025818773664443753,2.8959569323747526e-10,5.600481722822792e-08,0.0006035875813168445,0.000618639193000009
iron,10000,quality_refinement,adaptive-100,adaptive-10,0.0044,1.173053413304091e-08,0.002800691521128463,5.4681555800679294e-08,0.02811596599046825,2.8399518685069994e-10,5.600566532759643e-08,0.0012631651606523214,0.0012782167717000012
iron,10000,quality_refinement,adaptive-100,adaptive-10,0.0045,1.239294338244898e-08,0.0027643742867814627,5.062572327434736e-08,0.02679679705420429,2.7839457464579337e-10,5.6006386417450926e-08,0.0002756666477199132,0.0002606150300000082
iron,10000,quality_refinement,adaptive-100,adaptive-10,0.0046,1.2051879541447118e-08,0.003025095399280246,6.099388624328531e-08,0.015065099925548817,2.7279391473599245e-10,5.6007349868991696e-08,0.001158753501040971,0.0011738048153000086
iron,10000,quality_refinement,adaptive-100,adaptive-10,0.0047,1.3213106636486713e-08,0.0029311376251726527,5.4716115013845566e-08,0.01779135241368348,2.671932603556225e-10,5.600636643343648e-08,0.0010871066079801844,0.0011021578519999908
iron,10000,quality_refinement,adaptive-100,adaptive-10,0.0048,1.3088014173047136e-08,0.0031019712626906767,6.627374172941467e-08,0.020673635928859246,2.615926323213675e-10,5.600770802693944e-08,0.0006196035362939917,0.0006346545470000131
iron,10000,quality_refinement,adaptive-100,adaptive-10,0.0049,1.3103303763591327e-08,0.003394169963122191,4.6593995136349046e-08,0.02118525519509206,2.559919711105233e-10,5.6006176252232365e-08,0.0003214582939571331,0.0003365089064999993
iron,10000,quality_refinement,adaptive-100,adaptive-10,0.005,1.5177171217344167e-08,0.0030161933243609998,6.207049685347243e-08,0.025415918859876818,2.503913270300744e-10,5.600684682693924e-08,0.0009133366225508449,0.0008982862330999958
iron,10000,fixed_comparison,adaptive-10,fixed,0.0,0.0,0.0,0.0,0.0,0.0,0.0,0.0,0.0
iron,10000,fixed_comparison,adaptive-10,fixed,0.0001,9.672677970807343e-16,0.0,1.3732700395566711e-15,0.0,5.150975546487455e-16,0.0,0.0,6.1714297546063105e-18
iron,10000,fixed_comparison,adaptive-10,fixed,0.0002,8.93571835601364e-16,1.0085800436207284e-10,2.5766384504411325e-15,2.527418179125719e-09,6.38452966490116e-16,0.0,2.6195842140591123e-18,3.3707230603203e-18
iron,10000,fixed_comparison,adaptive-10,fixed,0.0003,8.629320297509316e-16,1.3514247899345e-10,2.6109795526099966e-15,3.4453019493231176e-09,6.457217896022937e-16,0.0,4.7032209921836444e-18,3.6695276308549e-18
iron,10000,fixed_comparison,adaptive-10,fixed,0.0004,8.231439534686403e-16,1.1634194587999547e-10,4.681588978127104e-15,2.3418179759284117e-09,6.433144805033607e-16,3.3422138886441676e-16,3.4413949921225372e-18,4.032651046196199e-18
iron,10000,fixed_comparison,adaptive-10,fixed,0.0005,8.204398409179041e-16,1.3138684534609248e-10,2.854104639423764e-15,3.663776121818089e-09,6.469716322378164e-16,6.4796043696850615e-16,4.421315141701184e-18,3.152506084597e-18
iron,10000,fixed_comparison,adaptive-10,fixed,0.0006,8.425646609623784e-16,1.2191487427653333e-10,4.583369225951387e-15,2.556311560360266e-09,6.472222835795274e-16,2.618455766672135e-16,3.7893449576301135e-18,3.8465117614738e-18
iron,10000,fixed_comparison,adaptive-10,fixed,0.0007,8.554138414929437e-16,1.185491542259806e-10,4.6764850365953675e-15,3.264637070395373e-09,6.456968040793387e-16,7.406111315403549e-16,3.58243303663881e-18,4.1860428893706e-18
iron,10000,fixed_comparison,adaptive-10,fixed,0.0008,8.302309790493193e-16,1.2151385521395682e-10,5.7757778996179055e-15,2.4654436512356855e-09,6.455070141268056e-16,4.577566798522237e-16,3.696916407730923e-18,4.1827909206319e-18
iron,10000,fixed_comparison,adaptive-10,fixed,0.0009,8.743406578977208e-16,1.3766854711373358e-10,5.440889319052701e-15,4.7857809956708364e-09,6.436723052399791e-16,7.108895957933346e-16,4.7505056310255715e-18,4.6277891962806e-18
iron,10000,fixed_comparison,adaptive-10,fixed,0.001,8.881356606813251e-16,1.3296980125254035e-10,5.806904892565739e-15,3.4078398177780296e-09,6.405685409676949e-16,6.12945927330694e-15,4.5514754495599044e-18,4.8703476894477006e-18
iron,10000,fixed_comparison,adaptive-10,fixed,0.0011,1.9534915479467774e-09,0.0006595855877603013,2.2913732857448064e-08,0.020848075325644862,2.1899452097013284e-11,1.286803643307799e-06,3.416431523403651e-05,0.00121006630000009
iron,10000,fixed_comparison,adaptive-10,fixed,0.0012,3.8599219004472824e-09,0.0010546607249649863,4.333691543931601e-08,0.019900722596850662,3.616813771851588e-11,1.9921031702008207e-07,0.00017314909958093816,0.00041568009999970457
iron,10000,fixed_comparison,adaptive-10,fixed,0.0013,5.835091351200834e-09,0.0014268008297777125,6.243337601535321e-08,0.02868467160761674,3.3584137648051115e-11,5.097177557478183e-06,0.00035398353346324796,0.008547307430000206
iron,10000,fixed_comparison,adaptive-10,fixed,0.0014,6.815830810145776e-09,0.0018290909311463404,7.813227178068735e-08,0.027720499733975452,3.393026615573569e-11,1.3111718396574545e-06,0.00044833925064372004,0.003246305459999377
iron,10000,fixed_comparison,adaptive-10,fixed,0.0015,8.196385247377438e-09,0.002218730747507761,4.639094946937626e-08,0.053818183134507105,7.296612132040927e-12,6.5234153093785e-06,0.0003780382457146264,0.013780396819999652
iron,10000,fixed_comparison,adaptive-10,fixed,0.0016,9.619724579278515e-09,0.00242735614714503,5.1918544698173217e-08,0.030567491319211895,1.1337185768901415e-11,2.667514004683902e-06,0.00020175974903006988,0.0057777619500001265
iron,10000,fixed_comparison,adaptive-10,fixed,0.0017,1.1269973642167582e-08,0.002440873846246267,7.3439590118004e-08,0.020159202474186868,1.1578146448426027e-11,1.2969970191456515e-06,0.0008736189239825082,0.008188778950000142
iron,10000,fixed_comparison,adaptive-10,fixed,0.0018,1.2585398335555258e-08,0.002729683361443696,7.249715038019581e-08,0.01543051355433902,5.667820368857852e-10,5.515576035980407e-06,0.0005230907910510063,0.013034758419999903
iron,10000,fixed_comparison,adaptive-10,fixed,0.0019,1.4777085162903535e-08,0.0028491261473471323,7.52107308377159e-08,0.023731943285062746,1.1225459257884054e-09,5.626116069246123e-06,0.0006774762067386642,0.015190032800000086
iron,10000,fixed_comparison,adaptive-10,fixed,0.002,1.4775364456449098e-08,0.00353120942042298,5.290225438836528e-08,0.02158287382446003,1.6272738135281322e-09,4.5961290563445445e-06,0.00028300140550617525,0.012247966159999901
iron,10000,fixed_comparison,adaptive-10,fixed,0.0021,1.611570820140105e-08,0.003727452139265053,5.632700601776453e-08,0.021377905375103402,2.064111347338991e-09,3.521451512722429e-06,9.834133676756007e-05,0.005051172309999963
iron,10000,fixed_comparison,adaptive-10,fixed,0.0022,1.810992893567865e-08,0.004049476324775601,7.744669486275947e-08,0.020082693642954084,2.420890537298024e-09,2.62263927930384e-06,0.0011415467036906962,0.0015720940490000501
iron,10000,fixed_comparison,adaptive-10,fixed,0.0023,1.8967021821222795e-08,0.004322450557539387,9.680957635538334e-08,0.026171822826333124,2.6459252313021604e-09,1.7721358605005122e-06,0.00023626511244995152,0.003895526895000001
iron,10000,fixed_comparison,adaptive-10,fixed,0.0024,2.0711600180051814e-08,0.004359694273869164,7.870025945790108e-08,0.019866239785106123,2.7645305883916053e-09,3.2331279453678974e-07,0.0001275800937030197,0.00018554882200000344
iron,10000,fixed_comparison,adaptive-10,fixed,0.0025,2.0028533744809038e-08,0.005314476252327201,8.569789121393168e-08,0.035256296371838566,2.732199314123537e-09,3.233125799306791e-07,0.000647509493364562,0.0005895407953999954
iron,10000,fixed_comparison,adaptive-10,fixed,0.0026,2.407555260133798e-08,0.004886507429897795,8.365141376809326e-08,0.02030275299873457,2.6998680742246757e-09,3.2331249721906374e-07,0.00027880855972206575,0.00022083988099999563
iron,10000,fixed_comparison,adaptive-10,fixed,0.0027,2.4213642857781497e-08,0.005556607938834098,1.3732063675053752e-07,0.029160698683359357,2.6675368113407313e-09,3.233126396606778e-07,0.0036921746278445883,0.003634205920499997
iron,10000,fixed_comparison,adaptive-10,fixed,0.0028,2.6338189568118863e-08,0.005428901632224209,1.0116452655636533e-07,0.02422897421545492,2.63520557577868e-09,3.233122799484178e-07,0.0005587483105249647,0.0005007795867000009
iron,10000,fixed_comparison,adaptive-10,fixed,0.0029,2.7687346939485623e-08,0.0056051041550690545,1.251901259463617e-07,0.028904588132237015,2.6028743656953798e-09,3.233118004430935e-07,0.0016179026308072858,0.0015599339159999975
iron,10000,fixed_comparison,adaptive-10,fixed,0.003,2.8868217002644828e-08,0.006057443050040999,1.0187218235375522e-07,0.02428068822839661,2.5705431974622838e-09,3.233114842515761e-07,0.002125844577339109,0.0021838128455000036
iron,10000,fixed_comparison,adaptive-10,fixed,0.0031,2.7601388562518165e-08,0.006820317083977015,9.732171607490514e-08,0.03867074928836467,2.5382121286505262e-09,3.2331054511391955e-07,0.0004685248014395377,0.0005264930833999981
iron,10000,fixed_comparison,adaptive-10,fixed,0.0032,3.01094693505289e-08,0.006645148539389622,1.1848979943746009e-07,0.02879690812593594,2.5058810652597807e-09,3.23310596295201e-07,0.0008094257481188888,0.0008673942378999988
iron,10000,fixed_comparison,adaptive-10,fixed,0.0033,3.201728837363831e-08,0.006581630476087548,1.5228734411704137e-07,0.029848088054016224,2.4735500233633446e-09,3.2331008947839024e-07,0.002385754706109758,0.002443723199900001
iron,10000,fixed_comparison,adaptive-10,fixed,0.0034,3.230795219625762e-08,0.006979218969652571,1.4081345825478486e-07,0.03777397809807892,2.441219062998908e-09,3.2330962196347457e-07,0.00020623313119905173,0.00014826478949998834
iron,10000,fixed_comparison,adaptive-10,fixed,0.0035,3.370420627445838e-08,0.006884914026203301,1.0812728015850392e-07,0.02530546853086317,2.408888091690807e-09,3.2330977428607355e-07,0.0003446786294115656,0.0002867102600000032
iron,10000,fixed_comparison,adaptive-10,fixed,0.0036,3.542103932323878e-08,0.007376570058170631,1.2446851853364915e-07,0.029362447643452083,2.3765570995389202e-09,3.233098583299565e-07,0.001471939697986896,0.001529908091099999
iron,10000,fixed_comparison,adaptive-10,fixed,0.0037,3.570289038604671e-08,0.007392283726610923,1.385031071429732e-07,0.03268768000007971,2.3442261389034344e-09,3.233095681176579e-07,0.001120300072993588,0.0011782683530000004
iron,10000,fixed_comparison,adaptive-10,fixed,0.0038,3.516001009813683e-08,0.007868568019757946,1.4345578655539093e-07,0.026852070946926876,2.3118951943276937e-09,3.233095243748707e-07,0.0008204507592453752,0.0008784190051999985
iron,10000,fixed_comparison,adaptive-10,fixed,0.0039,3.593853698037315e-08,0.008041496636002095,1.4488339455942523e-07,0.029649179163246525,2.2795642365382374e-09,3.2330894383925113e-07,0.0016578042025699596,0.001599836183699993
iron,10000,fixed_comparison,adaptive-10,fixed,0.004,3.886485796149326e-08,0.007714538054431191,1.0179594624346957e-07,0.04665432759298327,2.2472332953370755e-09,3.2330962518312134e-07,0.0029787648758010307,0.0029207967919999966
iron,10000,fixed_comparison,adaptive-10,fixed,0.0041,3.990484379035147e-08,0.008023094253543906,1.4540304445892496e-07,0.02956741040779942,2.214902290764298e-09,3.2330971211358417e-07,0.002380353471119659,0.0023223852359999936
iron,10000,fixed_comparison,adaptive-10,fixed,0.0042,3.992553729395122e-08,0.008146095982790568,1.5530953111075885e-07,0.03248604778163211,2.182571280065777e-09,3.233105198008346e-07,0.001818431200277068,0.0017604629556999957
iron,10000,fixed_comparison,adaptive-10,fixed,0.0043,4.1786814001387065e-08,0.00822895697324399,1.5321886595587308e-07,0.02846251894952123,2.150240342550901e-09,3.23309339855804e-07,0.0015145454008867743,0.0015725136190000016
iron,10000,fixed_comparison,adaptive-10,fixed,0.0044,4.4113173334217084e-08,0.007977789683233349,2.0030039322819177e-07,0.027467170125994755,2.1179093863877475e-09,3.233097868315937e-07,0.0030358613286927127,0.0030938295080000025
iron,10000,fixed_comparison,adaptive-10,fixed,0.0045,4.064596934483118e-08,0.009155733207454352,1.5212346863029312e-07,0.04228225033557664,2.0855784087573926e-09,3.233095599020075e-07,0.001532072289041779,0.001590040441999993
iron,10000,fixed_comparison,adaptive-10,fixed,0.0046,4.556328054199373e-08,0.008271368654336994,1.991003813175558e-07,0.035151828710513255,2.0532474491247947e-09,3.2331012955744143e-07,0.004083640945345579,0.004141609102200003
iron,10000,fixed_comparison,adaptive-10,fixed,0.0047,4.551586257107921e-08,0.00876846519714338,1.1977058423023366e-07,0.03611828386445559,2.0209164979489732e-09,3.233093833765466e-07,0.0034344084458072105,0.0034923764604999907
iron,10000,fixed_comparison,adaptive-10,fixed,0.0048,4.4953252389564905e-08,0.008857834308035053,1.298710785267189e-07,0.036193928245780715,1.9885854954903923e-09,3.233105104749612e-07,0.0015895289646918678,0.0016474968860000078
iron,10000,fixed_comparison,adaptive-10,fixed,0.0049,4.55221589450786e-08,0.009052357595393008,1.5494398653004282e-07,0.027942636303464132,1.9562544364364576e-09,3.2331087440606865e-07,0.0016110920901071246,0.0016690601035999966
iron,10000,fixed_comparison,adaptive-10,fixed,0.005,4.370990644747499e-08,0.009919128868207271,2.2609742633683538e-07,0.03819970731854938,1.92392332707554e-09,3.233117923384654e-07,0.0002972951225172632,0.0002393271778999978
oak,10000,fixed_comparison,adaptive-1000,fixed,0.0,0.0,0.0,0.0,0.0,0.0,0.0,0.0,0.0
oak,10000,fixed_comparison,adaptive-1000,fixed,0.0001,9.672677970807343e-16,0.0,1.3732700395566711e-15,0.0,5.122684419745268e-16,0.0,0.0,3.5098178699150597e-19
oak,10000,fixed_comparison,adaptive-1000,fixed,0.0002,1.557415866441313e-15,8.713579417825513e-11,2.593921520345449e-15,1.0284741617886945e-09,9.96740108432296e-16,0.0,1.7391142697344624e-19,4.49462532398e-19
oak,10000,fixed_comparison,adaptive-1000,fixed,0.0003,1.3677023457868898e-15,1.3898389927820155e-10,3.621384730087435e-15,1.8282243419830872e-09,1.0007312085712244e-15,0.0,4.424497099596593e-19,3.6878538769502e-19
oak,10000,fixed_comparison,adaptive-1000,fixed,0.0004,1.390350844791407e-15,1.186762313485722e-10,5.219395220747612e-15,1.3055248588151504e-09,1.010373324408418e-15,0.0,3.225985596212811e-19,5.9642706867005e-19
oak,10000,fixed_comparison,adaptive-1000,fixed,0.0005,1.4925779061524787e-15,1.2070671680454524e-10,4.390285229094995e-15,6.19096777772739e-10,1.0068672667718846e-15,0.0,3.3077947496916027e-19,8.5659767559133e-19
oak,10000,fixed_comparison,adaptive-1000,fixed,0.0006,1.443892828969011e-15,1.4513446800375598e-10,4.495996320873173e-15,1.9545553328370794e-09,1.0052943953359583e-15,2.7755575615628914e-17,4.849153987476661e-19,7.3932603616268005e-19
oak,10000,fixed_comparison,adaptive-1000,fixed,0.0007,1.4100255209202254e-15,1.620803632352798e-10,5.140254672001901e-15,1.9980531595049305e-09,1.0059510024857383e-15,0.0,6.003222730859469e-19,6.5717381015857e-19
oak,10000,fixed_comparison,adaptive-1000,fixed,0.0008,1.4717312290736112e-15,1.832576402095978e-10,6.84930814768203e-15,2.9383569176253763e-09,1.0040414603105165e-15,3.521787733787174e-16,7.667544906169773e-19,8.305089053051699e-19
oak,10000,fixed_comparison,adaptive-1000,fixed,0.0009,1.5504429645735979e-15,1.613115913354846e-10,5.82515836617058e-15,1.1694499323394939e-09,1.0023647994759756e-15,4.1540741810552243e-16,5.869191858296442e-19,1.11498765435564e-18
oak,10000,fixed_comparison,adaptive-1000,fixed,0.001,1.5552794740583578e-15,1.8500780825080343e-10,4.7425718635865574e-15,1.7583821256575099e-09,1.0051195052894454e-15,5.080386868766167e-13,7.724756832030557e-19,9.888705817270099e-19
oak,10000,fixed_comparison,adaptive-1000,fixed,0.0011,8.989618708111574e-10,0.00015099514080756877,3.6751868492949384e-09,0.0020581452879875313,2.2952896331620718e-11,9.876301839684132e-07,1.639858434959729e-06,3.3377389999422746e-05
oak,10000,fixed_comparison,adaptive-1000,fixed,0.0012,3.9860807766741124e-09,0.000565976147416997,1.887484183894029e-08,0.006388459842807999,2.28367475768171e-12,1.295846241297638e-06,0.00016113993201893884,0.00021007997999955563
oak,10000,fixed_comparison,adaptive-1000,fixed,0.0013,6.356513052814221e-09,0.0008857832893399717,3.744602475319606e-08,0.007156447900210934,1.6534488297039084e-10,4.871040195808529e-06,0.00015602282073892693,0.0012772831600003087
oak,10000,fixed_comparison,adaptive-1000,fixed,0.0014,7.459891163350544e-09,0.0014576503516902698,3.381731031315565e-08,0.01860930893960975,4.300194987431603e-10,3.159316859457917e-06,8.090103011729188e-05,0.0009950090360000274
oak,10000,fixed_comparison,adaptive-1000,fixed,0.0015,8.44398836599708e-09,0.0015391223360935661,5.301151966842797e-08,0.01260412213050921,9.015975964947031e-10,7.418697157368648e-06,2.7627281114106506e-05,0.00024770944400001604
oak,10000,fixed_comparison,adaptive-1000,fixed,0.0016,1.034632833961279e-08,0.0016584807736284835,5.8162595878430476e-08,0.02262379456409711,1.6434673162302238e-09,7.4186971524836665e-06,0.00017840413139197375,0.00039848629399999447
oak,10000,fixed_comparison,adaptive-1000,fixed,0.0017,1.1670367688968394e-08,0.0020958671322861455,6.467627655968517e-08,0.017069231715654533,2.385337031303817e-09,7.418697159367049e-06,0.00019818489633699476,0.0004182670579999659
oak,10000,fixed_comparison,adaptive-1000,fixed,0.0018,1.426455852591883e-08,0.0023839159055855787,6.470690900583142e-08,0.033969966543453696,3.127206742257482e-09,7.418697151595488e-06,0.00021125478089356609,0.00043133694600000494
oak,10000,fixed_comparison,adaptive-1000,fixed,0.0019,1.6330667953279495e-08,0.0028113841767399166,9.342020731764609e-08,0.022175615623928148,3.8690764554879895e-09,7.4186971161793736e-06,4.8033832720478786e-05,0.0002681159969999958
oak,10000,fixed_comparison,adaptive-1000,fixed,0.002,1.9520849668070544e-08,0.0033984068839997728,8.132111367631369e-08,0.048641125069306415,4.6109461700195485e-09,7.418697173577904e-06,0.000127785869168201,9.229629400003825e-05
oak,10000,fixed_comparison,adaptive-1000,fixed,0.0021,2.345588559632331e-08,0.0037186891742106995,1.421611340709226e-07,0.03210565082120443,5.352815885526895e-09,7.418697225314297e-06,0.0003787237511320152,0.00015864158799999695
oak,10000,fixed_comparison,adaptive-1000,fixed,0.0022,2.65103094462487e-08,0.004506269317007941,1.7465093310837788e-07,0.06115970955232059,6.094685604774744e-09,7.418697159589094e-06,0.0008559979128421324,0.0006359157499999935
oak,10000,fixed_comparison,adaptive-1000,fixed,0.0023,2.8336249070017477e-08,0.004818178661304354,1.5714016761910868e-07,0.05299529186302524,6.836555321528929e-09,7.418697179240041e-06,0.0017182561770900384,0.0014981740130000087
oak,10000,fixed_comparison,adaptive-1000,fixed,0.0024,3.1438466674871545e-08,0.006127296252244951,1.6274022293953755e-07,0.08551952718598274,7.578425032753684e-09,7.4186971488199305e-06,0.0001721248994728808,4.795726400000366e-05
oak,10000,fixed_comparison,adaptive-1000,fixed,0.0025,3.708031676511579e-08,0.006036177138576374,2.6511430393931593e-07,0.05222975625995096,8.320294747935779e-09,7.418697156369447e-06,0.0003660185448707831,0.0005861007090000037
oak,10000,fixed_comparison,adaptive-1000,fixed,0.0026,3.906744805400432e-08,0.006801282133152376,1.6498096425121567e-07,0.09636495515258654,9.062164467373368e-09,7.418697237748795e-06,0.00047038824631878695,0.00025030608300000146
oak,10000,fixed_comparison,adaptive-1000,fixed,0.0027,4.0845187292595345e-08,0.007214709402492502,2.5754131450362167e-07,0.07950579829522982,9.804034187657991e-09,7.4186972049972155e-06,0.00046114992754020534,0.0006812320909999892
oak,10000,fixed_comparison,adaptive-1000,fixed,0.0028,4.2940691897594565e-08,0.007661297555278889,1.9183280594581298e-07,0.13017563211053337,1.0545903910829303e-08,7.418697202887792e-06,0.0013244738391314514,0.001104391676999994
oak,10000,fixed_comparison,adaptive-1000,fixed,0.0029,4.625657018912612e-08,0.007586058667212887,3.4940473695032885e-07,0.08310236272335077,1.1287773629236901e-08,7.418697208882996e-06,0.0018488382847126061,0.0016287561220000024
oak,10000,fixed_comparison,adaptive-1000,fixed,0.003,4.704115664573603e-08,0.008335873381994681,2.723830968024978e-07,0.09054755037076201,1.2029643345855568e-08,7.4186972303103005e-06,0.0005690407790902852,0.00034895861800005035
oak,10000,fixed_comparison,adaptive-1000,fixed,0.0031,4.881338084262349e-08,0.008710186716478477,2.606924833985535e-07,0.12836239874800667,1.2771513070307595e-08,7.418697231531546e-06,0.0009833208942840177,0.0012034030559999742
oak,10000,fixed_comparison,adaptive-1000,fixed,0.0032,4.7674145606189224e-08,0.009369653297850325,2.4340185770586303e-07,0.11542378569991918,1.3513382794488571e-08,7.418697238859018e-06,0.0012969336000987208,0.001517015762000029
oak,10000,fixed_comparison,adaptive-1000,fixed,0.0033,5.3448783825068514e-08,0.009454202955054402,2.3337302811478504e-07,0.12423857644364045,1.4255252521271631e-08,7.4186972148782004e-06,0.0008106403011360896,0.0005905581409999805
oak,10000,fixed_comparison,adaptive-1000,fixed,0.0034,5.761049844501249e-08,0.008905390681912692,3.263263424691574e-07,0.06259463378971838,1.499712224534419e-08,7.418697189121026e-06,0.0005579481671420805,0.000778030328999979
oak,10000,fixed_comparison,adaptive-1000,fixed,0.0035,6.2638280921067e-08,0.009109442970187372,2.9893287192818535e-07,0.13922624289196744,1.5738991963562052e-08,7.418697203220859e-06,0.0007035072508836393,0.0009235894140000034
oak,10000,fixed_comparison,adaptive-1000,fixed,0.0036,5.940887761893581e-08,0.010727168101590885,2.9569785737630115e-07,0.09757203624770269,1.6480861685357786e-08,7.418697202554725e-06,1.1110465256647384e-05,0.0002089716970000155
oak,10000,fixed_comparison,adaptive-1000,fixed,0.0037,6.391686219839087e-08,0.01108442558125306,2.659298138918409e-07,0.1434989715231443,1.7222731404985112e-08,7.41869719411703e-06,0.0008760629361983518,0.001096145097000012
oak,10000,fixed_comparison,adaptive-1000,fixed,0.0038,6.618494491707336e-08,0.011720764549780875,3.5366187715007035e-07,0.07398183105714623,1.796460112428718e-08,7.4186972651713035e-06,0.002163690967343812,0.002383773128000005
oak,10000,fixed_comparison,adaptive-1000,fixed,0.0039,7.43717759483974e-08,0.011723129602445485,3.2570599641064957e-07,0.07754095234647405,1.870647084543239e-08,7.418697112404615e-06,0.0013658199744871202,0.0015859021340000057
oak,10000,fixed_comparison,adaptive-1000,fixed,0.004,7.912959736506051e-08,0.012341003017770637,2.73332304789875e-07,0.09706140834226706,1.9448340568312325e-08,7.418697182348666e-06,0.0013893538707847874,0.001609436031
oak,10000,fixed_comparison,adaptive-1000,fixed,0.0041,8.416800196544357e-08,0.012512255712030773,2.759218302450517e-07,0.09725416632946399,2.019021029097542e-08,7.4186972710554855e-06,0.000727878775392321,0.000507796615999978
oak,10000,fixed_comparison,adaptive-1000,fixed,0.0042,8.40189608722173e-08,0.014738099225852586,3.2353953353936316e-07,0.09067710646505438,2.093208001656586e-08,7.418697185124223e-06,0.0009696544252150718,0.0011897365830000062
oak,10000,fixed_comparison,adaptive-1000,fixed,0.0043,8.726093968370021e-08,0.01511233294312443,3.784808403906048e-07,0.06265259353523524,2.1673949739987894e-08,7.4186972468526236e-06,0.0019885477063237844,0.0017684655510000202
oak,10000,fixed_comparison,adaptive-1000,fixed,0.0044,9.902757415402133e-08,0.015614768534148877,3.304628737599291e-07,0.12019714550873546,2.2415819456687878e-08,7.41869719989019e-06,0.002129111033034148,0.0019090288770000075
oak,10000,fixed_comparison,adaptive-1000,fixed,0.0045,1.0649805639821978e-07,0.015258045372126983,3.8851726183453117e-07,0.05901985737118037,2.3157689171653137e-08,7.418697176797551e-06,0.0013594236036028051,0.0015795057589999828
oak,10000,fixed_comparison,adaptive-1000,fixed,0.0046,1.0129014661593966e-07,0.017868070661231156,3.399629899120127e-07,0.08489994184736406,2.3899558898761458e-08,7.41869723752675e-06,0.004623459779526162,0.004843541935000001
oak,10000,fixed_comparison,adaptive-1000,fixed,0.0047,1.1099057566781666e-07,0.0166247770188357,5.511778144650499e-07,0.07043123080217535,2.464142861958141e-08,7.41869721676558e-06,0.002460724694719807,0.0022406425410000097
oak,10000,fixed_comparison,adaptive-1000,fixed,0.0048,1.1211630318279148e-07,0.018597424928205333,2.934168489728255e-07,0.10777642548308129,2.538329833910032e-08,7.418697121508444e-06,0.0010089037617049823,0.0007888216080000066
oak,10000,fixed_comparison,adaptive-1000,fixed,0.0049,1.1671333704154532e-07,0.018257662807250306,4.617970848993915e-07,0.06676507083359606,2.61251680547161e-08,7.418697119176976e-06,0.005023095380099263,0.0052431775370000155
oak,10000,fixed_comparison,adaptive-1000,fixed,0.005,1.1075267514842372e-07,0.01960066106657659,3.860091692398093e-07,0.12464273650801759,2.6867037768597157e-08,7.418697128946938e-06,0.001378114214503845,0.0015981963710000047
oak,10000,quality_refinement,adaptive-1000,adaptive-100,0.0,0.0,0.0,0.0,0.0,0.0,0.0,0.0,0.0
oak,10000,quality_refinement,adaptive-1000,adaptive-100,0.0001,0.0,0.0,0.0,0.0,0.0,0.0,0.0,0.0
oak,10000,quality_refinement,adaptive-1000,adaptive-100,0.0002,0.0,0.0,0.0,0.0,0.0,0.0,0.0,0.0
oak,10000,quality_refinement,adaptive-1000,adaptive-100,0.0003,0.0,0.0,0.0,0.0,0.0,0.0,0.0,0.0
oak,10000,quality_refinement,adaptive-1000,adaptive-100,0.0004,0.0,0.0,0.0,0.0,0.0,0.0,0.0,0.0
oak,10000,quality_refinement,adaptive-1000,adaptive-100,0.0005,0.0,0.0,0.0,0.0,0.0,0.0,0.0,0.0
oak,10000,quality_refinement,adaptive-1000,adaptive-100,0.0006,0.0,0.0,0.0,0.0,0.0,0.0,0.0,0.0
oak,10000,quality_refinement,adaptive-1000,adaptive-100,0.0007,0.0,0.0,0.0,0.0,0.0,0.0,0.0,0.0
oak,10000,quality_refinement,adaptive-1000,adaptive-100,0.0008,0.0,0.0,0.0,0.0,0.0,0.0,0.0,0.0
oak,10000,quality_refinement,adaptive-1000,adaptive-100,0.0009,0.0,0.0,0.0,0.0,0.0,0.0,0.0,0.0
oak,10000,quality_refinement,adaptive-1000,adaptive-100,0.001,0.0,0.0,0.0,0.0,0.0,0.0,0.0,0.0
oak,10000,quality_refinement,adaptive-1000,adaptive-100,0.0011,3.732697993673329e-09,0.0006226511527626796,1.5366103403580134e-08,0.00839813644358947,9.578359134493982e-11,4.0948907582549765e-06,7.337084059866328e-06,0.00013870600000043254
oak,10000,quality_refinement,adaptive-1000,adaptive-100,0.0012,1.3054871491611474e-08,0.001813252549220738,7.177152156219731e-08,0.015702525355833958,6.942326054873729e-12,4.070757472302011e-06,0.0004978736687007435,0.000649402959999712
oak,10000,quality_refinement,adaptive-1000,adaptive-100,0.0013,1.982556994447625e-08,0.0028543088783176303,1.1832032587033581e-07,0.03371955905326446,3.964344230493582e-10,1.291258395530459e-05,0.0005196895481416886,0.003993381429999943
oak,10000,quality_refinement,adaptive-1000,adaptive-100,0.0014,2.3594162877228194e-08,0.004526273689714545,1.2142259419011562e-07,0.04776404293307023,1.0263926167319898e-09,8.18854347628406e-06,0.00035881462694131727,0.002617025211000046
oak,10000,quality_refinement,adaptive-1000,adaptive-100,0.0015,2.8792850330899648e-08,0.005325551278392723,1.8764346095539645e-07,0.04325680106043145,2.357748777465087e-09,2.246507367198447e-05,6.424692554574118e-05,0.000740713044000002
oak,10000,quality_refinement,adaptive-1000,adaptive-100,0.0016,3.680516265262674e-08,0.005947621268374529,2.0417864142474595e-07,0.0924811608281676,4.604256144641155e-09,2.2465073649891032e-05,0.0007275085363303568,0.0014039746560000066
oak,10000,quality_refinement,adaptive-1000,adaptive-100,0.0017,4.044983549313445e-08,0.007781475320280005,1.683922721817943e-07,0.09798602675380752,6.850763510299341e-09,2.2465073658217705e-05,0.000516901869405284,0.0011933679889999937
oak,10000,quality_refinement,adaptive-1000,adaptive-100,0.0018,4.9849108149438185e-08,0.00821357243672478,2.9834377369096997e-07,0.08786600105813798,9.097270870970196e-09,2.2465073646338318e-05,0.0008930864379504966,0.001569552558999987
oak,10000,quality_refinement,adaptive-1000,adaptive-100,0.0019,5.5481665329055964e-08,0.009706568567732823,3.1987541975032204e-07,0.09866999700160015,1.1343778228822127e-08,2.246507360736949e-05,7.538891320182928e-05,0.000751855033999993
oak,10000,quality_refinement,adaptive-1000,adaptive-100,0.002,6.481017169964557e-08,0.010403486119576155,2.955040695890032e-07,0.08765445707435063,1.3590285591227706e-08,2.2465073649113876e-05,0.00028733430091162915,0.00038913182100003274
oak,10000,quality_refinement,adaptive-1000,adaptive-100,0.0021,7.150467892049846e-08,0.01227948855271849,2.9708412953993735e-07,0.13990719167264903,1.5836792959596398e-08,2.2465073700739246e-05,0.0013866229136305086,0.0007101567910000051
oak,10000,quality_refinement,adaptive-1000,adaptive-100,0.0022,8.033120419299723e-08,0.012648599467587413,3.4685666075451316e-07,0.10948647028947765,1.808330031853253e-08,2.2465073612476516e-05,0.0023655068213621067,0.0016890406989999995
oak,10000,quality_refinement,adaptive-1000,adaptive-100,0.0023,8.614453117350072e-08,0.013860446612473007,3.4856347899879156e-07,0.09548785898088581,2.0329807684136506e-08,2.246507364256356e-05,0.0050635781756847575,0.004387112052000042
oak,10000,quality_refinement,adaptive-1000,adaptive-100,0.0024,9.119258870763829e-08,0.015601332654874669,4.0090037570805997e-07,0.07060148497872529,2.2576315047246817e-08,2.246507358427685e-05,0.0010249506121478569,0.0003484844910000007
oak,10000,quality_refinement,adaptive-1000,adaptive-100,0.0025,1.0334546601124603e-07,0.01615862939653047,5.376316470628861e-07,0.10251741552806307,2.4822822402849028e-08,2.2465073568955773e-05,0.00122373313830354,0.0019001992619999963
oak,10000,quality_refinement,adaptive-1000,adaptive-100,0.0026,1.0803513211640986e-07,0.017860949578067904,4.7678601124145903e-07,0.08734390186650574,2.7069329764116195e-08,2.246507366421291e-05,0.0019038993823272121,0.0012274332590000159
oak,10000,quality_refinement,adaptive-1000,adaptive-100,0.0027,1.1248872937674812e-07,0.018964771705667065,3.635143512870087e-07,0.07482627241216538,2.931583712792446e-08,2.2465073614919007e-05,0.000758259819889473,0.0014347259459999984
oak,10000,quality_refinement,adaptive-1000,adaptive-100,0.0028,1.1893876859036127e-07,0.019666663622773396,5.903359806824771e-07,0.11621326543908708,3.156234448801256e-08,2.2465073589716944e-05,0.0041165118196631045,0.0034400456950000047
oak,10000,quality_refinement,adaptive-1000,adaptive-100,0.0029,1.3162397184538358e-07,0.01913582507324107,4.845843524850513e-07,0.07497215417502327,3.380885184668442e-08,2.2465073596045215e-05,0.00406245491600038,0.003385988792
oak,10000,quality_refinement,adaptive-1000,adaptive-100,0.003,1.3330258730989595e-07,0.02165243964019153,4.618917674170664e-07,0.14157292735549412,3.605535920788382e-08,2.2465073636124266e-05,0.002404972029240518,0.0017285059050000107
oak,10000,quality_refinement,adaptive-1000,adaptive-100,0.0031,1.3790733388933656e-07,0.0226939454383137,6.688497773549296e-07,0.09788725381372276,3.830186657655067e-08,2.2465073643340716e-05,0.0022553793311056447,0.002931845453000015
oak,10000,quality_refinement,adaptive-1000,adaptive-100,0.0032,1.342990866653396e-07,0.024991873568812845,5.394909957101568e-07,0.17806487933643267,4.0548373942317275e-08,2.2465073652111478e-05,0.000890370507327487,0.0015668366300000125
oak,10000,quality_refinement,adaptive-1000,adaptive-100,0.0033,1.5544349823837506e-07,0.02378521696938604,6.71504377455836e-07,0.12277607345437966,4.279488130732494e-08,2.2465073625577148e-05,0.0021610258442362196,0.001484559721999984
oak,10000,quality_refinement,adaptive-1000,adaptive-100,0.0034,1.581930817844027e-07,0.025324957320483534,7.608867036990041e-07,0.11689997642291185,4.5041388663225306e-08,2.2465073552191406e-05,0.0011567618732957752,0.0018332279969999754
oak,10000,quality_refinement,adaptive-1000,adaptive-100,0.0035,1.761290436481234e-07,0.02402287153066136,8.388712863054684e-07,0.1069745813542559,4.728789602351669e-08,2.246507356584715e-05,0.005186066589021154,0.0058625327110000125
oak,10000,quality_refinement,adaptive-1000,adaptive-100,0.0036,1.7242800656364562e-07,0.027198877209167856,4.894179791462283e-07,0.1569530465758365,4.953440338158546e-08,2.246507356440386e-05,0.001134204119821125,0.0004577379980000018
oak,10000,quality_refinement,adaptive-1000,adaptive-100,0.0037,1.8027794587300026e-07,0.027513244574423796,7.426776479912967e-07,0.12653458372856527,5.178091073846161e-08,2.24650735287657e-05,0.00308185376165937,0.003758319881999983
oak,10000,quality_refinement,adaptive-1000,adaptive-100,0.0038,1.8505483936222857e-07,0.029930345905277586,4.545990099358299e-07,0.15811668516432162,5.4027418088073605e-08,2.2465073513111555e-05,0.0037344218851303457,0.004410888006000008
oak,10000,quality_refinement,adaptive-1000,adaptive-100,0.0039,2.0110282797286806e-07,0.029018058205069835,6.040578050431086e-07,0.1204530653107424,5.627392543248143e-08,2.2465073356459087e-05,0.00539076427945534,0.006067230398000001
oak,10000,quality_refinement,adaptive-1000,adaptive-100,0.004,2.057487051927775e-07,0.03128987306188415,7.425547403574649e-07,0.16521458211396203,5.852043278187658e-08,2.2465073457156315e-05,0.0033699232883552255,0.004046389408000006
oak,10000,quality_refinement,adaptive-1000,adaptive-100,0.0041,2.0880767455672853e-07,0.03170600927559787,7.861574352063805e-07,0.08395015634400327,6.076694012888649e-08,2.246507355874172e-05,5.273179769405001e-05,0.0006237343200000134
oak,10000,quality_refinement,adaptive-1000,adaptive-100,0.0042,2.1884540803241902e-07,0.03352778057725468,6.900033760609547e-07,0.19727387088797158,6.301344747904059e-08,2.2465073422850423e-05,0.001113448556748886,0.001789914675000004
oak,10000,quality_refinement,adaptive-1000,adaptive-100,0.0043,2.2287120514660315e-07,0.03387689492084772,1.0899111844986376e-06,0.13756344198445647,6.525995482637575e-08,2.2465073487687448e-05,0.004821661890531043,0.004145195774999999
oak,10000,quality_refinement,adaptive-1000,adaptive-100,0.0044,2.489925020923282e-07,0.032930105720761216,7.656731376148862e-07,0.1948284343435597,6.75064621650373e-08,2.2465073441835237e-05,0.0016800712067050472,0.0010036050910000038
oak,10000,quality_refinement,adaptive-1000,adaptive-100,0.0045,2.4588139231166503e-07,0.0356963696923737,1.0241588241644006e-06,0.11649288490028753,6.975296950456622e-08,2.246507341407966e-05,0.005522546483215152,0.006199012597999987
oak,10000,quality_refinement,adaptive-1000,adaptive-100,0.0046,2.3500156151880747e-07,0.03947160417172149,7.928097364995335e-07,0.10659634935233964,7.199947685190139e-08,2.2465073425181892e-05,0.00639708742931816,0.007073553543999994
oak,10000,quality_refinement,adaptive-1000,adaptive-100,0.0047,2.548280157456546e-07,0.03778249295071245,9.82238309993333e-07,0.1949168584267581,7.424598419988708e-08,2.246507341396864e-05,0.0049419114252902685,0.004265445312000016
oak,10000,quality_refinement,adaptive-1000,adaptive-100,0.0048,2.7006581245242093e-07,0.03687133389384892,7.913801648995467e-07,0.1517772100453883,7.649249154201808e-08,2.246507332137604e-05,0.0010768398259977663,0.0017533059399999773
oak,10000,quality_refinement,adaptive-1000,adaptive-100,0.0049,2.6849674411687175e-07,0.03900933617870881,1.0201747254259819e-06,0.1566680228818061,7.873899887525862e-08,2.246507325776026e-05,0.01391461907670688,0.014591085189000014
oak,10000,quality_refinement,adaptive-1000,adaptive-100,0.005,2.554610063572371e-07,0.04168027043979891,7.072951725058086e-07,0.1612149610799266,8.098550620047607e-08,2.246507324477065e-05,0.0005062957122396877,0.000170170401000036
oak,10000,fixed_comparison,adaptive-100,fixed,0.0,0.0,0.0,0.0,0.0,0.0,0.0,0.0,0.0
oak,10000,fixed_comparison,adaptive-100,fixed,0.0001,9.672677970807343e-16,0.0,1.3732700395566711e-15,0.0,5.122684419745268e-16,0.0,0.0,3.5098178699150597e-19
oak,10000,fixed_comparison,adaptive-100,fixed,0.0002,1.557415866441313e-15,8.713579417825513e-11,2.593921520345449e-15,1.0284741617886945e-09,9.96740108432296e-16,0.0,1.7391142697344624e-19,4.49462532398e-19
oak,10000,fixed_comparison,adaptive-100,fixed,0.0003,1.3677023457868898e-15,1.3898389927820155e-10,3.621384730087435e-15,1.8282243419830872e-09,1.0007312085712244e-15,0.0,4.424497099596593e-19,3.6878538769502e-19
oak,10000,fixed_comparison,adaptive-100,fixed,0.0004,1.390350844791407e-15,1.186762313485722e-10,5.219395220747612e-15,1.3055248588151504e-09,1.010373324408418e-15,0.0,3.225985596212811e-19,5.9642706867005e-19
oak,10000,fixed_comparison,adaptive-100,fixed,0.0005,1.4925779061524787e-15,1.2070671680454524e-10,4.390285229094995e-15,6.19096777772739e-10,1.0068672667718846e-15,0.0,3.3077947496916027e-19,8.5659767559133e-19
oak,10000,fixed_comparison,adaptive-100,fixed,0.0006,1.443892828969011e-15,1.4513446800375598e-10,4.495996320873173e-15,1.9545553328370794e-09,1.0052943953359583e-15,2.7755575615628914e-17,4.849153987476661e-19,7.3932603616268005e-19
oak,10000,fixed_comparison,adaptive-100,fixed,0.0007,1.4100255209202254e-15,1.620803632352798e-10,5.140254672001901e-15,1.9980531595049305e-09,1.0059510024857383e-15,0.0,6.003222730859469e-19,6.5717381015857e-19
oak,10000,fixed_comparison,adaptive-100,fixed,0.0008,1.4717312290736112e-15,1.832576402095978e-10,6.84930814768203e-15,2.9383569176253763e-09,1.0040414603105165e-15,3.521787733787174e-16,7.667544906169773e-19,8.305089053051699e-19
oak,10000,fixed_comparison,adaptive-100,fixed,0.0009,1.5504429645735979e-15,1.613115913354846e-10,5.82515836617058e-15,1.1694499323394939e-09,1.0023647994759756e-15,4.1540741810552243e-16,5.869191858296442e-19,1.11498765435564e-18
oak,10000,fixed_comparison,adaptive-100,fixed,0.001,1.5552794740583578e-15,1.8500780825080343e-10,4.7425718635865574e-15,1.7583821256575099e-09,1.0051195052894454e-15,5.080386868766167e-13,7.724756832030557e-19,9.888705817270099e-19
oak,10000,fixed_comparison,adaptive-100,fixed,0.0011,4.631425138669698e-09,0.0007735484394455299,1.9041290252874766e-08,0.010456281712990958,1.1873648765942633e-10,5.08252094222339e-06,8.976942494826057e-06,0.00017208338999985529
oak,10000,fixed_comparison,adaptive-100,fixed,0.0012,9.071550818518821e-09,0.001251237984683236,5.291708165960532e-08,0.00938253987883814,4.658651592167212e-12,2.7749112310043733e-06,0.0003367337366818046,0.00043932298000015635
oak,10000,fixed_comparison,adaptive-100,fixed,0.0013,1.3485024269040128e-08,0.0019806212536143163,8.087430111713979e-08,0.02660391291292216,2.310895400835541e-10,8.041543759496061e-06,0.0003636667274027616,0.002716098269999634
oak,10000,fixed_comparison,adaptive-100,fixed,0.0014,1.618822256806509e-08,0.003077802755210587,1.0181939856769159e-07,0.029162354437403462,5.963731179905914e-10,5.0292266168261435e-06,0.0002779135968240254,0.0016220161750000184
oak,10000,fixed_comparison,adaptive-100,fixed,0.0015,2.0405990846027064e-08,0.0038299472145363394,1.3744730088037058e-07,0.03922059425278784,1.456151180971173e-09,1.5046376514615822e-05,3.661964443163468e-05,0.000493003599999986
oak,10000,fixed_comparison,adaptive-100,fixed,0.0016,2.6567960534868454e-08,0.004351440176092527,1.4601604554631556e-07,0.06987970486561874,2.9607888284113513e-09,1.5046376497407365e-05,0.0005491044049383831,0.0010054883620000121
oak,10000,fixed_comparison,adaptive-100,fixed,0.0017,2.901856585649357e-08,0.00574193706306473,1.2116002471279923e-07,0.08229191060804882,4.4654264789958106e-09,1.5046376498850655e-05,0.0003187169730682893,0.0007751009310000279
oak,10000,fixed_comparison,adaptive-100,fixed,0.0018,3.579341180955765e-08,0.006051162551092459,2.570817883925981e-07,0.06534684694233014,5.9700641287129326e-09,1.504637649474283e-05,0.0006818316570569305,0.001138215612999982
oak,10000,fixed_comparison,adaptive-100,fixed,0.0019,3.960798386535466e-08,0.007082368854186751,2.2710892798240533e-07,0.07908263263024558,7.474701773334313e-09,1.5046376491190117e-05,2.735508048135049e-05,0.0004837390369999972
oak,10000,fixed_comparison,adaptive-100,fixed,0.002,4.573909250710151e-08,0.007468821425462932,2.6904241275617595e-07,0.060959681751313534,8.979339421208303e-09,1.5046376475535972e-05,0.00015954843174342814,0.0002968355269999945
oak,10000,fixed_comparison,adaptive-100,fixed,0.0021,4.921554176658012e-08,0.008741062815582398,1.941873292721219e-07,0.11036768931901779,1.0483977074069629e-08,1.504637647542495e-05,0.0010078991624984934,0.0005515152030000081
oak,10000,fixed_comparison,adaptive-100,fixed,0.0022,5.463882921039846e-08,0.009034343517408923,3.2055075915510327e-07,0.12508050969626983,1.1988614713757898e-08,1.5046376452887422e-05,0.0015095089085199742,0.001053124949000006
oak,10000,fixed_comparison,adaptive-100,fixed,0.0023,5.9094229811086215e-08,0.009846702555650875,2.632440051260415e-07,0.09843943249910356,1.3493252362607677e-08,1.5046376463323519e-05,0.003345321998594719,0.002888938039000033
oak,10000,fixed_comparison,adaptive-100,fixed,0.0024,6.126609475044453e-08,0.010674460484527809,2.8492320236109725e-07,0.09264240714710555,1.499789001449322e-08,1.504637643545692e-05,0.0008528257126749761,0.00039644175500000434
oak,10000,fixed_comparison,adaptive-100,fixed,0.0025,6.859011874382255e-08,0.010987449511821212,3.4682963889753893e-07,0.08025899143916722,1.6502527654913332e-08,1.5046376412586326e-05,0.0008577145934327568,0.0013140985529999927
oak,10000,fixed_comparison,adaptive-100,fixed,0.0026,7.146441244121974e-08,0.01228212099034629,3.1180504699024336e-07,0.1128560983743755,1.8007165296742902e-08,1.5046376426464114e-05,0.0014335111360084252,0.0009771271760000144
oak,10000,fixed_comparison,adaptive-100,fixed,0.0027,7.42551037159808e-08,0.013142463322248058,4.581801963006606e-07,0.11508240244400184,1.951180294026654e-08,1.5046376409921791e-05,0.00029710989234926766,0.0007534938550000092
oak,10000,fixed_comparison,adaptive-100,fixed,0.0028,7.83738385567271e-08,0.013915822512349702,3.985031747366641e-07,0.15345562129760673,2.101644057718332e-08,1.5046376386829152e-05,0.002792037980531653,0.0023356540180000107
oak,10000,fixed_comparison,adaptive-100,fixed,0.0029,8.82751983113445e-08,0.01296056782952875,4.3336407036162913e-07,0.07833658610508676,2.2521078217447574e-08,1.5046376387162219e-05,0.0022136166312877736,0.0017572326699999974
oak,10000,fixed_comparison,adaptive-100,fixed,0.003,8.996674972922082e-08,0.014717437805907802,3.1521791221678086e-07,0.10839754061444182,2.402571586202831e-08,1.5046376405813966e-05,0.0018359312501502328,0.0013795472869999603
oak,10000,fixed_comparison,adaptive-100,fixed,0.0031,9.286311981452405e-08,0.015412140402423887,4.622956002037215e-07,0.06339563270404361,2.553035350624313e-08,1.504637641180917e-05,0.001272058436821627,0.0017284423970000407
oak,10000,fixed_comparison,adaptive-100,fixed,0.0032,9.100703909298236e-08,0.01722491956376552,4.2201640651495786e-07,0.12586522191611763,2.7034991147828757e-08,1.504637641325246e-05,0.0004065630927712338,4.982086799998342e-05
oak,10000,fixed_comparison,adaptive-100,fixed,0.0033,1.0580105053397795e-07,0.016152283601303694,5.043875066121146e-07,0.05821484586521835,2.8539628786053355e-08,1.5046376410698947e-05,0.00135038554310013,0.0008940015810000035
oak,10000,fixed_comparison,adaptive-100,fixed,0.0034,1.057143130826696e-07,0.017696245990336645,5.3833219298971e-07,0.08285683363968856,3.004426641788116e-08,1.504637636307038e-05,0.0005988137061536947,0.0010551976679999964
oak,10000,fixed_comparison,adaptive-100,fixed,0.0035,1.1733603921220584e-07,0.01699918172913442,5.421187506578508e-07,0.06878501481583549,3.154890405995468e-08,1.504637636262629e-05,0.004482559338137515,0.004938943297000009
oak,10000,fixed_comparison,adaptive-100,fixed,0.0036,1.1869121314198434e-07,0.018114717375093025,3.5946901981376273e-07,0.11451953504471832,3.305354169622772e-08,1.5046376361849134e-05,0.0011230936545644776,0.0006667096950000173
oak,10000,fixed_comparison,adaptive-100,fixed,0.0037,1.218077183971116e-07,0.018696448127304165,4.794450273737372e-07,0.0741866522454456,3.455817933347654e-08,1.504637633464867e-05,0.002205790825461018,0.002662174784999971
oak,10000,fixed_comparison,adaptive-100,fixed,0.0038,1.266576551284681e-07,0.019730275630929165,3.498909891442946e-07,0.09794358343664085,3.6062816963786464e-08,1.5046376247940252e-05,0.0015707309177865336,0.0020271148780000026
oak,10000,fixed_comparison,adaptive-100,fixed,0.0039,1.3374311967170403e-07,0.019711570157144104,3.958765262964138e-07,0.08028638676196541,3.7567454587049075e-08,1.5046376244054471e-05,0.00402494430496822,0.004481328263999995
oak,10000,fixed_comparison,adaptive-100,fixed,0.004,1.356617982977834e-07,0.021097413500468266,5.338727920994879e-07,0.08697507246003158,3.907209221356429e-08,1.5046376274807649e-05,0.001980569417570438,0.0024369533770000062
oak,10000,fixed_comparison,adaptive-100,fixed,0.0041,1.32677160290172e-07,0.022544001140368673,5.102356049613288e-07,0.09354510389606989,4.05767298379111e-08,1.5046376287686236e-05,0.000675146977698271,0.0011315309359999914
oak,10000,fixed_comparison,adaptive-100,fixed,0.0042,1.456972244895833e-07,0.021548721762567856,3.9266853391512233e-07,0.10881149039600267,4.2081367462474754e-08,1.50463762377262e-05,0.00014379413153381426,0.0006001780919999977
oak,10000,fixed_comparison,adaptive-100,fixed,0.0043,1.47004060113971e-07,0.02223786002348444,7.114303441080327e-07,0.10045503446666114,4.3586005086387887e-08,1.5046376240834825e-05,0.0028331141842072582,0.002376730223999979
oak,10000,fixed_comparison,adaptive-100,fixed,0.0044,1.6197937897544303e-07,0.021131939853142035,6.371748826156741e-07,0.07835336352936675,4.5090642708349455e-08,1.5046376241945048e-05,0.00044903982632910067,0.0009054237860000036
oak,10000,fixed_comparison,adaptive-100,fixed,0.0045,1.5308604995879303e-07,0.024634214623071356,6.356415623298695e-07,0.11378019480557681,4.659528033291311e-08,1.504637623728211e-05,0.0041631228796123465,0.004619506839000004
oak,10000,fixed_comparison,adaptive-100,fixed,0.0046,1.52595615263813e-07,0.025110580204867516,4.7117885251979286e-07,0.07274430417657152,4.8099917953139955e-08,1.5046376187655142e-05,0.0017736276497919978,0.0022300116089999933
oak,10000,fixed_comparison,adaptive-100,fixed,0.0047,1.603687754461996e-07,0.026055456053251946,7.143785238916678e-07,0.18605176685197933,4.9604555580305694e-08,1.504637619720306e-05,0.0024811867305704616,0.002024802771000006
oak,10000,fixed_comparison,adaptive-100,fixed,0.0048,1.7362268523423377e-07,0.024275871566459117,6.34873239979683e-07,0.08725941315234642,5.1109193202917784e-08,1.5046376199867595e-05,0.0020857435877027486,0.002542127547999984
oak,10000,fixed_comparison,adaptive-100,fixed,0.0049,1.7123194084004874e-07,0.026299006996102388,6.01076054339289e-07,0.145461909302594,5.2613830820542544e-08,1.5046376138583284e-05,0.008891523696607617,0.009347907651999998
oak,10000,fixed_comparison,adaptive-100,fixed,0.005,1.686528674384284e-07,0.027080287040707484,6.960481093042573e-07,0.09489487490170545,5.411846843187893e-08,1.5046376115823712e-05,0.0018844099267435327,0.0014280259699999687
oak,10000,quality_refinement,adaptive-100,adaptive-10,0.0,0.0,0.0,0.0,0.0,0.0,0.0,0.0,0.0
oak,10000,quality_refinement,adaptive-100,adaptive-10,0.0001,0.0,0.0,0.0,0.0,0.0,0.0,0.0,0.0
oak,10000,quality_refinement,adaptive-100,adaptive-10,0.0002,0.0,0.0,0.0,0.0,0.0,0.0,0.0,0.0
oak,10000,quality_refinement,adaptive-100,adaptive-10,0.0003,0.0,0.0,0.0,0.0,0.0,0.0,0.0,0.0
oak,10000,quality_refinement,adaptive-100,adaptive-10,0.0004,0.0,0.0,0.0,0.0,0.0,0.0,0.0,0.0
oak,10000,quality_refinement,adaptive-100,adaptive-10,0.0005,0.0,0.0,0.0,0.0,0.0,0.0,0.0,0.0
oak,10000,quality_refinement,adaptive-100,adaptive-10,0.0006,0.0,0.0,0.0,0.0,0.0,0.0,0.0,0.0
oak,10000,quality_refinement,adaptive-100,adaptive-10,0.0007,0.0,0.0,0.0,0.0,0.0,0.0,0.0,0.0
oak,10000,quality_refinement,adaptive-100,adaptive-10,0.0008,0.0,0.0,0.0,0.0,0.0,0.0,0.0,0.0
oak,10000,quality_refinement,adaptive-100,adaptive-10,0.0009,0.0,0.0,0.0,0.0,0.0,0.0,0.0,0.0
oak,10000,quality_refinement,adaptive-100,adaptive-10,0.001,0.0,0.0,0.0,0.0,0.0,0.0,0.0,0.0
oak,10000,quality_refinement,adaptive-100,adaptive-10,0.0011,4.788497916341307e-10,8.000626651676201e-05,1.99099478570553e-09,0.0011003316170569832,1.2207527740710783e-11,5.254847686986253e-07,1.0725381560383607e-06,1.790527000000708e-05
oak,10000,quality_refinement,adaptive-100,adaptive-10,0.0012,1.4673157532250644e-09,0.00019894433149685197,9.23078682108833e-09,0.0008376938229860683,6.807744527847769e-13,4.294791813019838e-07,5.013696527914058e-05,6.570198999966692e-05
oak,10000,quality_refinement,adaptive-100,adaptive-10,0.0013,2.2184538278394793e-09,0.0003346057433887098,1.3436950302425643e-08,0.004905934572111571,4.47778008249818e-11,1.4014994297872896e-06,6.57851097708162e-05,0.0004031034200000505
oak,10000,quality_refinement,adaptive-100,adaptive-10,0.0014,2.5604771536598376e-09,0.000470535571067135,1.9309933436118707e-08,0.002931735028715275,1.199753477989081e-10,1.0310696438864397e-06,5.157605671401999e-05,0.00017496987599996405
oak,10000,quality_refinement,adaptive-100,adaptive-10,0.0015,3.129768574858388e-09,0.0005996164868595001,1.7249586398149223e-08,0.007818065258896608,2.565164222527653e-10,2.235178315990183e-06,2.974337582339892e-06,6.321627400002194e-05
oak,10000,quality_refinement,adaptive-100,adaptive-10,0.0016,3.919596328864418e-09,0.000639638183407714,2.5066820935027532e-08,0.006068619538774357,4.800343795423786e-10,2.2351794353170362e-06,9.239251391657266e-05,0.00015858310100000383
oak,10000,quality_refinement,adaptive-100,adaptive-10,0.0017,4.222371633767103e-09,0.0007871872002878868,2.8269225925020666e-08,0.009983215950192142,7.035520821529072e-10,2.23517591357858e-06,1.8500637473384263e-05,8.469119499998623e-05
oak,10000,quality_refinement,adaptive-100,adaptive-10,0.0018,5.009511359478817e-09,0.0009244015021759614,3.5429007782204604e-08,0.01109739582951717,9.270696119416117e-10,2.235175936338152e-06,8.906107381967399e-05,0.0001552516830000128
oak,10000,quality_refinement,adaptive-100,adaptive-10,0.0019,5.663663485256085e-09,0.0009947585736780166,3.1073477209011494e-08,0.013434751460237284,1.1505871751237419e-09,2.2351748607540856e-06,3.6503943976473607e-06,6.984091700001915e-05
oak,10000,quality_refinement,adaptive-100,adaptive-10,0.002,6.522791803764975e-09,0.0011661003022385966,3.2540682947249456e-08,0.011109616033687611,1.3741045641830039e-09,2.2351734421111047e-06,2.2648614981385373e-05,4.354194099998043e-05
oak,10000,quality_refinement,adaptive-100,adaptive-10,0.0021,7.322088807628506e-09,0.001185211323106606,5.363242789848592e-08,0.0070167154413372556,1.5976218752881305e-09,2.2351728459213405e-06,0.00011774859094942913,5.1558035000009994e-05
oak,10000,quality_refinement,adaptive-100,adaptive-10,0.0022,7.880352416777117e-09,0.001483042909520595,4.492932395870275e-08,0.01925964355850997,1.8211392207082565e-09,2.235173825471115e-06,0.00025757074582566375,0.00019138025099998957
oak,10000,quality_refinement,adaptive-100,adaptive-10,0.0023,8.987281854443834e-09,0.0014879397317889584,4.5599418892897887e-08,0.017373461985042124,2.0446565640141874e-09,2.2351735518011395e-06,0.0004440906215309459,0.00037790012799998607
oak,10000,quality_refinement,adaptive-100,adaptive-10,0.0024,9.30998864083824e-09,0.0017263490683210908,6.141355214586756e-08,0.019419731220875425,2.268174063878913e-09,2.2351757568150887e-06,0.00020226363501235634,0.00013607311499999608
oak,10000,quality_refinement,adaptive-100,adaptive-10,0.0025,1.0201487046495274e-08,0.0018516128764761717,4.890336971231671e-08,0.02839087488565389,2.491691570221746e-09,2.2351755696314868e-06,0.00020084230284789228,0.0002670326789999955
oak,10000,quality_refinement,adaptive-100,adaptive-10,0.0026,1.0823932934139483e-08,0.0019786987279349164,6.993350553492085e-08,0.029156526195049524,2.715209194064989e-09,2.2351764920047756e-06,0.0002809984921844366,0.00021480802599999071
oak,10000,quality_refinement,adaptive-100,adaptive-10,0.0027,1.1129171153043514e-08,0.002122243427457593,8.957957469547733e-08,0.03589762131248056,2.938726936038836e-09,2.235176737697131e-06,7.287843595360499e-05,6.687927000009752e-06
oak,10000,quality_refinement,adaptive-100,adaptive-10,0.0028,1.200953201000996e-08,0.0021184050937646678,9.818036704168185e-08,0.023553525089539545,3.1622446274922495e-09,2.2351757100746994e-06,0.00047610442075718407,0.0004099139829999987
oak,10000,quality_refinement,adaptive-100,adaptive-10,0.0029,1.301658791561666e-08,0.002172514582837997,1.3186182808781424e-07,0.03568328228683765,3.385762306097867e-09,2.2351759211280964e-06,0.00019066897446506914,0.00012447864000000863
oak,10000,quality_refinement,adaptive-100,adaptive-10,0.003,1.3696250814569471e-08,0.002404784096896551,5.864954156943489e-08,0.056950464928163476,3.609279898499248e-09,2.235175983078541e-06,0.0002293321882859134,0.00016314184600002557
oak,10000,quality_refinement,adaptive-100,adaptive-10,0.0031,1.4022651643567693e-08,0.0023911690350261194,1.2280470404348226e-07,0.03232585828037338,3.8327973120614805e-09,2.235173666820245e-06,9.30385556107971e-05,0.00015922889099995174
oak,10000,quality_refinement,adaptive-100,adaptive-10,0.0032,1.4110402819818349e-08,0.002786896850004042,7.571305932208006e-08,0.04786533046879569,4.056314690441353e-09,2.2351735976533504e-06,0.00021766324652602864,0.00015147293900003023
oak,10000,quality_refinement,adaptive-100,adaptive-10,0.0033,1.611864709077324e-08,0.0026021449057518483,1.408657052165458e-07,0.027153705447034576,4.279832111972471e-09,2.2351732034131544e-06,4.1053062476259505e-05,2.5137296999988568e-05
oak,10000,quality_refinement,adaptive-100,adaptive-10,0.0034,1.591043185155589e-08,0.002998752612650058,7.980149341335618e-08,0.04871146610503502,4.5033493358535336e-09,2.2351711747026215e-06,6.283657434510981e-05,3.3537779999814887e-06
oak,10000,quality_refinement,adaptive-100,adaptive-10,0.0035,1.7013786001062382e-08,0.002943785257216163,1.5895300213885751e-07,0.0289200774077213,4.726866499669796e-09,2.23516767683396e-06,0.0007076658351782283,0.0007738561319999837
oak,10000,quality_refinement,adaptive-100,adaptive-10,0.0036,1.8472596392427045e-08,0.00287636365646297,1.1276596388015091e-07,0.043665011182886966,4.950382972903484e-09,2.235164533570533e-06,6.162795820496836e-05,0.000127818192000001
oak,10000,quality_refinement,adaptive-100,adaptive-10,0.0037,1.8084788455823943e-08,0.003413524725572397,1.0945135636323347e-07,0.06730222999511569,5.173899300637241e-09,2.235163950370378e-06,0.0003609445211852913,0.0004271348510000439
oak,10000,quality_refinement,adaptive-100,adaptive-10,0.0038,1.9954759370706975e-08,0.0031024572128087037,1.3863231655227284e-07,0.0456419145999886,5.397415816263233e-09,2.235166120856391e-06,0.0003745690379619582,0.00044075939899998473
oak,10000,quality_refinement,adaptive-100,adaptive-10,0.0039,2.007324321421606e-08,0.00357283447086149,1.392773042126279e-07,0.042929992143171725,5.620932816744439e-09,2.235170964537403e-06,0.0007591133113979964,0.0008253036570000094
oak,10000,quality_refinement,adaptive-100,adaptive-10,0.004,2.102312419128481e-08,0.0034986041133535273,1.4568659117446433e-07,0.03557170331715124,5.844450003383157e-09,2.2351722154256848e-06,0.0004592192649602589,0.0005254096359999516
oak,10000,quality_refinement,adaptive-100,adaptive-10,0.0041,1.9992707474562386e-08,0.004038325100831557,1.208795531255778e-07,0.05068410795633082,6.067967401766558e-09,2.235176169818054e-06,0.0005177056629895871,0.00045151516200003794
oak,10000,quality_refinement,adaptive-100,adaptive-10,0.0042,2.3115164236120117e-08,0.0037025296205155166,1.372111455769596e-07,0.03996216274890127,6.291485121507484e-09,2.2351776863827055e-06,0.00035967450822016467,0.0004258650529999908
oak,10000,quality_refinement,adaptive-100,adaptive-10,0.0043,2.3529583917990544e-08,0.0038374432323812937,1.2485597578088103e-07,0.0450489257115427,6.515002873123955e-09,2.2351773037998512e-06,0.00019479362629329366,0.00012860317599999727
oak,10000,quality_refinement,adaptive-100,adaptive-10,0.0044,2.4548937775609253e-08,0.00442961295856867,9.632477656554939e-08,0.06367808462482719,6.7385207682887915e-09,2.235179204723714e-06,0.0008461496154295589,0.0009123400540000104
oak,10000,quality_refinement,adaptive-100,adaptive-10,0.0045,2.3898737217435912e-08,0.004531208930676677,1.6069358289130399e-07,0.05397153634500222,6.962038669958843e-09,2.2351786709284838e-06,0.00026509395076818043,0.00033128439300000867
oak,10000,quality_refinement,adaptive-100,adaptive-10,0.0046,2.4464202844671626e-08,0.004661877445419364,1.393080596838404e-07,0.0552290309225907,7.185556268269126e-09,2.2351759784156044e-06,0.00013758645737727004,0.0002037768280000185
oak,10000,quality_refinement,adaptive-100,adaptive-10,0.0047,2.6243199802846133e-08,0.00460530038345183,1.635273392203831e-07,0.08260654579869153,7.409073954182944e-09,2.235176956855156e-06,0.0005306346120528826,0.00046444415899998814
oak,10000,quality_refinement,adaptive-100,adaptive-10,0.0048,2.6802022365176743e-08,0.004780991909934957,2.4137303484987966e-07,0.058525852460222266,7.632591595644472e-09,2.235177006815192e-06,0.0005183756929847405,0.0005845661309999972
oak,10000,quality_refinement,adaptive-100,adaptive-10,0.0049,2.7024673837855485e-08,0.00494631937794219,1.6569550363802688e-07,0.08004862995949265,7.856109232769193e-09,2.235175495135522e-06,0.001399125757628128,0.0014653162389999808
oak,10000,quality_refinement,adaptive-100,adaptive-10,0.005,2.7513710952328256e-08,0.00480205914364106,3.307058184026274e-07,0.04489355446417514,8.079626798987093e-09,2.2351754751515074e-06,0.00032437324577175297,0.00025818271400002146
oak,10000,fixed_comparison,adaptive-10,fixed,0.0,0.0,0.0,0.0,0.0,0.0,0.0,0.0,0.0
oak,10000,fixed_comparison,adaptive-10,fixed,0.0001,9.672677970807343e-16,0.0,1.3732700395566711e-15,0.0,5.122684419745268e-16,0.0,0.0,3.5098178699150597e-19
oak,10000,fixed_comparison,adaptive-10,fixed,0.0002,1.557415866441313e-15,8.713579417825513e-11,2.593921520345449e-15,1.0284741617886945e-09,9.96740108432296e-16,0.0,1.7391142697344624e-19,4.49462532398e-19
oak,10000,fixed_comparison,adaptive-10,fixed,0.0003,1.3677023457868898e-15,1.3898389927820155e-10,3.621384730087435e-15,1.8282243419830872e-09,1.0007312085712244e-15,0.0,4.424497099596593e-19,3.6878538769502e-19
oak,10000,fixed_comparison,adaptive-10,fixed,0.0004,1.390350844791407e-15,1.186762313485722e-10,5.219395220747612e-15,1.3055248588151504e-09,1.010373324408418e-15,0.0,3.225985596212811e-19,5.9642706867005e-19
oak,10000,fixed_comparison,adaptive-10,fixed,0.0005,1.4925779061524787e-15,1.2070671680454524e-10,4.390285229094995e-15,6.19096777772739e-10,1.0068672667718846e-15,0.0,3.3077947496916027e-19,8.5659767559133e-19
oak,10000,fixed_comparison,adaptive-10,fixed,0.0006,1.443892828969011e-15,1.4513446800375598e-10,4.495996320873173e-15,1.9545553328370794e-09,1.0052943953359583e-15,2.7755575615628914e-17,4.849153987476661e-19,7.3932603616268005e-19
oak,10000,fixed_comparison,adaptive-10,fixed,0.0007,1.4100255209202254e-15,1.620803632352798e-10,5.140254672001901e-15,1.9980531595049305e-09,1.0059510024857383e-15,0.0,6.003222730859469e-19,6.5717381015857e-19
oak,10000,fixed_comparison,adaptive-10,fixed,0.0008,1.4717312290736112e-15,1.832576402095978e-10,6.84930814768203e-15,2.9383569176253763e-09,1.0040414603105165e-15,3.521787733787174e-16,7.667544906169773e-19,8.305089053051699e-19
oak,10000,fixed_comparison,adaptive-10,fixed,0.0009,1.5504429645735979e-15,1.613115913354846e-10,5.82515836617058e-15,1.1694499323394939e-09,1.0023647994759756e-15,4.1540741810552243e-16,5.869191858296442e-19,1.11498765435564e-18
oak,10000,fixed_comparison,adaptive-10,fixed,0.001,1.5552794740583578e-15,1.8500780825080343e-10,4.7425718635865574e-15,1.7583821256575099e-09,1.0051195052894454e-15,5.080386868766167e-13,7.724756832030557e-19,9.888705817270099e-19
oak,10000,fixed_comparison,adaptive-10,fixed,0.0011,5.110119249235988e-09,0.000853479082582064,2.1032285038580287e-08,0.011556613143611024,1.3094401539988239e-10,5.608005710922015e-06,1.0049480650864417e-05,0.00018998865999986236
oak,10000,fixed_comparison,adaptive-10,fixed,0.0012,1.0538158613631482e-08,0.0014486650183148293,6.21420306184492e-08,0.010136101509548811,5.339426038051996e-12,3.204390412306357e-06,0.0003868707019609452,0.0005050249699998233
oak,10000,fixed_comparison,adaptive-10,fixed,0.0013,1.5698686742514428e-08,0.0023132032229384114,9.431125141956542e-08,0.03149711489799617,2.758673409083476e-10,9.443043189283351e-06,0.0004294518371735778,0.0031192016899996844
oak,10000,fixed_comparison,adaptive-10,fixed,0.0014,1.873916207399785e-08,0.0035411427978400355,1.2109605289985209e-07,0.030959061358256313,7.163484657894255e-10,6.060296260712583e-06,0.0003294896535380454,0.0017969860509999824
oak,10000,fixed_comparison,adaptive-10,fixed,0.0015,2.35177488650228e-08,0.004416262369300903,1.520965318954547e-07,0.046521277550469406,1.712667603223904e-09,1.7281554830606005e-05,3.364530684929479e-05,0.0005562198740000079
oak,10000,fixed_comparison,adaptive-10,fixed,0.0016,3.045684311495858e-08,0.00496778003554978,1.6702871061258231e-07,0.07594207461349246,3.4408232079537117e-09,1.7281555932724402e-05,0.0006414969188549557,0.001164071463000016
oak,10000,fixed_comparison,adaptive-10,fixed,0.0017,3.317205485383263e-08,0.006505795044673966,1.385154457275034e-07,0.09198778537172053,5.168978561148704e-09,1.7281552412429235e-05,0.00033721761054167354,0.0008597921260000141
oak,10000,fixed_comparison,adaptive-10,fixed,0.0018,4.071318702022524e-08,0.0069273541423176925,2.875272757910125e-07,0.07094298474693848,6.897133740654533e-09,1.7281552431080982e-05,0.0007708927308766045,0.0012934672959999949
oak,10000,fixed_comparison,adaptive-10,fixed,0.0019,4.5160497092658157e-08,0.007987870412661309,2.335482818874811e-07,0.08324578993936341,8.625288948458047e-09,1.7281551351944202e-05,3.100547487899785e-05,0.0005535799540000164
oak,10000,fixed_comparison,adaptive-10,fixed,0.002,5.208275787998244e-08,0.00852913351260765,3.010770299944111e-07,0.07183745313109774,1.0353443985391302e-08,1.7281549917647077e-05,0.00018219704672481352,0.0003403774679999749
oak,10000,fixed_comparison,adaptive-10,fixed,0.0021,5.6367933160064723e-08,0.009723846225449195,2.406353113208406e-07,0.11002591095126268,1.2081598949357754e-08,1.728154932134629e-05,0.0011256477534479226,0.0006030732380000181
oak,10000,fixed_comparison,adaptive-10,fixed,0.0022,6.216519828136917e-08,0.010377892438703016,3.3183737542050786e-07,0.13869174783001023,1.380975393446615e-08,1.7281550278358537e-05,0.001767079654345638,0.0012445051999999956
oak,10000,fixed_comparison,adaptive-10,fixed,0.0023,6.776098300255292e-08,0.011034282947721673,2.851766489977403e-07,0.10329148454025731,1.553790892662186e-08,1.7281550015124658e-05,0.003789412620125665,0.003266838167000019
oak,10000,fixed_comparison,adaptive-10,fixed,0.0024,6.994390652451025e-08,0.012229206947346881,2.810326711695739e-07,0.0995516073200866,1.726606407837213e-08,1.728155219227201e-05,0.0010550893476873324,0.0005325148700000004
oak,10000,fixed_comparison,adaptive-10,fixed,0.0025,7.844058333681146e-08,0.012305892826093557,3.956599300414254e-07,0.07466575610326588,1.8994219225135072e-08,1.7281551982217813e-05,0.001058556896280649,0.0015811312319999882
oak,10000,fixed_comparison,adaptive-10,fixed,0.0026,8.161233291570719e-08,0.01388378604969562,3.5652104857231137e-07,0.11782606084754545,2.0722374490807886e-08,1.728155291846889e-05,0.0017145096281928618,0.0011919352020000051
oak,10000,fixed_comparison,adaptive-10,fixed,0.0027,8.459827466818304e-08,0.014828893904834845,4.041169837574667e-07,0.11754094969059418,2.2450529876305373e-08,1.7281553147618922e-05,0.00022423145639566266,0.0007468059279999995
oak,10000,fixed_comparison,adaptive-10,fixed,0.0028,8.938832664587334e-08,0.015638320993021856,4.561020960358597e-07,0.15889988103123517,2.4178685204675566e-08,1.728155209690385e-05,0.003268142401288837,0.0027455680010000094
oak,10000,fixed_comparison,adaptive-10,fixed,0.0029,1.0038339671256521e-07,0.01464805752951848,4.1729486745641844e-07,0.07519509949038526,2.590684052354544e-08,1.7281552308290316e-05,0.0024042856057528428,0.001881711310000006
oak,10000,fixed_comparison,adaptive-10,fixed,0.003,1.0278646973177404e-07,0.01644417231358589,3.634457620971254e-07,0.120443148582849,2.7634995760527558e-08,1.7281552388892507e-05,0.0020652634384361462,0.0015426891329999859
oak,10000,fixed_comparison,adaptive-10,fixed,0.0031,1.055678231670487e-07,0.017403180884365935,5.297064934323137e-07,0.0696812060144097,2.936315081830461e-08,1.7281550078629415e-05,0.001365096992432424,0.0018876712879999924
oak,10000,fixed_comparison,adaptive-10,fixed,0.0032,1.0414213828364823e-07,0.01917295347893589,4.977294658370379e-07,0.139243008837548,3.1091305838270105e-08,1.728155001090581e-05,0.0006242263392972625,0.0001016520710000468
oak,10000,fixed_comparison,adaptive-10,fixed,0.0033,1.20736617702974e-07,0.018090033059379423,5.713286580085391e-07,0.05521571055137133,3.2819460898025825e-08,1.72815496141121e-05,0.0013914386055763894,0.0008688642840000149
oak,10000,fixed_comparison,adaptive-10,fixed,0.0034,1.20239218526812e-07,0.019983263452726892,6.181336864030662e-07,0.09176760492558576,3.4547615753734696e-08,1.7281547537773e-05,0.0005359771318085849,0.0010585514459999779
oak,10000,fixed_comparison,adaptive-10,fixed,0.0035,1.326941212044743e-07,0.019451280179238587,5.767394431069228e-07,0.08636588046093477,3.627577055962448e-08,1.728154403946025e-05,0.005190225173315743,0.005712799428999993
oak,10000,fixed_comparison,adaptive-10,fixed,0.0036,1.3579709321343682e-07,0.02021069335711477,4.1057751166575306e-07,0.12517425532090776,3.80039246691312e-08,1.7281540895419667e-05,0.0010614656963595093,0.0005388915030000163
oak,10000,fixed_comparison,adaptive-10,fixed,0.0037,1.385367609932595e-07,0.021159468672593097,5.327240396313382e-07,0.08780983438889028,3.973207863411378e-08,1.7281540285019048e-05,0.0025667353466463094,0.003089309636000015
oak,10000,fixed_comparison,adaptive-10,fixed,0.0038,1.449650094956783e-07,0.022047937375881323,4.342550098834761e-07,0.10006067395577968,4.14602327800497e-08,1.7281542368796643e-05,0.0019452999557484918,0.0024678742769999873
oak,10000,fixed_comparison,adaptive-10,fixed,0.0039,1.5202909880926783e-07,0.022400792311068066,4.35821672573491e-07,0.09000893416000161,4.3188387403793514e-08,1.7281547208591874e-05,0.004784057616366216,0.005306631921000005
oak,10000,fixed_comparison,adaptive-10,fixed,0.004,1.5468410039139458e-07,0.023694480638886534,6.273388525601664e-07,0.090252697329532,4.491654221694744e-08,1.7281548490233334e-05,0.002439788682530697,0.002962363012999958
oak,10000,fixed_comparison,adaptive-10,fixed,0.0041,1.4979798618087672e-07,0.025923934793591234,5.832236749103714e-07,0.11164553050716812,4.664469723967766e-08,1.728155245750429e-05,0.00015744131470868394,0.0006800157739999535
oak,10000,fixed_comparison,adaptive-10,fixed,0.0042,1.665784153999326e-07,0.024210030952571533,4.532630046459923e-07,0.10744414401192519,4.837285258398224e-08,1.7281553924108906e-05,0.0005034686397539789,0.0010260431449999885
oak,10000,fixed_comparison,adaptive-10,fixed,0.0043,1.6781848647860942e-07,0.025176540358709098,7.982898590497278e-07,0.11309203385437977,5.010100795951184e-08,1.7281553544634676e-05,0.003027907810500552,0.002505333399999976
oak,10000,fixed_comparison,adaptive-10,fixed,0.0044,1.8466093626753085e-07,0.023886905304234374,7.315264805821205e-07,0.08716444188917018,5.182916347663825e-08,1.728155544666876e-05,0.0012951894417586596,0.001817763840000014
oak,10000,fixed_comparison,adaptive-10,fixed,0.0045,1.7359740740610225e-07,0.02808516758635827,7.100995491893247e-07,0.13170091675723825,5.355731900287195e-08,1.7281554908210595e-05,0.004428216830380527,0.0049507912320000125
oak,10000,fixed_comparison,adaptive-10,fixed,0.0046,1.7390977364320487e-07,0.02835790723193215,5.390674356685852e-07,0.08063401316988465,5.528547422140908e-08,1.7281552166070746e-05,0.0019112141071692679,0.002433788437000012
oak,10000,fixed_comparison,adaptive-10,fixed,0.0047,1.827321289431637e-07,0.029331319797068836,8.420163027378358e-07,0.20174569769373285,5.701362953448864e-08,1.7281553154058216e-05,0.0030118213426233442,0.002489246929999994
oak,10000,fixed_comparison,adaptive-10,fixed,0.0048,1.9665090297349006e-07,0.02772626259166201,7.370973816589466e-07,0.1187822754804398,5.8741784798562256e-08,1.7281553206682787e-05,0.002604119280687489,0.003126693678999981
oak,10000,fixed_comparison,adaptive-10,fixed,0.0049,1.9436859160035092e-07,0.02954541873480678,6.663461074724042e-07,0.14859147732583264,6.046994005331174e-08,1.7281551633718806e-05,0.010290649454235745,0.010813223890999979
oak,10000,fixed_comparison,adaptive-10,fixed,0.005,1.9152510764427153e-07,0.03051889926537323,7.520743512183575e-07,0.10311862854794751,6.219809523086602e-08,1.728155159097522e-05,0.0022087831725152857,0.0016862086839999901
