material,damping_kg_s,coarse_dt_s,fine_dt_s,time_s,position_rms_m,velocity_rms_m_s,position_max_m,velocity_max_m_s,com_position_difference_m,com_velocity_difference_m_s,internal_kinetic_difference_j,body_elastic_difference_j
glass,0,1.25E-05,6.25E-06,0.0,0.0,0.0,0.0,0.0,0.0,0.0,0.0,0.0
glass,0,1.25E-05,6.25E-06,0.0001,2.0396058299465963e-16,0.0,3.3306690738754696e-16,0.0,8.035147086669913e-17,0.0,0.0,5.722873866725e-20
glass,0,1.25E-05,6.25E-06,0.0002,1.5831119585655992e-16,2.591402455947461e-11,4.20934145542537e-16,2.7223167787780883e-10,9.615081179463823e-17,2.0014830212433605e-16,3.9714331027238637e-20,3.167788510843e-20
glass,0,1.25E-05,6.25E-06,0.0003,1.6237864808606889e-16,2.4259350592394535e-11,4.20934145542537e-16,1.9968774940680308e-10,9.593509011069148e-17,7.850462293418876e-17,3.851377449777239e-20,3.4501323283420003e-20
glass,0,1.25E-05,6.25E-06,0.0004,1.792078830146226e-16,2.442176803552529e-11,5.236560911713848e-16,2.6446647214197485e-10,9.627616566041178e-17,0.0,2.876412632749567e-20,4.569896967212e-20
glass,0,1.25E-05,6.25E-06,0.0005,1.6579744931904355e-16,2.7496958662739065e-11,5.151967300028648e-16,2.0912876508521776e-10,9.622765839934851e-17,1.0007415106216802e-16,3.7175481631639507e-20,3.87976500873e-20
glass,0,1.25E-05,6.25E-06,0.0006,1.9464883647960537e-16,2.696411563043666e-11,7.176578424046759e-16,2.379777993659495e-10,9.64381462982419e-17,2.897767167584095e-16,3.753838540504947e-20,4.10705932865e-20
glass,0,1.25E-05,6.25E-06,0.0007,1.7853861182086318e-16,2.914929114417469e-11,5.582684061009224e-16,3.2855694014384176e-10,9.604843034161683e-17,2.830524433501838e-16,3.72282949178781e-20,4.48379056532e-20
glass,0,1.25E-05,6.25E-06,0.0008,1.9170357124221563e-16,2.854738714923849e-11,5.422961973575514e-16,3.20312586815345e-10,9.694028983179129e-17,2.3551386880256624e-16,3.7521238947090283e-20,4.70340772726e-20
glass,0,1.25E-05,6.25E-06,0.0009,1.9012081185060965e-16,2.988861330763058e-11,5.930623543049407e-16,3.649398834412015e-10,9.821542143678303e-17,2.6766507790745728e-16,3.842143572200322e-20,4.8060722315900005e-20
glass,0,1.25E-05,6.25E-06,0.001,2.0040380751053133e-16,3.018827250714281e-11,5.692008124507051e-16,2.9141966701294683e-10,9.684007758152671e-17,2.3551386880256624e-16,3.581936798871528e-20,5.3285144327799997e-20
glass,0,1.25E-05,6.25E-06,0.0011,4.08472790231325e-08,0.003682549057674958,9.069834051855796e-08,0.012391262354271348,1.2966214988849312e-08,1.050640762945143e-05,0.0018087249889368363,0.003997782279999917
glass,0,1.25E-05,6.25E-06,0.0012,7.59569770758963e-08,0.005308806440695334,2.1264665047565634e-07,0.02244210218834611,2.0021555820811526e-08,8.328461421569511e-05,0.0037844466944801855,0.0024850031099998837
glass,0,1.25E-05,6.25E-06,0.0013,1.0963682941697825e-07,0.006033034031236998,2.444516930821816e-07,0.03375282279794813,1.831092270908677e-08,0.00015766755467760962,0.0007347519445621235,0.004175110369999402
glass,0,1.25E-05,6.25E-06,0.0014,8.055765801251073e-08,0.009662116959779074,2.4494316983513995e-07,0.0378488207316335,3.901184389637838e-09,0.00015020958722442024,0.002580575733034055,0.05766284092999996
glass,0,1.25E-05,6.25E-06,0.0015,1.473644603308045e-07,0.009623471040815781,2.8427129281083374e-07,0.03077067984567311,2.2030339897173914e-08,0.00023999397436813563,0.003878592393075333,0.02317735752999983
glass,0,1.25E-05,6.25E-06,0.0016,1.3294280061333125e-07,0.0119079032752778,3.708899590781911e-07,0.04374817969052347,5.1754198640433305e-08,0.0002864303273327762,0.006229293338366294,0.13590731164000003
glass,0,1.25E-05,6.25E-06,0.0017,1.5622559339478304e-07,0.012981459162805731,3.4189075022966734e-07,0.041796513257328693,8.440665339912688e-08,8.580386596057643e-05,0.019893505510350535,0.007003001049999957
glass,0,1.25E-05,6.25E-06,0.0018,2.433994608562282e-07,0.010634444748483702,7.474971450149859e-07,0.04053943478206671,1.1300483053586392e-07,2.5422554024712163e-05,0.007159531175463826,0.044018608512399984
glass,0,1.25E-05,6.25E-06,0.0019,1.8647000406748075e-07,0.01527528932015169,6.285922747872874e-07,0.036037127642516,1.0568740010680634e-07,0.00012544473550157864,0.012942898372463475,0.007574937390100001
glass,0,1.25E-05,6.25E-06,0.002,2.92200823806705e-07,0.014009760557751338,8.366979167284683e-07,0.04326216834383445,9.314292660463422e-08,0.00012544473470277318,0.0015576823866510145,0.018960153377770003
glass,0,1.25E-05,6.25E-06,0.0021,2.8602684311000577e-07,0.016631609231038572,4.700293993810525e-07,0.0638796251008541,8.059845312002618e-08,0.0001254447345934162,0.012184607632191567,0.0327024433962
glass,0,1.25E-05,6.25E-06,0.0022,3.142609500219533e-07,0.017982891048021008,7.206774107759717e-07,0.05391247650314479,6.805397963747812e-08,0.00012544473460018857,0.027947885807756534,0.0074300500434999976
glass,0,1.25E-05,6.25E-06,0.0023,4.110660680735575e-07,0.015706013038659445,1.094469136521977e-06,0.029949603239408422,5.550950617054257e-08,0.00012544473457487548,0.006158318472378868,0.026676154238599998
glass,0,1.25E-05,6.25E-06,0.0024,3.4445989190820437e-07,0.019874556408623626,9.558744416826581e-07,0.09410625402090578,4.2965032682681925e-08,0.00012544473525666344,0.016274623913571245,0.004243211851599999
glass,0,1.25E-05,6.25E-06,0.0025,4.659015798482085e-07,0.015506016163091118,9.0086919174448e-07,0.05298736039443819,3.04205591611568e-08,0.00012544473536624245,0.0287107646153252,0.008192928851500001
glass,0,1.25E-05,6.25E-06,0.0026,4.1993947792917476e-07,0.019614604210229813,1.5334372482911363e-06,0.07592764743522573,1.787608560518115e-08,0.00012544473542308587,0.010746559983758655,0.0312643957486
glass,0,1.25E-05,6.25E-06,0.0027,3.6523837500326737e-07,0.023923680964548288,6.863332844136982e-07,0.045322098734931364,5.331612058556745e-09,0.00012544473538078638,0.03318702340035996,0.012669187635999998
glass,0,1.25E-05,6.25E-06,0.0028,4.83068956482625e-07,0.022962257385842042,1.1846670104342927e-06,0.05617971026827573,7.2128615136954916e-09,0.00012544473589237715,0.007281539340674725,0.01323629642429
glass,0,1.25E-05,6.25E-06,0.0029,2.6001157550015586e-07,0.030315770008081774,7.434348257007173e-07,0.0705699332007539,1.9757335110410037e-08,0.00012544473636744158,0.0026641980800800845,0.023182033845400005
glass,0,1.25E-05,6.25E-06,0.003,4.484010783256601e-07,0.026789549034778582,1.0586559748282376e-06,0.08465235687733197,3.230180871751937e-08,0.00012544473606768136,0.037222962118155054,0.016705126354180002
glass,0,1.25E-05,6.25E-06,0.0031,4.803736202260331e-07,0.026738666985020216,1.158398314021758e-06,0.07526339484323508,4.484628230463873e-08,0.00012544473623987695,0.01252820562184952,0.033046041386890004
glass,0,1.25E-05,6.25E-06,0.0032,3.109262003485131e-07,0.030561125227763965,9.145531149890029e-07,0.12187702001294831,5.739075593778247e-08,0.0001254447360021782,0.020116189895409094,0.0004016458686999999
glass,0,1.25E-05,6.25E-06,0.0033,6.370321205194873e-07,0.018849167645416606,1.8071591190160774e-06,0.040046195788425096,6.993522955336213e-08,0.0001254447361793698,0.02514780010474142,0.0046299643408
glass,0,1.25E-05,6.25E-06,0.0034,4.592743774725626e-07,0.027306560574149995,1.5407429325708932e-06,0.05260162484984632,8.247970317159809e-08,0.0001254447363715494,0.008649016384392309,0.0291668521499
glass,0,1.25E-05,6.25E-06,0.0035,4.971460794525318e-07,0.026557728238965593,9.000090866176477e-07,0.07959644823826656,9.502417681374071e-08,0.00012544473624942487,0.04202460363890874,0.0215067678758
glass,0,1.25E-05,6.25E-06,0.0036,7.0845427428973e-07,0.016229673195396185,1.470013635401779e-06,0.03825104593055732,1.0756865043094668e-07,0.00012544473566622472,0.0003182769238191767,0.020199558841699997
glass,0,1.25E-05,6.25E-06,0.0037,3.3124988267233944e-07,0.032358054010572,1.0830163746089472e-06,0.1005650796861034,1.2011312402234863e-07,0.000125444735747271,0.003216987044689208,0.0173008487215
glass,0,1.25E-05,6.25E-06,0.0038,6.657819445709143e-07,0.02024886751006304,1.7477863026027496e-06,0.04416311226339542,1.326575976262189e-07,0.00012544473609865658,0.023404971093400822,0.0028871353261
glass,0,1.25E-05,6.25E-06,0.0039,6.330114081164657e-07,0.023854560460504493,1.7788795206585828e-06,0.08515001161571456,1.4520207125231534e-07,0.00012544473630715647,0.023687315180452903,0.04420515094973
glass,0,1.25E-05,6.25E-06,0.004,3.0642949741988535e-07,0.034501781714543815,5.201347438269456e-07,0.0728462690277259,1.5774654483461e-07,0.00012544473582187798,0.021677127600159322,0.0011592918325999992
glass,0,1.25E-05,6.25E-06,0.0041,7.870159266669675e-07,0.0129841670912396,1.608143858633504e-06,0.0310573274020636,1.702910184257951e-07,0.00012544473596465266,0.0072202715055641395,0.013297564260600001
glass,0,1.25E-05,6.25E-06,0.0042,4.542739215632468e-07,0.032473043202238636,1.0074604671339582e-06,0.07809356604213569,1.8283549205644518e-07,0.00012544473619657825,0.0034512299476725967,0.0239690657148
glass,0,1.25E-05,6.25E-06,0.0043,5.352090228543905e-07,0.030163453817644046,1.3678140856621113e-06,0.05471959061087983,1.953799656545692e-07,0.00012544473578668391,0.03616067817384728,0.015642842409800004
glass,0,1.25E-05,6.25E-06,0.0044,8.212116037881304e-07,0.013748521368754875,2.1764722879791254e-06,0.044234749517572884,2.0792443923274388e-07,0.00012544473598197214,0.00882044664359656,0.0293382824084
glass,0,1.25E-05,6.25E-06,0.0045,3.01461150257587e-07,0.03715404550954153,4.474277772203288e-07,0.07134131158864988,2.2046891280007655e-07,0.0001254447357527111,0.011550597336100792,0.0089672384287
glass,0,1.25E-05,6.25E-06,0.0046,7.677425764480123e-07,0.02157671392452156,1.4071293822637276e-06,0.08122514975526007,2.330133863598198e-07,0.00012544473565490044,0.017733974934880825,0.0027838608297999987
glass,0,1.25E-05,6.25E-06,0.0047,7.248560672218388e-07,0.025526775088247577,1.5217087750984959e-06,0.10589062157308315,2.4555785991696097e-07,0.00012544473553932622,0.014493683418192616,0.0350115191841
glass,0,1.25E-05,6.25E-06,0.0048,3.737152980004462e-07,0.03822906737060321,8.849210500966176e-07,0.09783756470776342,2.5810233349231673e-07,0.00012544473585940352,0.024294098013324095,0.0037762622477300004
glass,0,1.25E-05,6.25E-06,0.0049,9.012340368756844e-07,0.013058101609008036,2.545236602813361e-06,0.03156141330226172,2.706468070789482e-07,0.000125444736006175,0.004945680680714168,0.0155721550858
glass,0,1.25E-05,6.25E-06,0.005,5.543595258575092e-07,0.034496728097664624,1.7729733456928187e-06,0.1071910527185792,2.8319128065907445e-07,0.00012544473581910243,0.004464068836832199,0.016053766930090002
glass,0,6.25E-06,3.125E-06,0.0,0.0,0.0,0.0,0.0,0.0,0.0,0.0,0.0
glass,0,6.25E-06,3.125E-06,0.0001,3.995827407166859e-16,0.0,6.661338147750939e-16,0.0,7.051209274091117e-17,0.0,0.0,1.647060745237e-19
glass,0,6.25E-06,3.125E-06,0.0002,3.8565890407568974e-16,1.2978747040300992e-10,1.623463929039981e-15,1.242675921613398e-09,8.020283348118308e-17,1.7554167342883506e-16,1.1134297473541805e-18,5.664977242842e-19
glass,0,6.25E-06,3.125E-06,0.0003,3.910934707582632e-16,1.010811452824356e-10,1.5862621070749701e-15,1.4002737940381482e-09,7.901335799282707e-17,2.2887833992611187e-16,9.0677411345029e-19,7.772882273092e-19
glass,0,6.25E-06,3.125E-06,0.0004,4.602039382281709e-16,1.0615252533989692e-10,2.1342936781203964e-15,1.168488264382757e-09,7.917499572140779e-17,2.6766507790745728e-16,8.208375441154004e-19,8.687743525781e-19
glass,0,6.25E-06,3.125E-06,0.0005,4.2957830475303026e-16,1.1445543683699488e-10,1.8323674269418102e-15,1.3253665194087815e-09,7.757889871481818e-17,2.3055512673781017e-16,9.756914837294949e-19,7.1888140692420005e-19
glass,0,6.25E-06,3.125E-06,0.0006,4.295847150889836e-16,1.1234323519177748e-10,1.7633530262579845e-15,1.2521916825931668e-09,7.680611125859263e-17,5.034405433428661e-16,9.111427493048714e-19,7.905876916015999e-19
glass,0,6.25E-06,3.125E-06,0.0007,4.499996560024454e-16,1.0157421185815959e-10,2.979457371221973e-15,1.2743155067597599e-09,7.628410196492185e-17,5.155369359468229e-16,7.277092211304219e-19,9.773306585849999e-19
glass,0,6.25E-06,3.125E-06,0.0008,4.527428558320541e-16,1.1331413290431182e-10,1.6910725702338014e-15,1.2844269666723035e-09,7.78224580345067e-17,4.996003610813204e-16,9.313140607556966e-19,7.737200986296e-19
glass,0,6.25E-06,3.125E-06,0.0009,4.251098103745526e-16,1.1238807656510171e-10,1.438277217113005e-15,1.400978528808156e-09,7.770209280962586e-17,5.3533015581491455e-16,9.484741311561065e-19,7.579514228273001e-19
glass,0,6.25E-06,3.125E-06,0.001,4.222338143976796e-16,1.1430836643285498e-10,2.385082656164473e-15,1.1832187123359883e-09,7.880654586570921e-17,7.550332863779066e-16,9.10721211264774e-19,7.950616653817e-19
glass,0,6.25E-06,3.125E-06,0.0011,1.3579188794842093e-08,0.0028135782365906127,5.262323640968541e-08,0.03339001540720212,3.242245591146901e-09,4.766473635564594e-06,0.00018880865067576885,0.0011299592040000528
glass,0,6.25E-06,3.125E-06,0.0012,2.6911723698424852e-08,0.0029825643391743514,1.0628219519661503e-07,0.020947273127000177,4.986659732928237e-09,2.2337718712739374e-05,0.0009894656397254273,0.006742495869999754
glass,0,6.25E-06,3.125E-06,0.0013,3.2072255568611453e-08,0.0040892911578111766,1.0035781530803867e-07,0.02765376429616931,4.5774508192122235e-09,3.669345573487082e-05,0.0005961815302292454,0.001800870900000362
glass,0,6.25E-06,3.125E-06,0.0014,4.016000384819998e-08,0.004690701528917155,1.1381669101639957e-07,0.026813769376401488,1.077109428775441e-09,4.09054395963393e-05,0.0015023930105559523,0.056479328220000014
glass,0,6.25E-06,3.125E-06,0.0015,5.509018287184994e-08,0.004723853809051979,1.9748568738653383e-07,0.021822445170201533,5.465463901767332e-09,6.969280917235032e-05,0.000712742472991041,0.012903216249999794
glass,0,6.25E-06,3.125E-06,0.0016,5.6281009972238716e-08,0.005616340357664451,1.2483446819786528e-07,0.025686489958183234,1.3149427139378181e-08,7.70480507894522e-05,0.0018229329108301329,0.011557333860000352
glass,0,6.25E-06,3.125E-06,0.0017,7.292764369117837e-08,0.005535902586044525,3.055720514399951e-07,0.01329905811109322,2.08320722419348e-08,1.7322845131673148e-05,0.006025741185357182,0.0042209380500000115
glass,0,6.25E-06,3.125E-06,0.0018,7.867752029428148e-08,0.005874849400508308,2.010333967255611e-07,0.031192551410496663,2.7852419876538137e-08,2.649105228857973e-05,0.005405156903258306,0.002114586962000009
glass,0,6.25E-06,3.125E-06,0.0019,8.579195165494424e-08,0.00619338749782466,1.8965176427225563e-07,0.025796352794642735,2.8027550805827944e-08,3.3341918030949103e-06,0.00713443743916253,0.0065891296452
glass,0,6.25E-06,3.125E-06,0.002,9.907612796455924e-08,0.007591991401545975,2.6114532111765065e-07,0.034640766179211635,2.769413162250628e-08,3.33419182718675e-06,0.0016569622369591794,0.0011116544441999998
glass,0,6.25E-06,3.125E-06,0.0021,9.060866719298752e-08,0.008790389463558802,2.6801271671428317e-07,0.04268570930590732,2.7360712440377237e-08,3.3341917895501894e-06,0.0024490696819434296,0.0019037618899999942
glass,0,6.25E-06,3.125E-06,0.0022,1.2973668294974954e-07,0.008726756059123566,3.6068101381958595e-07,0.031211427256809587,2.7027293267355493e-08,3.334191801096509e-06,0.0022965046397224326,0.0017511968476200002
glass,0,6.25E-06,3.125E-06,0.0023,1.2226720701600292e-07,0.009887690548928312,4.842049768083445e-07,0.04185933549104193,2.6693874086852754e-08,3.334191798654018e-06,0.008664408077713832,0.009209715870000003
glass,0,6.25E-06,3.125E-06,0.0024,1.0989964459072966e-07,0.01159452012478356,3.591750320497411e-07,0.03413726518485355,2.636045492461882e-08,3.3341916193529997e-06,0.0010461317322457767,0.0005008239394999961
glass,0,6.25E-06,3.125E-06,0.0025,1.6306618945301467e-07,0.010612172297050592,6.077480136923441e-07,0.0224231387089085,2.6027035771654817e-08,3.334191504555939e-06,0.007141063773906227,0.007686371568100002
glass,0,6.25E-06,3.125E-06,0.0026,1.02951707635071e-07,0.01371654235446373,2.812312369436679e-07,0.035021177264082055,2.5693616617904766e-08,3.33419157549919e-06,0.001011002788462733,0.0004656949952999978
glass,0,6.25E-06,3.125E-06,0.0027,1.7893062378960505e-07,0.01232767439376441,3.954155447238872e-07,0.035423941232115785,2.5360197459682382e-08,3.3341916478857314e-06,0.005414506280498006,0.004869198486500002
glass,0,6.25E-06,3.125E-06,0.0028,1.893264260525059e-07,0.012522423713929814,3.4709559716935073e-07,0.05391162337345068,2.5026778296852138e-08,3.3341916977347452e-06,0.014741000173458526,0.015286307967599999
glass,0,6.25E-06,3.125E-06,0.0029,1.6159270175352293e-07,0.014467722204116958,3.7524622405701574e-07,0.032882039073305204,2.4693359149539538e-08,3.3341914386086913e-06,0.006812750347343192,0.006267442554700006
glass,0,6.25E-06,3.125E-06,0.003,2.330408399711481e-07,0.012171468687406706,7.46964859466015e-07,0.041197990413061936,2.4359939996887242e-08,3.334191559289934e-06,0.016263935595403366,0.01680924338988
glass,0,6.25E-06,3.125E-06,0.0031,1.7378032621253214e-07,0.015568878805737934,4.088604390364285e-07,0.037641109656706494,2.4026520835276725e-08,3.334191583159729e-06,0.008186079663539398,0.008731387457099997
glass,0,6.25E-06,3.125E-06,0.0032,2.544143355404202e-07,0.011688318538035291,7.690374309865522e-07,0.027199455951866087,2.369310167710855e-08,3.3341915843809744e-06,0.013658106479182683,0.0131127986852
glass,0,6.25E-06,3.125E-06,0.0033,2.526059178422353e-07,0.013861185508376443,5.214895284639721e-07,0.037375550925933476,2.3359682511893062e-08,3.3341917390350417e-06,0.019083190558552267,0.0196284983528
glass,0,6.25E-06,3.125E-06,0.0034,2.662676227165154e-07,0.012363630495502365,6.554805299652244e-07,0.033375522352792036,2.3026263361422723e-08,3.3341915081086526e-06,0.01334535698817579,0.012800049194299997
glass,0,6.25E-06,3.125E-06,0.0035,3.0874171266338023e-07,0.012907567681948987,5.701152260001053e-07,0.05209497511920057,2.2692844222661768e-08,3.334191461257241e-06,0.003298180049459039,0.003843487844300001
glass,0,6.25E-06,3.125E-06,0.0036,2.2288555700932142e-07,0.017744364676418403,8.014659332034046e-07,0.05048238571968,2.235942507360089e-08,3.3341915363083174e-06,0.01337509321693035,0.013920401009900003
glass,0,6.25E-06,3.125E-06,0.0037,3.052423808197936e-07,0.014830125606418389,9.46483446534474e-07,0.036820162542980386,2.202600591727586e-08,3.3341916475526645e-06,0.01983018627087933,0.01928487847862
glass,0,6.25E-06,3.125E-06,0.0038,2.849095047435169e-07,0.01724646284103647,1.0113974412695459e-06,0.047853015920119334,2.1692586766155e-08,3.3341914013051976e-06,0.00746338184242832,0.008008689633199999
glass,0,6.25E-06,3.125E-06,0.0039,2.7452233610647257e-07,0.015681218300438737,7.391948679547067e-07,0.03371154717234981,2.135916762576774e-08,3.3341913880935437e-06,0.013181921182656871,0.012636613392700002
glass,0,6.25E-06,3.125E-06,0.004,3.8856747564731834e-07,0.010492695023775473,7.440719141013286e-07,0.025287504140676324,2.1025748490150972e-08,3.3341914911222403e-06,0.008731963248031521,0.008186655456810002
glass,0,6.25E-06,3.125E-06,0.0041,2.73989268496452e-07,0.017888099625378146,7.812404513585225e-07,0.04144190713432816,2.0692329351715277e-08,3.3341912746287505e-06,0.007818062118515245,0.0083633699106
glass,0,6.25E-06,3.125E-06,0.0042,3.153188458370161e-07,0.017940276323451007,1.1199114263171772e-06,0.03695475766236589,2.0358910224988966e-08,3.3341912191175993e-06,0.01710308887622696,0.016557781083700002
glass,0,6.25E-06,3.125E-06,0.0043,3.4768139450415377e-07,0.018588323265535424,8.923991860476654e-07,0.06446651577621476,2.0025491094142686e-08,3.334191374326778e-06,0.008348742824816395,0.0088940506179
glass,0,6.25E-06,3.125E-06,0.0044,1.8577445944085768e-07,0.023521935697122867,5.746105269655022e-07,0.09044701363508378,1.9692071947033374e-08,3.3341915136597677e-06,0.017000653712509375,0.0164553459201
glass,0,6.25E-06,3.125E-06,0.0045,3.888746806121082e-07,0.0168796730945652,6.962431516278707e-07,0.04044156457262448,1.9358652790599923e-08,3.3341916357843004e-06,0.01124003795541998,0.010694730163
glass,0,6.25E-06,3.125E-06,0.0046,3.1855669859006237e-07,0.02015192486208197,6.415647915489996e-07,0.06766495250840954,1.90252336289623e-08,3.3341916457763077e-06,0.011512609687068128,0.0120579174797
glass,0,6.25E-06,3.125E-06,0.0047,3.0171497439964275e-07,0.020917677885717287,6.346007595339924e-07,0.04219341483557138,1.8691814455832137e-08,3.334191703174838e-06,0.025391902216033775,0.024846594424199998
glass,0,6.25E-06,3.125E-06,0.0048,3.7672777459020264e-07,0.020839760150816965,1.0816820756043288e-06,0.04841813494954163,1.8358395287906143e-08,3.334191531756403e-06,0.02080929200060666,0.021354599793629997
glass,0,6.25E-06,3.125E-06,0.0049,2.072220538162645e-07,0.025924796843647444,5.801011229988884e-07,0.06174710000474137,1.8024976133207415e-08,3.334191458370661e-06,0.003283884565081635,0.0027385767733
glass,0,6.25E-06,3.125E-06,0.005,3.510854600589283e-07,0.023446569186293828,9.821314699010042e-07,0.06801035931509236,1.7691556975906603e-08,3.334191680748333e-06,0.01810223518718769,0.01755692739504
glass,0,3.125E-06,1.5625E-06,0.0,0.0,0.0,0.0,0.0,0.0,0.0,0.0,0.0
glass,0,3.125E-06,1.5625E-06,0.0001,7.636184832866875e-16,0.0,1.3322676295501878e-15,0.0,2.3025933496896783e-16,0.0,0.0,6.03707494083e-19
glass,0,3.125E-06,1.5625E-06,0.0002,6.551462668235344e-16,1.5509444137339584e-10,1.9847177419611114e-15,1.172876198422231e-09,2.638564544388815e-16,0.0,7.935757444645307e-19,1.14615609825e-19
glass,0,3.125E-06,1.5625E-06,0.0003,6.424830759083231e-16,1.0812455761198059e-10,2.9519995460250142e-15,1.1566800683832133e-09,2.6538493274328084e-16,2.618455766672135e-16,6.390183936093286e-19,4.958080184600008e-20
glass,0,3.125E-06,1.5625E-06,0.0004,5.59451483794402e-16,1.277335794086713e-10,2.950751884788054e-15,1.4735304721984262e-09,2.68608070351618e-16,2.435541875787129e-16,2.53997158520746e-19,2.55914312176e-19
glass,0,3.125E-06,1.5625E-06,0.0005,5.700951999275762e-16,1.220324234899009e-10,1.992055040963135e-15,1.4497983625277997e-09,2.6843366008027817e-16,2.7755575615628914e-16,3.5250493655013294e-19,1.5482199340700002e-19
glass,0,3.125E-06,1.5625E-06,0.0006,5.895740309223798e-16,1.364351190641816e-10,2.6265340395272015e-15,1.5815403482835967e-09,2.678208720394417e-16,2.237726045655905e-16,2.4360732327939233e-19,2.5656255933099998e-19
glass,0,3.125E-06,1.5625E-06,0.0007,6.919667818999432e-16,1.4909035492756328e-10,4.080806191902475e-15,1.6234894345799738e-09,2.681389413993707e-16,2.237726045655905e-16,9.236150141469772e-20,4.0400116245399995e-19
glass,0,3.125E-06,1.5625E-06,0.0008,7.095144757822381e-16,1.6264792127236856e-10,2.1638782380353237e-15,1.8132929229939645e-09,2.695588439151022e-16,2.3055512673781017e-16,3.147624218245232e-19,1.7454381295200007e-19
glass,0,3.125E-06,1.5625E-06,0.0009,6.566356813171052e-16,1.3915279781766683e-10,2.3120047383720475e-15,1.2948509536874076e-09,2.699573057795931e-16,2.618455766672135e-16,4.2071428835911165e-19,6.455875902300003e-20
glass,0,3.125E-06,1.5625E-06,0.001,5.928109331022597e-16,1.3222243278774627e-10,2.402942064692233e-15,1.7279845136526957e-09,2.685473974803558e-16,5.495323605393213e-16,2.347180855245324e-19,2.41968578017e-19
glass,0,3.125E-06,1.5625E-06,0.0011,5.027051175035976e-09,0.0013798221214323433,5.6438690970030576e-08,0.019425014596493984,8.089633130037603e-10,5.986336494290256e-07,0.00037748062018085407,0.001927212660000066
glass,0,3.125E-06,1.5625E-06,0.0012,8.56263727670608e-09,0.0024474242141114227,4.989789746488145e-08,0.030925794867143433,1.241969929243628e-09,7.003662539584177e-06,0.0003429005605795482,0.008775837580000001
glass,0,3.125E-06,1.5625E-06,0.0013,1.2217616985723812e-08,0.0020807566336007942,9.16100381503401e-08,0.025289302022666747,1.1555142912390369e-09,7.369669260459677e-06,0.00020306563419478143,0.02021564280000021
glass,0,3.125E-06,1.5625E-06,0.0014,1.4943681413885718e-08,0.0021087675771730985,7.085339104317967e-08,0.007927587165081476,2.6432296390726665e-10,1.2027825011459714e-05,0.0003393670723854233,0.0031772487200001365
glass,0,3.125E-06,1.5625E-06,0.0015,1.812346524609527e-08,0.002702434158632369,6.683120723494085e-08,0.01765072745151915,1.3849267271187804e-09,1.9064683630443113e-05,0.0002454528238210636,0.003072429359999518
glass,0,3.125E-06,1.5625E-06,0.0016,2.1072753313169733e-08,0.002862253947615429,9.245281495928737e-08,0.01570375550410635,3.2943082634625467e-09,1.751486135681546e-05,7.627071330081406e-05,0.019635899609999896
glass,0,3.125E-06,1.5625E-06,0.0017,2.5023283737722868e-08,0.0029610180185732846,1.130335853972922e-07,0.016069860073239295,5.166668149304143e-09,3.6414977360177403e-06,0.0015030366842258142,0.018678571789999987
glass,0,3.125E-06,1.5625E-06,0.0018,2.7522706381993095e-08,0.002877046991137034,9.054744018466288e-08,0.008444377679214687,6.9247035529729944e-09,5.2872092237699064e-06,0.0008733834074408815,0.000622741597000015
glass,0,3.125E-06,1.5625E-06,0.0019,2.9466440726021243e-08,0.0034248728265852415,9.494922675431063e-08,0.022001555961051893,7.189928763798838e-09,1.8799435330674186e-06,0.0012766000752808052,0.0015840650281000006
glass,0,3.125E-06,1.5625E-06,0.002,3.636215118467785e-08,0.003887391623343326,1.2471014257386948e-07,0.023489336381794755,7.3779231172816545e-09,1.8799435206329207e-06,0.0004474795523825778,0.00014001459979999867
glass,0,3.125E-06,1.5625E-06,0.0021,3.391296513664318e-08,0.004916570410429462,1.912229963818568e-07,0.034111611534218454,7.56591746566872e-09,1.8799434842176055e-06,0.0008232535789333782,0.0011307185312999998
glass,0,3.125E-06,1.5625E-06,0.0022,4.137818526695734e-08,0.004851021281955222,1.1702381779021265e-07,0.025780107806926425,7.753911815031569e-09,1.8799434657879033e-06,0.0003207393098236741,0.0006282042620600007
glass,0,3.125E-06,1.5625E-06,0.0023,4.171415249887084e-08,0.0043734478974317295,1.5951368702304958e-07,0.014481405017197302,7.941906164719677e-09,1.8799434644556356e-06,0.00043614583206404156,0.00012868087969999942
glass,0,3.125E-06,1.5625E-06,0.0024,4.015652825255922e-08,0.005638461424692209,1.305690738445664e-07,0.025685122411142736,8.129900514299366e-09,1.8799434891025868e-06,0.0027420213256656063,0.003049486278100002
glass,0,3.125E-06,1.5625E-06,0.0025,5.4298727648740434e-08,0.005261426488485508,1.472723113737917e-07,0.03337898747272708,8.31789486149381e-09,1.879943507199222e-06,0.0018634536165611018,0.001555988664399998
glass,0,3.125E-06,1.5625E-06,0.0026,4.787767176909481e-08,0.006252315460640259,1.6266390126529195e-07,0.043352874541579656,8.505889212239015e-09,1.8799435007599286e-06,0.002214973772726437,0.0025224387242000004
glass,0,3.125E-06,1.5625E-06,0.0027,6.350535195578039e-08,0.005378350763132786,1.3709597564494702e-07,0.0322715989313013,8.693883558837148e-09,1.8799434978733487e-06,0.001773939755913695,0.0014664748046
glass,0,3.125E-06,1.5625E-06,0.0028,5.905138828500255e-08,0.006035011498436802,1.6105843753111415e-07,0.03216466673993953,8.881877908857292e-09,1.8799434707839069e-06,0.0048812585560617,0.004573793605000001
glass,0,3.125E-06,1.5625E-06,0.0029,6.04363378131555e-08,0.006615209021162514,1.7656769402130124e-07,0.024623809976527716,9.06987225807784e-09,1.8799434789995573e-06,0.0022701777414369344,0.002577642692799996
glass,0,3.125E-06,1.5625E-06,0.003,6.281454776284529e-08,0.007095823765653981,2.2428588172807018e-07,0.0299422590141607,9.25786660868752e-09,1.8799434936545012e-06,0.0028225699222163975,0.0025151049710999997
glass,0,3.125E-06,1.5625E-06,0.0031,6.459826891349488e-08,0.007068623237458201,2.2100272784042474e-07,0.03052193373009593,9.445860958104577e-09,1.8799435015370847e-06,0.002210784930044679,0.0025182498810000023
glass,0,3.125E-06,1.5625E-06,0.0032,7.777780498660431e-08,0.007004159509146336,1.5090726462724184e-07,0.02454663062303134,9.633855306545855e-09,1.8799435032024192e-06,0.0030425420253799296,0.0033500069765500014
glass,0,3.125E-06,1.5625E-06,0.0033,7.495090163990792e-08,0.0072603545557567845,2.177331296301932e-07,0.026509754285896414,9.821849655746072e-09,1.879943475224799e-06,0.00438210834835479,0.004074643397500001
glass,0,3.125E-06,1.5625E-06,0.0034,7.9288961055085e-08,0.007361028518077696,2.1111353518121767e-07,0.037688957250643584,1.0009844003048935e-08,1.8799434580163421e-06,0.0005501480008730589,0.00024268304979999794
glass,0,3.125E-06,1.5625E-06,0.0035,8.317970895377358e-08,0.007862386658741411,1.9291398327974946e-07,0.020749041238749055,1.019783835056864e-08,1.8799434626792788e-06,0.00458321268717498,0.0042757477366
glass,0,3.125E-06,1.5625E-06,0.0036,7.434492270774043e-08,0.007516526162290867,2.398298345196448e-07,0.031557603466213835,1.038583269646204e-08,1.8799434776672896e-06,0.002612623307191358,0.002305158356800001
glass,0,3.125E-06,1.5625E-06,0.0037,9.564035699677741e-08,0.00826825453053493,2.705519694674173e-07,0.02661482926536274,1.0573827044090165e-08,1.8799434964300588e-06,0.00029887711799990446,0.0006063420682599994
glass,0,3.125E-06,1.5625E-06,0.0038,9.684605230012088e-08,0.007979805062370829,3.7403626731991046e-07,0.04698833488832463,1.0761821390959348e-08,1.8799434863270292e-06,0.005048573330637712,0.0047411083808
glass,0,3.125E-06,1.5625E-06,0.0039,9.11692768585291e-08,0.008473828688042407,2.6270960651217907e-07,0.029669536956718052,1.0949815739671674e-08,1.8799434660099479e-06,0.002049351579301313,0.002356816528699998
glass,0,3.125E-06,1.5625E-06,0.004,1.143363372035427e-07,0.007350688131841374,2.568203650174901e-07,0.030575814661239775,1.1137810086324017e-08,1.879943440363796e-06,0.004429656804674061,0.004122191855210001
glass,0,3.125E-06,1.5625E-06,0.0041,1.0049284088416351e-07,0.007409388645466082,3.383937245550299e-07,0.03008677932194348,1.1325804434927924e-08,1.8799434580163421e-06,0.0008248502676606179,0.0011323152166000036
glass,0,3.125E-06,1.5625E-06,0.0042,1.1139539309974646e-07,0.008509702776575836,3.5462875255798387e-07,0.03471815986936176,1.1513798784616032e-08,1.8799434549077176e-06,0.004155248889152814,0.004462713838100001
glass,0,3.125E-06,1.5625E-06,0.0043,1.207590965252848e-07,0.00817308174062854,4.612601905984448e-07,0.025372263662358785,1.1701793127798928e-08,1.879943469340617e-06,0.007685573069617015,0.007378108120800003
glass,0,3.125E-06,1.5625E-06,0.0044,1.0583151301136914e-07,0.009353138365137953,4.4431288087620757e-07,0.030980533572135593,1.1889787473150228e-08,1.8799434606808774e-06,0.0032915983195128846,0.0035990632679000004
glass,0,3.125E-06,1.5625E-06,0.0045,1.1544862130850998e-07,0.010177265122907068,4.5654994376698177e-07,0.02461287950947089,1.207778181936889e-08,1.8799434559069184e-06,0.006134114386002566,0.005826649437799999
glass,0,3.125E-06,1.5625E-06,0.0046,1.028206693555746e-07,0.009875477710293748,2.54144250956545e-07,0.033988745106799494,1.2265776164286509e-08,1.8799434531313608e-06,0.004884242758942404,0.004576777810400001
glass,0,3.125E-06,1.5625E-06,0.0047,1.3158045903642968e-07,0.00911383018822703,5.19877923932377e-07,0.03181227415778476,1.2453770511589373e-08,1.879943458682476e-06,0.00943371012922812,0.009741175078099998
glass,0,3.125E-06,1.5625E-06,0.0048,1.411682859904105e-07,0.007510849140065713,3.0142835122183027e-07,0.03102793896429401,1.2641764858458556e-08,1.8799434757799105e-06,0.0053876179047887,0.005080152956599998
glass,0,3.125E-06,1.5625E-06,0.0049,1.4013305361942152e-07,0.007824784841901286,6.40320787531623e-07,0.044259634349677834,1.2829759203809856e-08,1.8799434761129774e-06,0.00592169063059789,0.006229155578299998
glass,0,3.125E-06,1.5625E-06,0.005,1.6459841539408412e-07,0.007325870333256891,2.942981580498821e-07,0.02827735684711132,1.3017753547860113e-08,1.8799434795546688e-06,0.00018371032562237988,0.00012375462179999887
glass,0,1.5625E-06,7.8125E-07,0.0,0.0,0.0,0.0,0.0,0.0,0.0,0.0,0.0
glass,0,1.5625E-06,7.8125E-07,0.0001,1.2262504683064228e-15,0.0,2.0350724194510405e-15,0.0,4.152672347703047e-16,0.0,0.0,1.217408741359e-18
glass,0,1.5625E-06,7.8125E-07,0.0002,1.0942157352353875e-15,1.2476289815531815e-10,3.285373917885729e-15,1.4230840618291347e-09,5.049145954079006e-16,5.551115123125783e-17,1.3652735592433174e-19,6.58337873997e-19
glass,0,1.5625E-06,7.8125E-07,0.0003,8.944441222900222e-16,1.1201087053113946e-10,3.891253501863749e-15,2.0689434987317352e-09,5.039043101360668e-16,5.551115123125783e-17,5.800222998908556e-19,4.548250044279999e-19
glass,0,1.5625E-06,7.8125E-07,0.0004,9.035972015953332e-16,1.3998904634172015e-10,3.889446557953054e-15,2.7449850989914035e-09,5.027955262431402e-16,5.551115123125783e-17,4.387935449073797e-19,5.906722112040001e-19
glass,0,1.5625E-06,7.8125E-07,0.0005,1.0214136878697524e-15,1.9453243238636762e-10,3.838864519201906e-15,2.907294957073844e-09,5.039225420216186e-16,0.0,1.1190199034529237e-18,7.794873648640001e-19
glass,0,1.5625E-06,7.8125E-07,0.0006,9.69620019994363e-16,2.071409481159774e-10,6.767367725088344e-15,3.344721112489535e-09,5.011760061683563e-16,5.551115123125783e-17,1.3165093674346359e-18,9.03182698383e-19
glass,0,1.5625E-06,7.8125E-07,0.0007,9.492374010359385e-16,2.0698435690581961e-10,4.4702205005993436e-15,3.8815911903127845e-09,5.019756199199104e-16,7.850462293418876e-17,1.3322007806622058e-18,8.61844176944e-19
glass,0,1.5625E-06,7.8125E-07,0.0008,1.0733471294110843e-15,1.8851621321231117e-10,4.50959777161646e-15,4.14525018041326e-09,4.985369654944946e-16,2.2887833992611187e-16,1.0800099428009414e-18,1.1543374703189999e-18
glass,0,1.5625E-06,7.8125E-07,0.0009,1.0458411159699822e-15,2.0113799599687956e-10,5.79114614558997e-15,4.1441279595831786e-09,4.969680367581573e-16,2.2887833992611187e-16,1.6366149931161985e-18,1.1302451026480002e-18
glass,0,1.5625E-06,7.8125E-07,0.001,1.0391526158989457e-15,1.9296996925884467e-10,5.235973659727278e-15,3.401057131237921e-09,4.948117345888295e-16,2.2887833992611187e-16,9.85950649411852e-19,1.8074087083229997e-18
glass,0,1.5625E-06,7.8125E-07,0.0011,1.737911700156479e-09,0.0005683764463586149,4.4357391327156146e-08,0.016720975726328975,2.0309899530453763e-10,6.080852499312783e-08,3.479829221426922e-05,0.00022951018500005915
glass,0,1.5625E-06,7.8125E-07,0.0012,3.313806625413318e-09,0.0010255630189182259,5.245252474858651e-08,0.026113803909518275,3.0992157711749266e-10,6.24813286886905e-07,9.108387196823248e-05,0.001687531540000009
glass,0,1.5625E-06,7.8125E-07,0.0013,4.56671473929491e-09,0.0011791314311171144,5.1121863351186926e-08,0.0296452236135297,2.8661342917109103e-10,3.033185859480092e-06,0.00011169105076134275,0.004639383420000698
glass,0,1.5625E-06,7.8125E-07,0.0014,4.648927585351991e-09,0.0015642753775643526,2.423546954926599e-08,0.022706077786450587,6.706687202295226e-11,4.047031915671573e-06,6.37398197034008e-05,0.0046832350199998984
glass,0,1.5625E-06,7.8125E-07,0.0015,7.767248201095716e-09,0.001060283581366744,7.873189189913228e-08,0.012933675861911935,3.4409963203494184e-10,4.359225373229414e-06,6.656811303970903e-05,0.01070321682999964
glass,0,1.5625E-06,7.8125E-07,0.0016,7.060962773217708e-09,0.0021100108538905805,7.452606257434432e-08,0.02715467893250671,8.174693073068787e-10,2.429566669848171e-06,0.00020152010660803507,0.012210087530000191
glass,0,1.5625E-06,7.8125E-07,0.0017,9.446027292608489e-09,0.0018259910143623443,7.733618242027415e-08,0.017452969133721307,1.293877283309755e-09,1.0826666640983973e-07,0.0004204233680103059,0.004820098479999979
glass,0,1.5625E-06,7.8125E-07,0.0018,9.944742817499687e-09,0.0018375061390625952,9.886069764328927e-08,0.018655526058647398,1.7363642509493598e-09,5.44945019220755e-07,4.338403603255936e-05,0.0020028921570000024
glass,0,1.5625E-06,7.8125E-07,0.0019,9.686849632703849e-09,0.00256728408361919,5.168763226498957e-08,0.03407616784107066,1.810696081136898e-09,7.148009801838384e-07,0.00016160770180465717,0.000278513666199999
glass,0,1.5625E-06,7.8125E-07,0.002,1.302186157876826e-08,0.0022079921275072172,1.2480383551552667e-07,0.039174269871411094,1.8821761771761333e-09,7.148009749657902e-07,0.00017752989224427418,6.0623927799999255e-05
glass,0,1.5625E-06,7.8125E-07,0.0021,1.2329764929994676e-08,0.0029082860051408005,9.06897349482952e-08,0.038717739119806784,1.9536562772269167e-09,7.148009971702507e-07,0.00012677501217266303,0.00024368097660000532
glass,0,1.5625E-06,7.8125E-07,0.0022,1.5273416254228863e-08,0.0022138264056906173,1.2626196206179748e-07,0.01804686273055746,2.0251363768440197e-09,7.148010060520349e-07,0.00022264735736905739,0.0003395533219499999
glass,0,1.5625E-06,7.8125E-07,0.0023,1.302148172299779e-08,0.0031833686896062074,5.046718469514655e-08,0.03625898129060341,2.096616478737948e-09,7.148010069402133e-07,0.00011171946093501382,5.1865035999992815e-06
glass,0,1.5625E-06,7.8125E-07,0.0024,1.6615644665245757e-08,0.002467954591057218,1.4262497989680937e-07,0.03713428789287635,2.1680965778129494e-09,7.148009896207341e-07,0.0007771095306267767,0.0008940154944000016
glass,0,1.5625E-06,7.8125E-07,0.0025,1.6326178869345056e-08,0.0030824383990048464,1.255289429030383e-07,0.031131001823873957,2.2395766789479358e-09,7.14800969747742e-07,0.0005482214101701147,0.0004313154462000021
glass,0,1.5625E-06,7.8125E-07,0.0026,1.8620755589964026e-08,0.00259333589918095,9.637334181724182e-08,0.02369713938547781,2.3110567777789934e-09,7.148009716351211e-07,0.00043769354109049474,0.0005545995052999991
glass,0,1.5625E-06,7.8125E-07,0.0027,1.8273474805616358e-08,0.0030623748164089696,7.338819316138335e-08,0.024688879387743383,2.382536877748462e-09,7.148009769641916e-07,0.0002121389699763082,9.523300540000001e-05
glass,0,1.5625E-06,7.8125E-07,0.0028,1.819008170758397e-08,0.003030377819962078,4.558765773210461e-08,0.03561832313632949,2.454016974607626e-09,7.148009939506039e-07,0.0012051600024304988,0.0010882540373999966
glass,0,1.5625E-06,7.8125E-07,0.0029,1.9566185235119648e-08,0.0031610144723628253,9.037775758274096e-08,0.012219183421813001,2.5254970726865184e-09,7.1480099617105e-07,0.0009015007464001773,0.0010184067111000013
glass,0,1.5625E-06,7.8125E-07,0.003,2.063098689864372e-08,0.0032308240679359153,7.365232251865805e-08,0.017904900150453474,2.5969771718021783e-09,7.148009848467751e-07,0.000742866781101692,0.0006259608165000013
glass,0,1.5625E-06,7.8125E-07,0.0031,2.4893300743408534e-08,0.0029024406113358292,1.2111017036464666e-07,0.012719288876178106,2.6684572710669163e-09,7.148009839585967e-07,0.0003367175941010013,0.00045362355889999595
glass,0,1.5625E-06,7.8125E-07,0.0032,2.6718920176639073e-08,0.0032941690079052195,1.0121569124499352e-07,0.018447707539707463,2.7399373733403154e-09,7.148009806279276e-07,0.0004263677668823601,0.0005432737320599998
glass,0,1.5625E-06,7.8125E-07,0.0033,2.5607158460971572e-08,0.003433878548998487,1.1674385816395905e-07,0.01941619746941777,2.811417471656376e-09,7.148009980584291e-07,0.0011672010345030216,0.0010502950691999996
glass,0,1.5625E-06,7.8125E-07,0.0034,2.3248243909859636e-08,0.004027246287543462,7.010712556867095e-08,0.03419033273372757,2.8828975704061186e-09,7.148010064961241e-07,0.00011652487311447982,0.00023343083839999848
glass,0,1.5625E-06,7.8125E-07,0.0035,2.5788659589547283e-08,0.0038621124582538316,1.019608531531433e-07,0.012919058023955723,2.9543776704569036e-09,7.14801009382704e-07,0.0005663801022486523,0.00044947413670000033
glass,0,1.5625E-06,7.8125E-07,0.0036,2.3123761918806343e-08,0.0042716767789562305,8.53399217605224e-08,0.02919080489447439,3.025857768989806e-09,7.14800992507314e-07,0.0001397769556559965,2.2870990199999608e-05
glass,0,1.5625E-06,7.8125E-07,0.0037,3.224463709908901e-08,0.0036875414417537793,1.2304307862438993e-07,0.025844956100295795,3.09733786860691e-09,7.148009731894334e-07,5.01185506238816e-06,0.00011189411070000078
glass,0,1.5625E-06,7.8125E-07,0.0038,3.1424155387188915e-08,0.0041653464443088635,1.3028981138733193e-07,0.035126273470806685,3.1688179689829555e-09,7.14800985179842e-07,0.001034006130827346,0.0009171001654000033
glass,0,1.5625E-06,7.8125E-07,0.0039,3.097945549104087e-08,0.003981871093405354,9.283330708653976e-08,0.018234863150680104,3.2402980671905972e-09,7.148009952828716e-07,4.361912227184364e-05,7.328684320000167e-05
glass,0,1.5625E-06,7.8125E-07,0.004,3.618739581102774e-08,0.004103303181681697,1.1136630129193749e-07,0.03498400505506609,3.3117781652898188e-09,7.148010161550644e-07,0.0017250812717301,0.0016081753067000003
glass,0,1.5625E-06,7.8125E-07,0.0041,2.9156266967409913e-08,0.00443474496637843,1.011474786427602e-07,0.02303661053167071,3.3832582666416476e-09,7.148010070512356e-07,8.58403855759065e-05,3.106557959999673e-05
glass,0,1.5625E-06,7.8125E-07,0.0042,3.7396399538701014e-08,0.0039564461598144245,1.1930820051353486e-07,0.023644067004374575,3.4547383623556236e-09,7.148009969482061e-07,0.0004733973414598053,0.0005903033074999998
glass,0,1.5625E-06,7.8125E-07,0.0043,3.548115642606681e-08,0.004307763440877341,1.0196982549326799e-07,0.019561412380578482,3.5262184630569303e-09,7.148009916191356e-07,0.0017321367096660885,0.0016152307436999996
glass,0,1.5625E-06,7.8125E-07,0.0044,3.4871770743726714e-08,0.004366467085819848,2.465717267030598e-07,0.01745006785708785,3.597698560071949e-09,7.148009953938939e-07,0.001340152201490974,0.0014570581678000037
glass,0,1.5625E-06,7.8125E-07,0.0045,4.1302793933786505e-08,0.0039421406660980155,9.063657721575248e-08,0.013592333649480797,3.669178661423777e-09,7.148010018331874e-07,0.0005718482504438252,0.0004549422844999998
glass,0,1.5625E-06,7.8125E-07,0.0046,3.381605706913463e-08,0.004786509465933312,8.53084475315718e-08,0.02018757584924619,3.740658762125084e-09,7.148010008339867e-07,0.0007002835392779534,0.0005833775735999969
glass,0,1.5625E-06,7.8125E-07,0.0047,4.52998872360311e-08,0.004045049564004616,1.0389516064135407e-07,0.023037368141142656,3.812138863260071e-09,7.148010088275925e-07,0.001411042002289399,0.0015279479683900001
glass,0,1.5625E-06,7.8125E-07,0.0048,4.101749217150899e-08,0.004562248679778832,1.3984658195353994e-07,0.015165404103600616,3.883618962877175e-09,7.148009993906967e-07,0.0024313851447998573,0.0023144791779000015
glass,0,1.5625E-06,7.8125E-07,0.0049,4.2826608391893343e-08,0.004599306063553667,1.5594569516275136e-07,0.021537108332175484,3.955099064229003e-09,7.148009927293586e-07,4.5414002498859324e-05,7.14919648000037e-05
glass,0,1.5625E-06,7.8125E-07,0.005,4.403096945361058e-08,0.005341012510455581,1.286308213277465e-07,0.022554386164923973,4.026579164279789e-09,7.148009881774442e-07,0.0018257815219213172,0.0017088755546199996
glass,10000,1.25E-05,6.25E-06,0.0,0.0,0.0,0.0,0.0,0.0,0.0,0.0,0.0
glass,10000,1.25E-05,6.25E-06,0.0001,2.0396058299465963e-16,0.0,3.3306690738754696e-16,0.0,8.035147086669913e-17,0.0,0.0,5.722873866725e-20
glass,10000,1.25E-05,6.25E-06,0.0002,1.5831119585655992e-16,2.591402455947461e-11,4.20934145542537e-16,2.7223167787780883e-10,9.615081179463823e-17,2.0014830212433605e-16,3.9714331027238637e-20,3.167788510843e-20
glass,10000,1.25E-05,6.25E-06,0.0003,1.6237864808606889e-16,2.4259350592394535e-11,4.20934145542537e-16,1.9968774940680308e-10,9.593509011069148e-17,7.850462293418876e-17,3.851377449777239e-20,3.4501323283420003e-20
glass,10000,1.25E-05,6.25E-06,0.0004,1.792078830146226e-16,2.442176803552529e-11,5.236560911713848e-16,2.6446647214197485e-10,9.627616566041178e-17,0.0,2.876412632749567e-20,4.569896967212e-20
glass,10000,1.25E-05,6.25E-06,0.0005,1.6579744931904355e-16,2.7496958662739065e-11,5.151967300028648e-16,2.0912876508521776e-10,9.622765839934851e-17,1.0007415106216802e-16,3.7175481631639507e-20,3.87976500873e-20
glass,10000,1.25E-05,6.25E-06,0.0006,1.9464883647960537e-16,2.696411563043666e-11,7.176578424046759e-16,2.379777993659495e-10,9.64381462982419e-17,2.897767167584095e-16,3.753838540504947e-20,4.10705932865e-20
glass,10000,1.25E-05,6.25E-06,0.0007,1.7853861182086318e-16,2.914929114417469e-11,5.582684061009224e-16,3.2855694014384176e-10,9.604843034161683e-17,2.830524433501838e-16,3.72282949178781e-20,4.48379056532e-20
glass,10000,1.25E-05,6.25E-06,0.0008,1.9170357124221563e-16,2.854738714923849e-11,5.422961973575514e-16,3.20312586815345e-10,9.694028983179129e-17,2.3551386880256624e-16,3.7521238947090283e-20,4.70340772726e-20
glass,10000,1.25E-05,6.25E-06,0.0009,1.9012081185060965e-16,2.988861330763058e-11,5.930623543049407e-16,3.649398834412015e-10,9.821542143678303e-17,2.6766507790745728e-16,3.842143572200322e-20,4.8060722315900005e-20
glass,10000,1.25E-05,6.25E-06,0.001,2.0034748870649807e-16,3.0193356896462895e-11,5.692008124507051e-16,2.914202698854774e-10,9.668774083448993e-17,1.565434149403107e-14,3.5868144414110415e-20,5.32801112309e-20
glass,10000,1.25E-05,6.25E-06,0.0011,2.4755865007231073e-07,0.0396850761252222,5.973788174129524e-07,0.11965194646638622,8.454854299099965e-09,9.7192892238529e-05,0.003151246411080333,0.020822401599999818
glass,10000,1.25E-05,6.25E-06,0.0012,3.8353614508370395e-07,0.04495315351842226,1.2560456332113442e-06,0.18218331447014924,1.8339678558351043e-09,4.069088301483781e-05,0.04666843463351594,0.09821891115000003
glass,10000,1.25E-05,6.25E-06,0.0013,4.2220354197140236e-07,0.04954701636989779,1.5815487893477975e-06,0.2068243951469463,7.292432235113042e-09,0.00018606724771677574,0.0006680357681487087,0.010873386480000136
glass,10000,1.25E-05,6.25E-06,0.0014,6.381840528516999e-07,0.04358731592782511,1.2664058399506312e-06,0.14561707737275614,7.761614667601766e-09,0.0008306112166600738,0.01248222902365495,0.4050163872699999
glass,10000,1.25E-05,6.25E-06,0.0015,6.577699788878165e-07,0.04673821486448653,1.7307369151731145e-06,0.13809228016032557,9.410816082227463e-08,0.0008108380990838326,0.05758274108060636,0.21198482417999998
glass,10000,1.25E-05,6.25E-06,0.0016,7.969733638168788e-07,0.04344035479072606,2.385272096339097e-06,0.13828706202419283,1.7311891645980897e-07,0.0008397910569737377,0.03276147677463864,0.10528658386000012
glass,10000,1.25E-05,6.25E-06,0.0017,8.684407939008007e-07,0.04735575669493448,2.285710858668244e-06,0.25134617140418436,2.244897826238039e-07,0.00021788888684837193,0.0002668803254133323,0.09250643601999997
glass,10000,1.25E-05,6.25E-06,0.0018,6.753681841052957e-07,0.060760622924115826,1.7936769184101475e-06,0.14768194206614083,2.5545764777991885e-07,0.0004974907929392591,0.07738194812333997,0.026718482082999984
glass,10000,1.25E-05,6.25E-06,0.0019,8.81845798375798e-07,0.05868503241359824,1.9482933750338867e-06,0.19752482577084995,2.0570856837398045e-07,0.0004974907972814524,0.049187496113599405,0.0014759699289999956
glass,10000,1.25E-05,6.25E-06,0.002,7.214827748555474e-07,0.06490680811928667,2.136171633183788e-06,0.1943906732803511,1.559594889376844e-07,0.0004974907933942285,0.04093081472990784,0.009732651310999985
glass,10000,1.25E-05,6.25E-06,0.0021,6.101141406766847e-07,0.06898643455699885,1.4636769936876185e-06,0.2366708765912603,1.062104096695481e-07,0.0004974907930932471,0.1047451321116209,0.05408166606899999
glass,10000,1.25E-05,6.25E-06,0.0022,9.380316244195219e-07,0.064141914543642,2.797660046738315e-06,0.15644049826252815,5.646133015876735e-08,0.0004974907943330331,0.001821509431526508,0.05248497549060001
glass,10000,1.25E-05,6.25E-06,0.0023,5.860319686074801e-07,0.07071980283001988,1.32809798619612e-06,0.18122057106320874,6.712250676067441e-09,0.0004974907937086437,0.03292314478891464,0.017740321285
glass,10000,1.25E-05,6.25E-06,0.0024,8.494963902511873e-07,0.06630219585535792,2.560992872352452e-06,0.21627424554289665,4.303682868845443e-08,0.0004974907933259498,0.0683318414463947,0.017668375367
glass,10000,1.25E-05,6.25E-06,0.0025,1.016795269090802e-06,0.062449021603501645,2.521785188669412e-06,0.1539840462451646,9.278590804939844e-08,0.0004974907956734054,0.002097394696824295,0.052760860782
glass,10000,1.25E-05,6.25E-06,0.0026,6.654926918220184e-07,0.0704285892217239,2.042725420120517e-06,0.19458492752328382,1.4253498760392674e-07,0.0004974907939607753,0.09745694164538211,0.04679347556299998
glass,10000,1.25E-05,6.25E-06,0.0027,1.1883621712703388e-06,0.04894480265238152,2.7892949496788333e-06,0.11196534369202057,1.9228406704439698e-07,0.0004974907934295336,0.0411017038094057,0.009561762258000012
glass,10000,1.25E-05,6.25E-06,0.0028,1.0791901036553e-06,0.05752571955459234,2.4986338602109304e-06,0.19403354121190486,2.4203314678597726e-07,0.0004974907972425946,0.031890838177945455,0.08255430425400001
glass,10000,1.25E-05,6.25E-06,0.0029,9.498846649081548e-07,0.06611785193342484,2.0799437669110546e-06,0.2688029097916571,2.9178222664077535e-07,0.0004974908004231615,0.11155973192155923,0.06089626585699999
glass,10000,1.25E-05,6.25E-06,0.003,1.3972368141564295e-06,0.039669896412068216,3.6393545793100834e-06,0.09281142572364642,3.4153130651627493e-07,0.0004974907995660693,0.061332443423577035,0.11199590949999999
glass,10000,1.25E-05,6.25E-06,0.0031,9.423366480645005e-07,0.06767751903859677,2.8871422321496976e-06,0.26781411100146835,3.9128038643359084e-07,0.0004974908004717893,0.009669251148863495,0.06033271722900001
glass,10000,1.25E-05,6.25E-06,0.0032,1.1914829269387296e-06,0.06118964377525145,2.4813712972693303e-06,0.1801629655250253,4.410294665187751e-07,0.0004974907997390421,0.056908595020908795,0.006245128933999977
glass,10000,1.25E-05,6.25E-06,0.0033,1.3268872167315268e-06,0.05342242627318242,3.243518838375037e-06,0.22890798283631608,4.907785465522497e-07,0.0004974908002498557,0.09994055698608818,0.1506040230724
glass,10000,1.25E-05,6.25E-06,0.0034,8.497413292779043e-07,0.07485742853870918,2.0111748898084237e-06,0.18480482810534227,5.405276264503888e-07,0.0004974907995313194,0.001075882728388322,0.05173934881280001
glass,10000,1.25E-05,6.25E-06,0.0035,1.3982230761058805e-06,0.05415443769095345,2.6012615161351942e-06,0.13921862752002,5.902767062199144e-07,0.0004974907988368749,0.008033331073564742,0.04263013499599999
glass,10000,1.25E-05,6.25E-06,0.0036,1.1839384188185117e-06,0.06716887419603859,2.2393073388360385e-06,0.16038402472215624,6.400257860103109e-07,0.0004974907985132448,0.025287666472574882,0.075951132541
glass,10000,1.25E-05,6.25E-06,0.0037,1.0863693822068442e-06,0.07553873337317708,3.175672876665203e-06,0.18330901791576082,6.897748658647295e-07,0.0004974907980191956,0.057534234130626805,0.006870768066999988
glass,10000,1.25E-05,6.25E-06,0.0038,1.4773780101804024e-06,0.05742723580095325,3.0346492437585656e-06,0.11332384024054154,7.395239457695093e-07,0.0004974907997965516,0.018527352655130003,0.03213611342100001
glass,10000,1.25E-05,6.25E-06,0.0039,1.0826664637162837e-06,0.06926452676691898,3.29601174844929e-06,0.26743209580914284,7.892730257428107e-07,0.0004974908005719314,0.01656858833983313,0.034094877733000004
glass,10000,1.25E-05,6.25E-06,0.004,1.4103845991781497e-06,0.061950569204961704,2.2840143527179456e-06,0.13046919206587526,8.39022105680984e-07,0.000497490799415079,0.06326471638865366,0.012601250302999994
glass,10000,1.25E-05,6.25E-06,0.0041,1.4785238146439046e-06,0.053662178745864104,2.8150794603985205e-06,0.16987467322198535,8.887711855522619e-07,0.0004974907980628274,0.014595738697813943,0.03606772739599998
glass,10000,1.25E-05,6.25E-06,0.0042,1.2357352047247878e-06,0.06536923267027833,2.050381448428601e-06,0.2454017562507005,9.385202654985667e-07,0.0004974907994874656,0.04615434633730098,0.004509119758000002
glass,10000,1.25E-05,6.25E-06,0.0043,1.701279498900957e-06,0.04380721754403979,3.33628397444774e-06,0.16323379393031023,9.882693454813006e-07,0.0004974907990756838,0.06858427314618033,0.017920807052
glass,10000,1.25E-05,6.25E-06,0.0044,1.4016845662108976e-06,0.06713952009240183,3.314192815241579e-06,0.2543371923320136,1.0380184254877786e-06,0.0004974908010820789,0.03629894167681741,0.014364524417000007
glass,10000,1.25E-05,6.25E-06,0.0045,1.4881020272319e-06,0.06749707209407808,2.8783043983722097e-06,0.1654054846054442,1.0877675055938948e-06,0.0004974908023144264,0.06674386082677725,0.016080394732999992
glass,10000,1.25E-05,6.25E-06,0.0046,1.7650092843745777e-06,0.054233425214681004,4.227459735883787e-06,0.15054447129966908,1.1375165856856995e-06,0.0004974908008628098,0.06837827491112339,0.017714808822000022
glass,10000,1.25E-05,6.25E-06,0.0047,1.3259306394950943e-06,0.08020434769962355,2.2069642913290655e-06,0.20411045631214964,1.1872656657922493e-06,0.0004974907995777267,0.07790101988667905,0.027237553795899996
glass,10000,1.25E-05,6.25E-06,0.0048,1.778263910017782e-06,0.0655873967241995,5.261534702094561e-06,0.16857902008335401,1.2370147458753804e-06,0.0004974908012482793,0.03490813547555281,0.015755330612999996
glass,10000,1.25E-05,6.25E-06,0.0049,1.6989673846285292e-06,0.07276952022773239,3.824689569512096e-06,0.26122877661530597,1.2867638260411277e-06,0.0004974908018426927,0.03314516313172616,0.017518302973
glass,10000,1.25E-05,6.25E-06,0.005,1.511033383170715e-06,0.08226726196187628,4.007439663694656e-06,0.2720909161178727,1.3365129060926e-06,0.000497490801481093,0.0246003384373841,0.07526380454119999
glass,10000,6.25E-06,3.125E-06,0.0,0.0,0.0,0.0,0.0,0.0,0.0,0.0,0.0
glass,10000,6.25E-06,3.125E-06,0.0001,3.995827407166859e-16,0.0,6.661338147750939e-16,0.0,7.051209274091117e-17,0.0,0.0,1.647060745237e-19
glass,10000,6.25E-06,3.125E-06,0.0002,3.8565890407568974e-16,1.2978747040300992e-10,1.623463929039981e-15,1.242675921613398e-09,8.020283348118308e-17,1.7554167342883506e-16,1.1134297473541805e-18,5.664977242842e-19
glass,10000,6.25E-06,3.125E-06,0.0003,3.910934707582632e-16,1.010811452824356e-10,1.5862621070749701e-15,1.4002737940381482e-09,7.901335799282707e-17,2.2887833992611187e-16,9.0677411345029e-19,7.772882273092e-19
glass,10000,6.25E-06,3.125E-06,0.0004,4.602039382281709e-16,1.0615252533989692e-10,2.1342936781203964e-15,1.168488264382757e-09,7.917499572140779e-17,2.6766507790745728e-16,8.208375441154004e-19,8.687743525781e-19
glass,10000,6.25E-06,3.125E-06,0.0005,4.2957830475303026e-16,1.1445543683699488e-10,1.8323674269418102e-15,1.3253665194087815e-09,7.757889871481818e-17,2.3055512673781017e-16,9.756914837294949e-19,7.1888140692420005e-19
glass,10000,6.25E-06,3.125E-06,0.0006,4.295847150889836e-16,1.1234323519177748e-10,1.7633530262579845e-15,1.2521916825931668e-09,7.680611125859263e-17,5.034405433428661e-16,9.111427493048714e-19,7.905876916015999e-19
glass,10000,6.25E-06,3.125E-06,0.0007,4.499996560024454e-16,1.0157421185815959e-10,2.979457371221973e-15,1.2743155067597599e-09,7.628410196492185e-17,5.155369359468229e-16,7.277092211304219e-19,9.773306585849999e-19
glass,10000,6.25E-06,3.125E-06,0.0008,4.527428558320541e-16,1.1331413290431182e-10,1.6910725702338014e-15,1.2844269666723035e-09,7.78224580345067e-17,4.996003610813204e-16,9.313140607556966e-19,7.737200986296e-19
glass,10000,6.25E-06,3.125E-06,0.0009,4.251098103745526e-16,1.1238807656510171e-10,1.438277217113005e-15,1.400978528808156e-09,7.770209280962586e-17,5.3533015581491455e-16,9.484741311561065e-19,7.579514228273001e-19
glass,10000,6.25E-06,3.125E-06,0.001,4.2181336019976486e-16,1.1457464802209288e-10,2.385082656164473e-15,1.1832186619461814e-09,7.897267243328896e-17,3.207436287644069e-13,9.154197676416251e-19,7.917640207232e-19
glass,10000,6.25E-06,3.125E-06,0.0011,1.3410699723184106e-07,0.025500782984061384,5.677678558968502e-07,0.1398564209305697,2.2743925150343915e-09,2.8619116782646614e-05,0.009322609462844356,0.0007378035799998628
glass,10000,6.25E-06,3.125E-06,0.0012,1.9100600239924164e-07,0.03186699336382606,1.4565127523097354e-06,0.16392045673485245,1.8034448552584085e-09,0.0002101105353292665,0.0168125100897486,0.08574483081999995
glass,10000,6.25E-06,3.125E-06,0.0013,2.49007471287058e-07,0.03348827513000923,1.0940250914359684e-06,0.1811130924895897,1.1732737203659663e-09,9.170656502113794e-05,0.0081670633181435,0.02837809912999978
glass,10000,6.25E-06,3.125E-06,0.0014,2.9107971749487e-07,0.03347980464043317,1.0032577847929325e-06,0.14515357859757747,7.502186177626644e-09,0.00045219118013822834,0.013510469679483633,0.07950262636000005
glass,10000,6.25E-06,3.125E-06,0.0015,3.186743868114555e-07,0.035876710971923166,9.841851174169358e-07,0.12541150088555442,4.087795454996851e-08,0.0003508149743786104,0.0006479972757604119,0.1124759329899998
glass,10000,6.25E-06,3.125E-06,0.0016,3.4894642490838196e-07,0.037455439745754875,1.5666268930736305e-06,0.1401216690270199,6.931120120575764e-08,0.00021409981572173553,0.0021017390691751014,0.060743872089999984
glass,10000,6.25E-06,3.125E-06,0.0017,3.6636253249690895e-07,0.040154115786227754,1.1856359156403595e-06,0.23517782426924394,8.662655072173148e-08,0.00011404041034335233,0.02159582732065818,0.050924251623999994
glass,10000,6.25E-06,3.125E-06,0.0018,3.825680946134235e-07,0.0436448707241109,1.1584076334281157e-06,0.16153073525870335,9.449111574026843e-08,0.00010611799246951215,0.0017913488586713822,0.0038872806799999937
glass,10000,6.25E-06,3.125E-06,0.0019,4.370230482375857e-07,0.04248395745865569,1.1424235870049494e-06,0.11508154993256953,8.387931649104542e-08,0.00010611799263837707,0.031865278309062384,0.03754390784799999
glass,10000,6.25E-06,3.125E-06,0.002,5.011301726077057e-07,0.03806392993120812,2.250010362692123e-06,0.1352440871596826,7.326751721081423e-08,0.0001061179926370448,0.043993481907381005,0.04967211144700001
glass,10000,6.25E-06,3.125E-06,0.0021,4.785442830080144e-07,0.04488021142565477,2.5534702832452627e-06,0.13790098117262706,6.265571791876524e-08,0.00010611799298265723,0.0019884880069817312,0.0036901415360000023
glass,10000,6.25E-06,3.125E-06,0.0022,4.774250235170055e-07,0.045952549830891296,1.233022837217266e-06,0.2364868124559053,5.204391858117975e-08,0.00010611799409865341,0.041935184843597845,0.047613814385999986
glass,10000,6.25E-06,3.125E-06,0.0023,4.434545189878489e-07,0.053053551357029535,1.8116000262968779e-06,0.2552809821632078,4.1432119152521284e-08,0.00010611799459114835,0.04035344047299111,0.03467481094099999
glass,10000,6.25E-06,3.125E-06,0.0024,5.705012577162921e-07,0.045493020637176015,1.58411320928516e-06,0.1895356403495635,3.0820319712912374e-08,0.00010611799486026641,0.032844555734134334,0.0271659261997
glass,10000,6.25E-06,3.125E-06,0.0025,5.005338292829606e-07,0.05292059411312224,1.645435693198305e-06,0.2789196432161084,2.0208520209877637e-08,0.00010611799499404828,0.026290766391191517,0.031969395922000016
glass,10000,6.25E-06,3.125E-06,0.0026,6.808591429737994e-07,0.04142747848283958,1.6275743618676675e-06,0.1283525801780564,9.596720733351643e-09,0.00010611799481807793,0.028155299780674437,0.022476670249000005
glass,10000,6.25E-06,3.125E-06,0.0027,5.848108608289924e-07,0.04825761523351852,1.6705729281862869e-06,0.11691224771921109,1.0150787579737136e-09,0.00010611799492776797,0.01823469174851708,0.023913321281999994
glass,10000,6.25E-06,3.125E-06,0.0028,5.959620463134625e-07,0.04750860013641984,2.4616887261963427e-06,0.11671390553094951,1.1626878186767704e-08,0.00010611799391679888,0.05380875434353931,0.048130124813
glass,10000,6.25E-06,3.125E-06,0.0029,6.793010015983364e-07,0.04632444459533051,1.496123834283279e-06,0.1259585131505082,2.223867741671902e-08,0.00010611799134130351,0.024082577127906096,0.018403947590799996
glass,10000,6.25E-06,3.125E-06,0.003,5.967142516656003e-07,0.051569827584389896,1.8497182631859893e-06,0.2481181529231915,3.285047653408949e-08,0.0001061179905039733,0.09115780584455939,0.085479176312
glass,10000,6.25E-06,3.125E-06,0.0031,6.911450130574655e-07,0.048183194192963553,1.918217621193071e-06,0.12966809086046827,4.3462275582701216e-08,0.00010611799057591575,0.04678039599314962,0.041101766462000006
glass,10000,6.25E-06,3.125E-06,0.0032,6.570748870014579e-07,0.05477126053884748,1.4186547129204587e-06,0.17071914695407409,5.407407466660372e-08,0.00010611799049686788,0.010952406827285738,0.005273777300000004
glass,10000,6.25E-06,3.125E-06,0.0033,6.182468938132638e-07,0.05253638345985506,1.4702085905244192e-06,0.16287565533088222,6.468587375726216e-08,0.00010611799082360651,0.08242289851087191,0.07674426898699999
glass,10000,6.25E-06,3.125E-06,0.0034,5.683760056888623e-07,0.06218302264158825,1.7099648358109842e-06,0.19080257320978644,7.529767290015204e-08,0.00010611799187465465,0.026073577249155155,0.020394947722000012
glass,10000,6.25E-06,3.125E-06,0.0035,6.642920042741785e-07,0.055863342122043504,2.0617604000738865e-06,0.19226108025940325,8.590947216612597e-08,0.00010611799272597366,0.024786373804486617,0.019107744275000005
glass,10000,6.25E-06,3.125E-06,0.0036,6.129759878231797e-07,0.05919219881764104,1.5940087102622735e-06,0.18226728446147145,9.652127146354177e-08,0.00010611799289272916,0.10122795501206813,0.09554932548
glass,10000,6.25E-06,3.125E-06,0.0037,7.335682730753431e-07,0.05411979146000504,1.8000769275893098e-06,0.17492327370294863,1.0713307070360327e-07,0.00010611799180848536,0.054337453966970733,0.060016083501999995
glass,10000,6.25E-06,3.125E-06,0.0038,6.662582670611837e-07,0.059503502244065275,1.4819160633767527e-06,0.21249361549307255,1.1774486989764039e-07,0.0001061179913621757,0.008854391148268081,0.014533020680999986
glass,10000,6.25E-06,3.125E-06,0.0039,6.620060698409522e-07,0.06223563919816165,1.4663841579066343e-06,0.15060746591607302,1.2835666905871776e-07,0.0001061179917101196,0.03372253548281609,0.028043905952000014
glass,10000,6.25E-06,3.125E-06,0.004,5.486468476747416e-07,0.06693333506205268,1.3393372333382244e-06,0.22563849365103517,1.3896846824343074e-07,0.00010611799208881667,0.06881584718930393,0.074494476714
glass,10000,6.25E-06,3.125E-06,0.0041,7.201609088122112e-07,0.06105059089621291,1.6773374697659493e-06,0.16481503209292925,1.495802674516709e-07,0.00010611799201010186,0.043872864491896785,0.038194234976
glass,10000,6.25E-06,3.125E-06,0.0042,7.712499915112501e-07,0.06115117755410108,1.5540036086836295e-06,0.31015703907579106,1.6019206667335518e-07,0.00010611799178839032,0.04070131479969427,0.046379944319
glass,10000,6.25E-06,3.125E-06,0.0043,7.355470046431189e-07,0.06296195785586971,3.4585872632220127e-06,0.20057246203488222,1.7080386589807522e-07,0.00010611799234827579,0.07719160167371367,0.08287023118699999
glass,10000,6.25E-06,3.125E-06,0.0044,9.761305796040466e-07,0.050999468430092995,3.957381984720509e-06,0.1779502656478148,1.814156651005691e-07,0.00010611799198845251,0.008372981135802482,0.014051610650999996
glass,10000,6.25E-06,3.125E-06,0.0045,7.159214800250943e-07,0.06719790615509731,1.6650916957183792e-06,0.17337659937509886,1.9202746427866846e-07,0.00010611799147186574,0.10336746728974427,0.109046096806
glass,10000,6.25E-06,3.125E-06,0.0046,8.332873890319269e-07,0.0593760978939177,1.758502378740312e-06,0.18867612408145318,2.0263926343833637e-07,0.0001061179916543864,0.02864269680516146,0.034321326319000006
glass,10000,6.25E-06,3.125E-06,0.0047,9.499493995601958e-07,0.06376468806285297,1.55634761107379e-06,0.25543067335196346,2.1325106257675391e-07,0.00010611799159576663,0.03637813025676381,0.04205675976790001
glass,10000,6.25E-06,3.125E-06,0.0048,8.997929965570793e-07,0.05764861162753076,2.50997031555463e-06,0.1765511263348728,2.2386286177523626e-07,0.00010611799208226635,0.04035768624525492,0.04603631575800002
glass,10000,6.25E-06,3.125E-06,0.0049,1.0754819176617323e-06,0.052198524477686754,2.9687307644132854e-06,0.21408974856771057,2.3447466095615453e-07,0.00010611799135062938,0.013084933340397398,0.018763562848000015
glass,10000,6.25E-06,3.125E-06,0.005,1.1498927724307262e-06,0.04716976998205956,3.0169706170812827e-06,0.12634063483620117,2.450864601127867e-07,0.000106117991289012,0.07247381324191324,0.078152442751
glass,10000,3.125E-06,1.5625E-06,0.0,0.0,0.0,0.0,0.0,0.0,0.0,0.0,0.0
glass,10000,3.125E-06,1.5625E-06,0.0001,7.636184832866875e-16,0.0,1.3322676295501878e-15,0.0,2.3025933496896783e-16,0.0,0.0,6.03707494083e-19
glass,10000,3.125E-06,1.5625E-06,0.0002,6.551462668235344e-16,1.5509444137339584e-10,1.9847177419611114e-15,1.172876198422231e-09,2.638564544388815e-16,0.0,7.935757444645307e-19,1.14615609825e-19
glass,10000,3.125E-06,1.5625E-06,0.0003,6.424830759083231e-16,1.0812455761198059e-10,2.9519995460250142e-15,1.1566800683832133e-09,2.6538493274328084e-16,2.618455766672135e-16,6.390183936093286e-19,4.958080184600008e-20
glass,10000,3.125E-06,1.5625E-06,0.0004,5.59451483794402e-16,1.277335794086713e-10,2.950751884788054e-15,1.4735304721984262e-09,2.68608070351618e-16,2.435541875787129e-16,2.53997158520746e-19,2.55914312176e-19
glass,10000,3.125E-06,1.5625E-06,0.0005,5.700951999275762e-16,1.220324234899009e-10,1.992055040963135e-15,1.4497983625277997e-09,2.6843366008027817e-16,2.7755575615628914e-16,3.5250493655013294e-19,1.5482199340700002e-19
glass,10000,3.125E-06,1.5625E-06,0.0006,5.895740309223798e-16,1.364351190641816e-10,2.6265340395272015e-15,1.5815403482835967e-09,2.678208720394417e-16,2.237726045655905e-16,2.4360732327939233e-19,2.5656255933099998e-19
glass,10000,3.125E-06,1.5625E-06,0.0007,6.919667818999432e-16,1.4909035492756328e-10,4.080806191902475e-15,1.6234894345799738e-09,2.681389413993707e-16,2.237726045655905e-16,9.236150141469772e-20,4.0400116245399995e-19
glass,10000,3.125E-06,1.5625E-06,0.0008,7.095144757822381e-16,1.6264792127236856e-10,2.1638782380353237e-15,1.8132929229939645e-09,2.695588439151022e-16,2.3055512673781017e-16,3.147624218245232e-19,1.7454381295200007e-19
glass,10000,3.125E-06,1.5625E-06,0.0009,6.566356813171052e-16,1.3915279781766683e-10,2.3120047383720475e-15,1.2948509536874076e-09,2.699573057795931e-16,2.618455766672135e-16,4.2071428835911165e-19,6.455875902300003e-20
glass,10000,3.125E-06,1.5625E-06,0.001,5.924106748454709e-16,1.3237889142598457e-10,2.402942064692233e-15,1.7275531573006734e-09,2.681860326817684e-16,2.1960235281712956e-13,2.384743511416019e-19,2.3930523838600003e-19
glass,10000,3.125E-06,1.5625E-06,0.0011,4.721251250529845e-08,0.00991270331478181,1.928331994777155e-07,0.08809878315203927,7.210347950214672e-10,7.232034311410729e-06,0.0001138982805166111,0.0018663155300000511
glass,10000,3.125E-06,1.5625E-06,0.0012,8.764607232817149e-08,0.016798837395177905,5.742412041570555e-07,0.12093127977478035,6.966307357359281e-10,2.0563881175661436e-06,0.005066375096207276,0.005043681450000115
glass,10000,3.125E-06,1.5625E-06,0.0013,1.1490812835909233e-07,0.022893921730753386,4.170776524148323e-07,0.11319450322628266,4.604177126361052e-10,0.0002831384647399293,0.0033786355540606355,0.09384410835000034
glass,10000,3.125E-06,1.5625E-06,0.0014,1.261908476479176e-07,0.025018475306255457,3.571682641589913e-07,0.14706422583910803,1.791628767653527e-09,4.390966272554975e-06,0.001562425950139501,0.05936394945999979
glass,10000,3.125E-06,1.5625E-06,0.0015,1.44974831608993e-07,0.025231172477303967,7.683180974000776e-07,0.1551654268899288,5.331829012371687e-09,2.7247886926762277e-05,0.002027437935847823,0.10897202909000026
glass,10000,3.125E-06,1.5625E-06,0.0016,1.6217433774429056e-07,0.02610598175807386,4.255692539201217e-07,0.1072755123325877,7.998711795990588e-09,1.5046027043275068e-05,0.0032843785927357677,0.011882655480000004
glass,10000,3.125E-06,1.5625E-06,0.0017,1.8559764745982444e-07,0.026015216845071434,9.206453575327789e-07,0.11844300353902043,9.461932473425406e-09,2.5028082728639767e-05,0.00650530296116969,0.04224564291299998
glass,10000,3.125E-06,1.5625E-06,0.0018,1.779321296108509e-07,0.031338745410002,4.4455675522640676e-07,0.15522500804780726,1.0408782942332441e-08,1.876908393005916e-05,0.0010277386781112618,8.764725900001213e-05
glass,10000,3.125E-06,1.5625E-06,0.0019,1.999948345279046e-07,0.03140411801643722,4.890472659058176e-07,0.10125054163484229,8.531874553857278e-09,1.8769083880654236e-05,0.013669887662259073,0.012554501725
glass,10000,3.125E-06,1.5625E-06,0.002,2.0130466883374703e-07,0.03344248002790009,8.468768984415398e-07,0.20680708301539574,6.654966165165273e-09,1.8769083924841112e-05,0.007837311131093747,0.006721925195000006
glass,10000,3.125E-06,1.5625E-06,0.0021,2.3724108058428806e-07,0.031362047054118415,1.084095757879211e-06,0.12553329482687392,4.778057767908071e-09,1.8769083908187767e-05,0.00902055250396483,0.007905166566999994
glass,10000,3.125E-06,1.5625E-06,0.0022,2.3845469776319036e-07,0.03375215964042998,5.796038414773719e-07,0.2654496445275131,2.901149371951914e-09,1.876908395803678e-05,0.00634649211324001,0.0052311061760000055
glass,10000,3.125E-06,1.5625E-06,0.0023,2.5099518892549755e-07,0.03548565614939298,1.0124741682271399e-06,0.1296205088924487,1.0242409746947264e-09,1.8769084038638972e-05,0.01056018237474965,0.009444796438999994
glass,10000,3.125E-06,1.5625E-06,0.0024,2.86864339258665e-07,0.03272430321062151,8.16191857024029e-07,0.10896621634604176,8.52667421478327e-10,1.876908406983624e-05,0.016704640562734657,0.015589254625400006
glass,10000,3.125E-06,1.5625E-06,0.0025,2.6227133182135174e-07,0.0363757091292366,8.349254773102515e-07,0.12783435020215184,2.729575822096537e-09,1.8769084067837838e-05,0.0037942656015173687,0.0026788796649999946
glass,10000,3.125E-06,1.5625E-06,0.0026,2.9958417780694335e-07,0.032969616465980914,1.5945209465295651e-06,0.10771265271945274,4.6064842253710584e-09,1.8769083969916167e-05,0.0175129618506166,0.016397575912
glass,10000,3.125E-06,1.5625E-06,0.0027,2.832475315483333e-07,0.03735270719624835,2.0362879887547702e-06,0.14791386476102542,6.483392627398748e-09,1.8769083947045573e-05,0.026273897313726674,0.02738928325199999
glass,10000,3.125E-06,1.5625E-06,0.0028,2.9462666846578153e-07,0.03700624768337399,8.327558383008915e-07,0.09037551047686498,8.360301028260923e-09,1.8769084020986426e-05,0.011443600798946602,0.012558986735
glass,10000,3.125E-06,1.5625E-06,0.0029,3.024495368594991e-07,0.038637255822338734,9.964928238404003e-07,0.1258905747289415,1.02372094307494e-08,1.8769084112135737e-05,0.004026001532188184,0.005141387468799996
glass,10000,3.125E-06,1.5625E-06,0.003,3.3544058016000106e-07,0.03556856080047404,9.381212620618307e-07,0.15170169406805356,1.2114117834606684e-08,1.8769084132674863e-05,0.010972969600274246,0.009857583662000013
glass,10000,3.125E-06,1.5625E-06,0.0031,3.3017803206900784e-07,0.03680671201077679,1.0827558201420562e-06,0.11118554782195703,1.399102624139809e-08,1.8769084151548654e-05,0.015009406468125125,0.013894020528000012
glass,10000,3.125E-06,1.5625E-06,0.0032,3.6076555788426846e-07,0.03505589798295903,1.2649816139298498e-06,0.13458074493018102,1.58679346506154e-08,1.876908404052635e-05,0.030712316165870085,0.029596930226999996
glass,10000,3.125E-06,1.5625E-06,0.0033,3.114274289949908e-07,0.041283179657826394,8.740446196392471e-07,0.13037092747423978,1.77448430577795e-08,1.8769084017877802e-05,0.03111362606546922,0.032229012005
glass,10000,3.125E-06,1.5625E-06,0.0034,3.792368898382236e-07,0.035649440995452315,1.316604470752436e-06,0.2295009000866146,1.962175146566188e-08,1.8769084083714027e-05,0.020917337070642472,0.022032723009
glass,10000,3.125E-06,1.5625E-06,0.0035,3.6773630070961944e-07,0.038195668330037943,1.313735369407043e-06,0.11498811272740579,2.149865986611748e-08,1.876908406794886e-05,0.010380267865070875,0.011495653801999989
glass,10000,3.125E-06,1.5625E-06,0.0036,3.5646674942823675e-07,0.04088452387409945,1.5961868781444455e-06,0.1555990596848117,2.3375568264946776e-08,1.8769084084713228e-05,0.026613043751146037,0.02772842968860001
glass,10000,3.125E-06,1.5625E-06,0.0037,3.3742739023883876e-07,0.041557722192935125,9.418617486975367e-07,0.22634677860959462,2.525247666334239e-08,1.8769083992564717e-05,0.008881510886442623,0.009996896824000012
glass,10000,3.125E-06,1.5625E-06,0.0038,3.7093415870897176e-07,0.03975317931420804,9.079077896485753e-07,0.17395646861717062,2.71293850633101e-08,1.8769083965586297e-05,0.038821340894858586,0.039936726833999986
glass,10000,3.125E-06,1.5625E-06,0.0039,3.982877978447008e-07,0.037229984949472134,7.869231711948865e-07,0.1816325586205414,2.9006293465988313e-08,1.8769083977576706e-05,0.01694314869964364,0.018058534636999996
glass,10000,3.125E-06,1.5625E-06,0.004,3.5374083281756085e-07,0.04436473581154058,8.208543767335236e-07,0.1526681590280673,3.0883201868232846e-08,1.876908402065336e-05,0.014862285644157883,0.01597767158000002
glass,10000,3.125E-06,1.5625E-06,0.0041,3.395001277746608e-07,0.04661523665621004,1.403767986241089e-06,0.16950718473134352,3.276011026559847e-08,1.876908406261979e-05,0.002083726151865195,0.003199112085999989
glass,10000,3.125E-06,1.5625E-06,0.0042,4.3478970186827766e-07,0.03720534227130508,1.1565408244551594e-06,0.10648119294308137,3.463701866133779e-08,1.876908401543531e-05,0.003505121661657312,0.004620507595999995
glass,10000,3.125E-06,1.5625E-06,0.0043,3.5636557629728257e-07,0.04163085365099406,2.520606064787545e-06,0.1509838746333586,3.651392705848657e-08,1.876908398212862e-05,0.020018240050706473,0.02113362598400001
glass,10000,3.125E-06,1.5625E-06,0.0044,4.1556447671129934e-07,0.041892947976445334,1.1354225753481255e-06,0.1463164456094197,3.8390835455310093e-08,1.876908389430998e-05,0.05122773939707545,0.0523431253312
glass,10000,3.125E-06,1.5625E-06,0.0045,4.1408334322505413e-07,0.039395406234162024,1.6436756613835701e-06,0.1540120679676945,4.0267743852675716e-08,1.8769083968250833e-05,0.04261138648378651,0.043726772420000004
glass,10000,3.125E-06,1.5625E-06,0.0046,4.506143828246916e-07,0.038906820021248976,1.1776537996721625e-06,0.20311738015604586,4.2144652253510786e-08,1.876908400133548e-05,0.05149191429599262,0.05260730023400001
glass,10000,3.125E-06,1.5625E-06,0.0047,4.0013564068560064e-07,0.04254187716568269,1.0977464755257405e-06,0.15626469302161516,4.4021560653912176e-08,1.876908409836897e-05,0.053926533039936136,0.052811147103
glass,10000,3.125E-06,1.5625E-06,0.0048,3.3850229140692624e-07,0.048318628704444914,1.2638567540787515e-06,0.27418776687544055,4.589846905149464e-08,1.8769084026315497e-05,0.04820751974853853,0.04932290568600001
glass,10000,3.125E-06,1.5625E-06,0.0049,3.47615818651448e-07,0.048822020658642266,2.0367433538892588e-06,0.23793112507115421,4.777537744734238e-08,1.8769083958813937e-05,0.00822021442699053,0.009335600363000018
glass,10000,3.125E-06,1.5625E-06,0.005,4.075427121941665e-07,0.044953087269288705,1.4443712065825842e-06,0.12589269062004704,4.965228584752693e-08,1.8769083968250833e-05,0.006822968363805748,0.007938354299
glass,10000,1.5625E-06,7.8125E-07,0.0,0.0,0.0,0.0,0.0,0.0,0.0,0.0,0.0
glass,10000,1.5625E-06,7.8125E-07,0.0001,1.2262504683064228e-15,0.0,2.0350724194510405e-15,0.0,4.152672347703047e-16,0.0,0.0,1.217408741359e-18
glass,10000,1.5625E-06,7.8125E-07,0.0002,1.0942157352353875e-15,1.2476289815531815e-10,3.285373917885729e-15,1.4230840618291347e-09,5.049145954079006e-16,5.551115123125783e-17,1.3652735592433174e-19,6.58337873997e-19
glass,10000,1.5625E-06,7.8125E-07,0.0003,8.944441222900222e-16,1.1201087053113946e-10,3.891253501863749e-15,2.0689434987317352e-09,5.039043101360668e-16,5.551115123125783e-17,5.800222998908556e-19,4.548250044279999e-19
glass,10000,1.5625E-06,7.8125E-07,0.0004,9.035972015953332e-16,1.3998904634172015e-10,3.889446557953054e-15,2.7449850989914035e-09,5.027955262431402e-16,5.551115123125783e-17,4.387935449073797e-19,5.906722112040001e-19
glass,10000,1.5625E-06,7.8125E-07,0.0005,1.0214136878697524e-15,1.9453243238636762e-10,3.838864519201906e-15,2.907294957073844e-09,5.039225420216186e-16,0.0,1.1190199034529237e-18,7.794873648640001e-19
glass,10000,1.5625E-06,7.8125E-07,0.0006,9.69620019994363e-16,2.071409481159774e-10,6.767367725088344e-15,3.344721112489535e-09,5.011760061683563e-16,5.551115123125783e-17,1.3165093674346359e-18,9.03182698383e-19
glass,10000,1.5625E-06,7.8125E-07,0.0007,9.492374010359385e-16,2.0698435690581961e-10,4.4702205005993436e-15,3.8815911903127845e-09,5.019756199199104e-16,7.850462293418876e-17,1.3322007806622058e-18,8.61844176944e-19
glass,10000,1.5625E-06,7.8125E-07,0.0008,1.0733471294110843e-15,1.8851621321231117e-10,4.50959777161646e-15,4.14525018041326e-09,4.985369654944946e-16,2.2887833992611187e-16,1.0800099428009414e-18,1.1543374703189999e-18
glass,10000,1.5625E-06,7.8125E-07,0.0009,1.0458411159699822e-15,2.0113799599687956e-10,5.79114614558997e-15,4.1441279595831786e-09,4.969680367581573e-16,2.2887833992611187e-16,1.6366149931161985e-18,1.1302451026480002e-18
glass,10000,1.5625E-06,7.8125E-07,0.001,1.0390481779551405e-15,1.9323182356697817e-10,5.235973659727278e-15,3.401057133449506e-09,4.948117345888295e-16,1.7252866695711448e-13,9.894812141752199e-19,1.807170540609e-18
glass,10000,1.5625E-06,7.8125E-07,0.0011,1.2958018799692701e-08,0.003053981635767438,6.786934249046349e-08,0.059782471375999915,1.764535141272368e-10,7.213308270581642e-06,0.00020872294706988925,0.0017010000499997346
glass,10000,1.5625E-06,7.8125E-07,0.0012,2.4950488181335585e-08,0.005619177873889245,1.5693371102631914e-07,0.05774567407042223,1.6720181099103527e-10,4.973772014804645e-06,0.00066036042788431,0.0006991717100000017
glass,10000,1.5625E-06,7.8125E-07,0.0013,3.561689731919725e-08,0.007619443029267865,2.0112396439952995e-07,0.04295575227120647,4.073192607856306e-10,5.666082810557027e-05,0.0030420593151152253,0.015596955509999955
glass,10000,1.5625E-06,7.8125E-07,0.0014,4.382966533653471e-08,0.009723890790570037,1.8255301001413038e-07,0.04838541137243646,3.2400024503643697e-10,1.5003302967858678e-05,0.001500904199786851,0.006592774420000058
glass,10000,1.5625E-06,7.8125E-07,0.0015,5.253051129874685e-08,0.011912633527442549,3.1137882292031627e-07,0.05448581288741228,6.814756692981545e-10,2.7684129925709122e-06,0.00045543112479992653,0.005359400730000186
glass,10000,1.5625E-06,7.8125E-07,0.0016,6.459243650822429e-08,0.013232394839947101,2.2426701299862159e-07,0.05430388108815449,8.407101462477085e-10,1.2193939582516578e-06,0.000749529581446931,0.01821806870999998
glass,10000,1.5625E-06,7.8125E-07,0.0017,6.852675950759241e-08,0.01622770486574102,3.8950597408549115e-07,0.07187520981636086,8.804661964790925e-10,1.0264970593865108e-05,0.0017940233372603087,0.017693299455000033
glass,10000,1.5625E-06,7.8125E-07,0.0018,7.955644929400597e-08,0.017516473083646525,3.929191708246238e-07,0.0890953851924305,1.0119382293922699e-09,4.798014896945091e-06,0.002838404808631345,0.002914542963999983
glass,10000,1.5625E-06,7.8125E-07,0.0019,9.557890344820226e-08,0.016710348125085046,4.908113659385371e-07,0.06714658101715075,5.321367349587675e-10,4.7980149536774874e-06,0.001943584291587086,0.002019722446999994
glass,10000,1.5625E-06,7.8125E-07,0.002,9.891868219657488e-08,0.019012046288048198,3.6598278305155496e-07,0.10691505948225466,5.233523347974911e-11,4.7980149460169486e-06,0.0004344366439480579,0.0003582984880000084
glass,10000,1.5625E-06,7.8125E-07,0.0021,9.515965508088979e-08,0.02243299987961571,2.2547430796049373e-07,0.11684118268485988,4.2746626041410777e-10,4.798014968221409e-06,0.0020465041468853695,0.0021226423009999967
glass,10000,1.5625E-06,7.8125E-07,0.0022,1.0843221681530883e-07,0.02189724177168408,3.0276720442765076e-07,0.1214186099448249,9.072677528960082e-10,4.798014940243789e-06,0.009649113820191721,0.009572975668
glass,10000,1.5625E-06,7.8125E-07,0.0023,1.200569279739581e-07,0.021695586999155563,5.474116784309757e-07,0.08313525460360094,1.3870692434264379e-09,4.798014907603232e-06,0.003739381503103628,0.003663243349000006
glass,10000,1.5625E-06,7.8125E-07,0.0024,1.2438169917193578e-07,0.022495706024694046,4.808693765678829e-07,0.09156471483497464,1.8668707385105395e-09,4.798014893725444e-06,0.013869539597279018,0.013793401443300005
glass,10000,1.5625E-06,7.8125E-07,0.0025,1.268120575218152e-07,0.023901565053463796,3.3304835740497916e-07,0.09124741995497743,2.3466722331609685e-09,4.7980149283644025e-06,0.00197289488906173,0.0020490330450000094
glass,10000,1.5625E-06,7.8125E-07,0.0026,1.250027247031157e-07,0.024562162476836066,3.515510936108468e-07,0.15326715492185217,2.82647372694404e-09,4.798014986651111e-06,0.003844241164394996,0.003768103011999993
glass,10000,1.5625E-06,7.8125E-07,0.0027,1.3537034481602646e-07,0.024837789283737963,3.754228880886072e-07,0.10089074885846572,3.3062752228413076e-09,4.798015009299661e-06,0.0010908409069802782,0.001014702755999991
glass,10000,1.5625E-06,7.8125E-07,0.0028,1.3510880013260837e-07,0.025221697356532746,4.0674522638762304e-07,0.06966594532044211,3.7860767194433075e-09,4.7980149856519105e-06,0.003217425331162649,0.0032935634850000117
glass,10000,1.5625E-06,7.8125E-07,0.0029,1.516221614341902e-07,0.02332930155544945,7.288898289520285e-07,0.08999179197934826,4.265878217617402e-09,4.798014893614422e-06,0.002732781889689284,0.0026566437370999924
glass,10000,1.5625E-06,7.8125E-07,0.003,1.5345952074220246e-07,0.023826399893041274,5.221401705862716e-07,0.1082073144697524,4.745679711217518e-09,4.798014889395574e-06,0.005192332472281791,0.005116194320999995
glass,10000,1.5625E-06,7.8125E-07,0.0031,1.4294902731095878e-07,0.025747306551739468,5.708513815538829e-07,0.08396035492801657,5.2254811999319495e-09,4.7980148553117274e-06,0.002598876787964527,0.002675014935000025
glass,10000,1.5625E-06,7.8125E-07,0.0032,1.4342077846971732e-07,0.027044161809767327,4.6097266996614206e-07,0.15239707705510863,5.705282689872885e-09,4.798014918150351e-06,0.0084490468631154,0.008372908714999988
glass,10000,1.5625E-06,7.8125E-07,0.0033,1.5176186230548713e-07,0.0272015802558071,6.346480470598159e-07,0.1023053061759257,6.185084182016107e-09,4.798014942908324e-06,0.0027341876578194924,0.0028103258019999966
glass,10000,1.5625E-06,7.8125E-07,0.0034,1.782115942532892e-07,0.0237418973526247,1.5125902956270032e-06,0.1088127717163373,6.66488566842661e-09,4.798014860640798e-06,2.3551782400987875e-05,9.968992799999632e-05
glass,10000,1.5625E-06,7.8125E-07,0.0035,1.7380544654755067e-07,0.026083389207173034,6.784300001783095e-07,0.08150477707184989,7.1446871585234005e-09,4.798014861751021e-06,0.005435943162763884,0.005359805016000002
glass,10000,1.5625E-06,7.8125E-07,0.0036,1.8417279525494055e-07,0.025925059268187767,6.012672559210689e-07,0.07323902831533557,7.62448864840335e-09,4.798014848539367e-06,0.009317517377210954,0.009393655522399999
glass,10000,1.5625E-06,7.8125E-07,0.0037,1.701447482976499e-07,0.02812945049412639,4.6867877501188815e-07,0.07427621344891433,8.104290141319067e-09,4.798014913154347e-06,0.004347667991223991,0.004423806137999975
glass,10000,1.5625E-06,7.8125E-07,0.0038,1.7540068122495771e-07,0.02858903440268046,8.423871726837007e-07,0.08398376013951066,8.58409163228322e-09,4.798014948237395e-06,0.001151805442174303,0.001075667294999999
glass,10000,1.5625E-06,7.8125E-07,0.0039,1.8684363773226349e-07,0.027196805123992068,1.0540071369025128e-06,0.10509369464526896,9.063893121295808e-09,4.798014949125573e-06,0.020947293015647822,0.021023431166199993
glass,10000,1.5625E-06,7.8125E-07,0.004,1.8727003856734027e-07,0.02863344329452298,5.04117811979171e-07,0.09625135700654841,9.543694610525238e-09,4.798014903495407e-06,0.00831944175880045,0.008243303608000019
glass,10000,1.5625E-06,7.8125E-07,0.0041,2.0290810789455575e-07,0.027252805202714947,6.591147226419443e-07,0.07928421453027668,1.002349610723566e-08,4.798014872409162e-06,0.002254001538896766,0.0021778633869999897
glass,10000,1.5625E-06,7.8125E-07,0.0042,1.8707231352820315e-07,0.030229196091390284,7.96016267456956e-07,0.1483550243854428,1.0503297602428202e-08,4.7980149019410945e-06,0.003541212672588223,0.003617350822999993
glass,10000,1.5625E-06,7.8125E-07,0.0043,1.9029826698466753e-07,0.0303414395129189,6.839320290802364e-07,0.13428917463459478,1.0983099096861802e-08,4.798014918039328e-06,0.009630544235204222,0.009706682383999993
glass,10000,1.5625E-06,7.8125E-07,0.0044,2.1041929100569394e-07,0.029615852007789198,7.111010004584584e-07,0.15049987978647672,1.146290059031962e-08,4.798014997420275e-06,0.010595006182986783,0.010518868033199999
glass,10000,1.5625E-06,7.8125E-07,0.0045,2.056569559590412e-07,0.029326339304371517,6.155890770196196e-07,0.12583731217107696,1.19427020846448e-08,4.798014936580053e-06,0.00801444649022759,0.007938308341000011
glass,10000,1.5625E-06,7.8125E-07,0.0046,2.1194911569394048e-07,0.029871814754828085,9.651713705760567e-07,0.19340374970448604,1.242250357896998e-08,4.7980149522341975e-06,0.011422583567373606,0.011498721713999988
glass,10000,1.5625E-06,7.8125E-07,0.0047,2.043768451844916e-07,0.03103935317826132,8.110582148668222e-07,0.11580112119152088,1.2902305074379361e-08,4.798014896278957e-06,0.0066250756222568374,0.006701213768000008
glass,10000,1.5625E-06,7.8125E-07,0.0048,2.093723925914441e-07,0.031955326646344706,6.427504970980387e-07,0.1422426057247409,1.3382106570872945e-08,4.798014908713455e-06,0.00742071577169745,0.007496853919000013
glass,10000,1.5625E-06,7.8125E-07,0.0049,1.932917416061499e-07,0.033923142437763724,4.6137585738709186e-07,0.10432732650280019,1.3861908067149689e-08,4.798014965001762e-06,0.004462429200637358,0.004538567347999983
glass,10000,1.5625E-06,7.8125E-07,0.005,2.29611933761203e-07,0.02980174449844744,6.2587618894609e-07,0.1171276424156249,1.4341709558655943e-08,4.798014961227004e-06,0.0199155986608385,0.019991736804999993
iron,0,1.25E-05,6.25E-06,0.0,0.0,0.0,0.0,0.0,0.0,0.0,0.0,0.0
iron,0,1.25E-05,6.25E-06,0.0001,2.0396058299465963e-16,0.0,3.3306690738754696e-16,0.0,7.790935090122566e-17,0.0,0.0,1.725037694115e-19
iron,0,1.25E-05,6.25E-06,0.0002,1.6126602677082801e-16,2.4918952702737508e-11,3.480531475248531e-16,1.5516724307225077e-10,9.827216510370169e-17,2.3714374201337736e-16,1.1979855996443163e-19,1.239732930413e-19
iron,0,1.25E-05,6.25E-06,0.0003,1.6224888288080656e-16,2.6018980192105944e-11,5.978733960281817e-16,2.0183485151791606e-10,9.716049092535678e-17,2.3714374201337736e-16,1.264651208578822e-19,1.22886724132e-19
iron,0,1.25E-05,6.25E-06,0.0004,1.666935547721058e-16,2.6574829363929672e-11,5.311767472816653e-16,2.0705724710636535e-10,9.734634975349712e-17,1.2412670766236366e-16,1.3558791086876077e-19,1.2026915165809997e-19
iron,0,1.25E-05,6.25E-06,0.0005,1.9910797982526755e-16,2.622236484814556e-11,6.695942734621828e-16,2.2051597731751612e-10,9.667127723392647e-17,1.7554167342883506e-16,1.0814424188826158e-19,1.575635823679e-19
iron,0,1.25E-05,6.25E-06,0.0006,1.7717859201791067e-16,2.982624095241183e-11,6.521083742145178e-16,2.0724936886153937e-10,9.646124854431271e-17,1.2412670766236366e-16,1.3868474296029641e-19,1.323701245921e-19
iron,0,1.25E-05,6.25E-06,0.0007,2.0087537277001885e-16,2.8573900299501033e-11,7.500427566182555e-16,3.052658194280289e-10,9.763269534443593e-17,3.2487068343022356e-16,1.1783199877573986e-19,1.6032946340470002e-19
iron,0,1.25E-05,6.25E-06,0.0008,1.937272654932683e-16,2.922407717478212e-11,5.332123479817077e-16,2.763119490929845e-10,9.733560867474283e-17,1.3877787807814457e-16,1.3796848406637185e-19,1.4774826128399998e-19
iron,0,1.25E-05,6.25E-06,0.0009,1.9325051300022976e-16,3.148870400019271e-11,6.573411304338424e-16,2.804831820945758e-10,9.709365289329042e-17,1.7772239894833365e-16,1.6590175585218315e-19,1.291108073034e-19
iron,0,1.25E-05,6.25E-06,0.001,1.993486146943946e-16,3.07050201598924e-11,5.913957033160809e-16,3.3151695426082354e-10,9.785879619054317e-17,1.1443916996305594e-16,1.4521510033228597e-19,1.586603444218e-19
iron,0,1.25E-05,6.25E-06,0.0011,1.3573460402520636e-08,0.00118897534058617,2.8578028624104412e-08,0.004193595980507836,4.519775725561615e-09,1.083000171875348e-06,0.0007172540468831628,0.0008736030029999897
iron,0,1.25E-05,6.25E-06,0.0012,2.3476587351920286e-08,0.0018052968289548345,5.6226365244271825e-08,0.007132648512016045,8.369795907346364e-09,9.800138109472556e-06,0.0015424337080360041,0.001271297060000176
iron,0,1.25E-05,6.25E-06,0.0013,3.781428892023124e-08,0.0019341641962371144,1.0135888503515211e-07,0.00779156458314867,1.1102492171281841e-08,1.928539492113135e-05,0.0006409362254958537,0.013330353140000195
iron,0,1.25E-05,6.25E-06,0.0014,2.930736208829689e-08,0.0030917287421886766,5.9455313304788755e-08,0.011330955291039,1.1896877908377027e-08,2.3564457993341392e-05,0.0036205872331143557,0.006175920580000049
iron,0,1.25E-05,6.25E-06,0.0015,3.993532817181019e-08,0.003593125020638024,8.054095707043118e-08,0.010927971664247915,1.0659420903672695e-08,4.475961141403584e-05,0.0012161161199339895,0.017850133430000525
iron,0,1.25E-05,6.25E-06,0.0016,5.5442678796138826e-08,0.0032993209731380572,2.1128282384763608e-07,0.010359473734153149,7.454496026536306e-09,5.629571033688441e-05,0.001981464058825779,0.0957530178399999
iron,0,1.25E-05,6.25E-06,0.0017,4.7914553013980956e-08,0.003837076577814194,1.9397007483545892e-07,0.009521949705580282,1.4313859132263786e-09,6.199993739693099e-05,0.00229071852409269,0.07739874622000009
iron,0,1.25E-05,6.25E-06,0.0018,7.16207878074601e-08,0.003688743043165306,2.552710551273485e-07,0.01524474144683902,6.595541077918446e-09,8.886117013587325e-05,0.0015215219184771043,0.1907883291100001
iron,0,1.25E-05,6.25E-06,0.0019,8.135004721344245e-08,0.0035452375077015988,1.6497526793361813e-07,0.01336725343598022,1.562611675015417e-08,9.560489816179407e-05,0.004515441512820445,0.008335545219999574
iron,0,1.25E-05,6.25E-06,0.002,7.254798945807937e-08,0.004329055675750222,2.180957196784572e-07,0.012999957942542857,2.6398148200365568e-08,7.364575559387632e-05,0.003659800925184399,0.08017256188999955
iron,0,1.25E-05,6.25E-06,0.0021,9.561507206684416e-08,0.004189301159996412,2.45881083002259e-07,0.008243039560888343,3.7674746060280956e-08,8.30754156374569e-05,0.0008474568049649622,0.14134433285000014
iron,0,1.25E-05,6.25E-06,0.0022,9.760627994806366e-08,0.0048025636964967155,2.880531343174564e-07,0.011359532767898273,4.774442559341528e-08,7.436989281928152e-05,0.009420352133159154,0.0005895751700000229
iron,0,1.25E-05,6.25E-06,0.0023,8.029548654006021e-08,0.00587358853295495,1.7745925864898204e-07,0.013860861814736045,5.722292856723786e-08,3.589875705367618e-05,0.0042071748733966356,0.0022278750599999952
iron,0,1.25E-05,6.25E-06,0.0024,1.2003868540772289e-07,0.004891095012721169,2.823224760917231e-07,0.018433395126285834,6.483266176411477e-08,2.9533321781016753e-05,0.0069011808472421495,0.015223669960199998
iron,0,1.25E-05,6.25E-06,0.0025,1.1659918003502516e-07,0.004875294164246194,2.0968575934606202e-07,0.013082624911507494,6.544592740073858e-08,2.5190825816423512e-05,0.004066710322603499,0.00890724946866
iron,0,1.25E-05,6.25E-06,0.0026,1.0017879442043853e-07,0.0055866566798801745,1.566834416377727e-07,0.015209161186061557,6.292684482701611e-08,2.5190825743148793e-05,0.013571251878749819,0.0005972920879299998
iron,0,1.25E-05,6.25E-06,0.0027,1.4697216267164515e-07,0.003407687822451329,3.080190928983484e-07,0.011770797245802322,6.04077622503663e-08,2.5190825718834908e-05,0.0016774293575970642,0.011296530433890001
iron,0,1.25E-05,6.25E-06,0.0028,1.0152232578484396e-07,0.006145712996431052,1.8393254858084518e-07,0.016244987494939855,5.7888679677944865e-08,2.5190825618803814e-05,0.0039035245910669565,0.00907043519999
iron,0,1.25E-05,6.25E-06,0.0029,1.1549040610212633e-07,0.005789231288191082,2.4428177830548847e-07,0.015545569916757151,5.53695971171244e-08,2.519082567986608e-05,0.012217718635197,0.0007562411554500005
iron,0,1.25E-05,6.25E-06,0.003,1.5505026791260226e-07,0.0039820658525674445,3.4534335977179133e-07,0.008518163973616155,5.285051455435237e-08,2.5190825593268684e-05,0.001659927623123,0.01463388741444
iron,0,1.25E-05,6.25E-06,0.0031,7.537515484722582e-08,0.007487139346755071,1.2879781185960531e-07,0.013092105046968125,5.033143199635083e-08,2.519082566920794e-05,0.007720730005354191,0.00525322978602
iron,0,1.25E-05,6.25E-06,0.0032,1.4076856627121417e-07,0.005655183522440808,2.7188937271049873e-07,0.0195944896427349,4.7812349428239106e-08,2.5190825582277476e-05,0.010873377724507916,0.00210058206729
iron,0,1.25E-05,6.25E-06,0.0033,1.541562554075083e-07,0.005319816636894333,3.0778548490428825e-07,0.01693013205875471,4.529326686329867e-08,2.5190825554188834e-05,0.0024267798920738905,0.015400739683969999
iron,0,1.25E-05,6.25E-06,0.0034,6.632695883107714e-08,0.008015522854273932,1.3673455221053777e-07,0.02055414356897419,4.277418431397075e-08,2.5190825582277476e-05,0.012406028821094508,0.0005679309706900001
iron,0,1.25E-05,6.25E-06,0.0035,1.7323402716454025e-07,0.004163777319114759,3.786537780825494e-07,0.01031088386448324,4.025510176152575e-08,2.5190825574061826e-05,0.008989316472984503,0.00398464331893
iron,0,1.25E-05,6.25E-06,0.0036,1.4751911010659848e-07,0.006629159969944627,2.979341860442908e-07,0.023891266143748847,3.773601922406984e-08,2.5190825344578727e-05,0.0008669398595858718,0.013840899651329999
iron,0,1.25E-05,6.25E-06,0.0037,6.717882400352976e-08,0.008978301972500956,1.4511334852140948e-07,0.026199219784731054,3.5216936684228685e-08,2.5190825344467704e-05,0.015550039103611529,0.0025760793123899995
iron,0,1.25E-05,6.25E-06,0.0038,1.9594389974357515e-07,0.004176275926757068,4.623569883344114e-07,0.025457312326305548,3.2697854156096915e-08,2.5190825168497355e-05,0.0063703247913418585,0.006603635000750001
iron,0,1.25E-05,6.25E-06,0.0039,1.3482218005694317e-07,0.007771976699047879,3.0682157065031745e-07,0.0175610722351911,3.0178771632139324e-08,2.519082522811633e-05,0.0010464346339502583,0.01192752515856
iron,0,1.25E-05,6.25E-06,0.004,9.710622818529235e-08,0.0090996527888151,3.703872999694102e-07,0.017875925740966834,2.765968910270651e-08,2.5190825418852647e-05,0.01450344946631573,0.0015294896744999995
iron,0,1.25E-05,6.25E-06,0.0041,2.1736362985812838e-07,0.0037652466996606912,5.534049784816641e-07,0.013982327741139833,2.5140606566605855e-08,2.5190825304610698e-05,0.0007513154867779129,0.012222644305559999
iron,0,1.25E-05,6.25E-06,0.0042,1.2619951154814306e-07,0.00835929175915127,2.998468629506283e-07,0.0198640457067693,2.2621524034408327e-08,2.519082516194704e-05,0.0015367986565277833,0.011437161135630002
iron,0,1.25E-05,6.25E-06,0.0043,1.4476741448043842e-07,0.008045235494493036,4.465514870377607e-07,0.018131221800333552,2.010244149776557e-08,2.5190825341470102e-05,0.013273215703241432,0.0002992559118400002
iron,0,1.25E-05,6.25E-06,0.0044,2.3478793613483338e-07,0.002773213736532605,6.187927172884855e-07,0.01622548782836397,1.7583358966110144e-08,2.5190825312049192e-05,0.0009450206090448891,0.01391898040079
iron,0,1.25E-05,6.25E-06,0.0045,1.0148679877645683e-07,0.009888802595987631,3.405522735477895e-07,0.03351341090616211,1.5064276442803073e-08,2.5190825293841534e-05,0.005859297122862683,0.007114662669239999
iron,0,1.25E-05,6.25E-06,0.0046,1.7030165206256637e-07,0.00856505616068626,3.7710110270539055e-07,0.02425144962742017,1.2545193920146525e-08,2.519082522378646e-05,0.01393446079803895,0.0009605010058199998
iron,0,1.25E-05,6.25E-06,0.0047,2.31157218756574e-07,0.006266357692934455,4.941789756296444e-07,0.019971912137850656,1.0026111401393104e-08,2.5190825111653936e-05,0.0007357925580203507,0.01223816723459
iron,0,1.25E-05,6.25E-06,0.0048,5.540511344475695e-08,0.011773679237742836,1.4218866249362856e-07,0.022070646284072293,7.507028890012257e-09,2.5190825035492637e-05,0.010625913888045228,0.00234804590372
iron,0,1.25E-05,6.25E-06,0.0049,2.0251367997057e-07,0.008576519349503162,5.214588396640352e-07,0.027143165935879097,4.9879463764630075e-09,2.5190825192034083e-05,0.011645739694857642,0.00132822009736
iron,0,1.25E-05,6.25E-06,0.005,2.3201252098517606e-07,0.007360488842386061,4.5920059826842774e-07,0.017847671503288177,2.4688638670337255e-09,2.5190825073018175e-05,0.0005684898968754976,0.01240546989522
iron,0,6.25E-06,3.125E-06,0.0,0.0,0.0,0.0,0.0,0.0,0.0,0.0,0.0
iron,0,6.25E-06,3.125E-06,0.0001,3.995827407166859e-16,0.0,6.661338147750939e-16,0.0,6.976021253003349e-17,0.0,0.0,4.96471167494e-19
iron,0,6.25E-06,3.125E-06,0.0002,5.354479882253396e-16,1.509128530248766e-10,1.5742574924190437e-15,1.5363344437713453e-09,8.290570400662196e-17,1.0007415106216802e-16,4.997607250980489e-18,3.180192494348e-18
iron,0,6.25E-06,3.125E-06,0.0003,4.737997586897792e-16,1.257516494423618e-10,2.317091907104312e-15,1.3848182656382058e-09,8.191146740434685e-17,2.0206364052201326e-16,4.285271720933646e-18,3.897660877039e-18
iron,0,6.25E-06,3.125E-06,0.0004,5.619005471229274e-16,1.2217545825712469e-10,2.8645448366287194e-15,1.1269450379202173e-09,8.094430615051831e-17,3.554447978966673e-16,3.457839990961339e-18,4.7398095201789995e-18
iron,0,6.25E-06,3.125E-06,0.0005,5.880401644569494e-16,1.1541521819842656e-10,2.9764862400447484e-15,9.713599312896996e-10,8.277935617994773e-17,2.5589376332604516e-16,3.2098111641780464e-18,4.972697445069e-18
iron,0,6.25E-06,3.125E-06,0.0006,5.079676253934585e-16,1.3568821673888392e-10,2.9745120884802203e-15,1.1130140182948009e-09,8.143253797629175e-17,4.308824046522781e-16,4.3685040037967165e-18,3.817690492371e-18
iron,0,6.25E-06,3.125E-06,0.0007,5.081973575059473e-16,1.3470189296695515e-10,2.5332950401970843e-15,1.3815283247686247e-09,8.06118897520929e-17,6.961062950497062e-16,4.57372688607065e-18,3.626262760345e-18
iron,0,6.25E-06,3.125E-06,0.0008,5.170124708310489e-16,1.4914555219383493e-10,3.1174369086162143e-15,1.4294754929543375e-09,7.90817958326567e-17,6.261943282059023e-16,4.88651514346276e-18,3.3210693738960004e-18
iron,0,6.25E-06,3.125E-06,0.0009,5.289005795258054e-16,1.3359527763811312e-10,3.669881210761452e-15,1.0532190995586137e-09,7.969635009321165e-17,5.33167196845001e-16,4.3381491034123015e-18,3.8783845228440005e-18
iron,0,6.25E-06,3.125E-06,0.001,5.068369927663486e-16,1.3867936003475265e-10,3.1216694784378655e-15,1.144097847116853e-09,8.038781529421511e-17,4.050792900924367e-16,4.534298058374486e-18,3.692625770902e-18
iron,0,6.25E-06,3.125E-06,0.0011,4.8043293537761245e-09,0.0008027936155215403,3.2431942564095247e-08,0.008188400863881751,1.130480539257922e-09,4.775234977438814e-07,9.665705096215116e-05,0.0023984717380000076
iron,0,6.25E-06,3.125E-06,0.0012,8.469082097514699e-09,0.0010200033485156025,3.706034256236758e-08,0.006882457979849141,2.0910819308744845e-09,2.6156493931894786e-06,0.00046559150160138153,0.00047732512999987264
iron,0,6.25E-06,3.125E-06,0.0013,1.225779758185131e-08,0.0010941628697687226,3.4051862302098e-08,0.0034008541047918033,2.7744043191307867e-09,4.542038057664399e-06,0.0002189116932174149,0.004667805600000019
iron,0,6.25E-06,3.125E-06,0.0014,1.1904098376059122e-08,0.001461975124809741,4.0443544083168526e-08,0.005116077327388283,2.9864878744925034e-09,5.870678150388109e-06,0.000499051561088142,0.004849724630000107
iron,0,6.25E-06,3.125E-06,0.0015,1.7784753911817674e-08,0.0014679000992503517,5.5576423546588316e-08,0.006443985006849309,2.6754517637797583e-09,1.1132726435658657e-05,0.0005349728435537857,0.01829488837999982
iron,0,6.25E-06,3.125E-06,0.0016,1.9809304615786587e-08,0.0015786480981140535,5.6470954357124015e-08,0.010734770650918296,1.8619827333622735e-09,1.613114740656174e-05,0.00010980177280193451,0.026195845260000183
iron,0,6.25E-06,3.125E-06,0.0017,1.813828020672012e-08,0.001921688727949239,4.9285147176206985e-08,0.00907099968707646,3.752549113458878e-10,1.3969743227454368e-05,0.0001998801319000543,0.0034871114500001354
iron,0,6.25E-06,3.125E-06,0.0018,2.5477419861910596e-08,0.0019524085135534375,9.626814950758344e-08,0.00603886888171217,1.664852812251554e-09,1.9008401688447307e-05,7.154626016814009e-05,0.05249663364999968
iron,0,6.25E-06,3.125E-06,0.0019,2.4556410029317177e-08,0.0021572483894374754,6.327649826538778e-08,0.006204595088002086,3.938049263204833e-09,2.107402509238243e-05,0.001304949972213548,0.04692145379999957
iron,0,6.25E-06,3.125E-06,0.002,2.822767520792673e-08,0.002154790349309988,9.464398403880026e-08,0.008967657282017538,6.543453158437337e-09,1.6509528759200975e-05,0.0008687929939431007,0.02630473224999985
iron,0,6.25E-06,3.125E-06,0.0021,3.5875719615840105e-08,0.0021873386258873186,1.1736544017204587e-07,0.0062112169222609944,9.439419216541666e-09,1.7577351807074315e-05,0.00016680700318640355,0.05717546142999996
iron,0,6.25E-06,3.125E-06,0.0022,3.223083307749867e-08,0.002487971462179289,8.10031542812448e-08,0.012973081193264346,1.1969052397418564e-08,1.604508432340168e-05,0.0013771374442285303,0.008421833939999956
iron,0,6.25E-06,3.125E-06,0.0023,3.856762843669856e-08,0.0025460404887472036,1.34030286230713e-07,0.008107246356708675,1.4309810605775755e-08,4.620266964128206e-06,0.0032974028406886607,0.014366119177000036
iron,0,6.25E-06,3.125E-06,0.0024,4.582127168579335e-08,0.0025276894031057325,1.2462913456801061e-07,0.009130723593899945,1.6263355728535905e-08,1.0914341085355161e-06,0.0011014144686891855,0.007265857127499997
iron,0,6.25E-06,3.125E-06,0.0025,4.196952081480536e-08,0.0027738641209721663,9.734396186344974e-08,0.016816312679114067,1.6302937822215008e-08,5.083235339875536e-06,0.003083237189172823,0.00046527221219999984
iron,0,6.25E-06,3.125E-06,0.0026,5.132992141852121e-08,0.0029240516508225317,1.7707038441061584e-07,0.01328970892634107,1.579461428584828e-08,5.0832353591934165e-06,0.003880087896473424,0.0012621229189100002
iron,0,6.25E-06,3.125E-06,0.0027,5.2202303591691405e-08,0.0029646117279588306,1.1007410672791131e-07,0.009070901988010305,1.5286290755986767e-08,5.083235350977766e-06,0.0009349398545811958,0.001683025122699999
iron,0,6.25E-06,3.125E-06,0.0028,4.018338882668771e-08,0.0038857095837222587,1.1267038896312087e-07,0.011066012475258246,1.4777967226667355e-08,5.0832353210017445e-06,0.005144866274296592,0.0025269012972000005
iron,0,6.25E-06,3.125E-06,0.0029,5.911594804431642e-08,0.0036361189291104394,1.9842893750343649e-07,0.01507881117982953,1.4269643695396378e-08,5.0832352344043485e-06,0.0025943509297437703,2.3614047520000014e-05
iron,0,6.25E-06,3.125E-06,0.003,4.41884832131891e-08,0.004231145584041793,1.1962127773052318e-07,0.019617576844291783,1.3761320164721712e-08,5.083235293579236e-06,0.0007548723434725531,0.0018630926332999995
iron,0,6.25E-06,3.125E-06,0.0031,4.098611189120172e-08,0.0048626437322813265,9.141107987220565e-08,0.01723370967303968,1.3252996631119701e-08,5.083235330882729e-06,0.004595571755931449,0.0019776067789
iron,0,6.25E-06,3.125E-06,0.0032,6.371369976927148e-08,0.004358747214766217,1.749939340656148e-07,0.01641860119380347,1.2744673103453697e-08,5.083235340985759e-06,0.0017898421124567694,0.00440780708926
iron,0,6.25E-06,3.125E-06,0.0033,4.318664917562398e-08,0.004938304661194985,1.3083992894680208e-07,0.012374459841877739,1.223634957432402e-08,5.0832353279961495e-06,0.0009496778685765543,0.0035676428449
iron,0,6.25E-06,3.125E-06,0.0034,7.057873765384599e-08,0.004459425257911184,1.1343992445676236e-07,0.012620402482977093,1.1728026035402641e-08,5.083235329994551e-06,0.0023908672207058074,0.0002270977560399996
iron,0,6.25E-06,3.125E-06,0.0035,8.471962242865214e-08,0.003486589214101353,1.8271280741166684e-07,0.014299212116424643,1.1219702492252875e-08,5.0832354252516865e-06,0.004517828147692292,0.0071357931242100004
iron,0,6.25E-06,3.125E-06,0.0036,6.770069189765681e-08,0.004548822971501556,1.6021302959301487e-07,0.014315153240851659,1.0711378942157438e-08,5.083235502745254e-06,0.0006775708358001875,0.0019403941408000017
iron,0,6.25E-06,3.125E-06,0.0037,9.859285434772796e-08,0.0037067932868705255,3.6857289487102207e-07,0.015151753647023813,1.0203055393674752e-08,5.0832355283914055e-06,0.0017223710299018417,0.0008955939470899998
iron,0,6.25E-06,3.125E-06,0.0038,9.274142598731099e-08,0.0036514770831881935,2.438063635978871e-07,0.011813469178466523,9.694731842942346e-09,5.0832355357188774e-06,0.003606788816809664,0.006224753793399998
iron,0,6.25E-06,3.125E-06,0.0039,8.087470694193856e-08,0.004653590494988204,1.9271235212426767e-07,0.018110403507986095,9.186408293782033e-09,5.083235463554381e-06,0.005951470379391868,0.0033335054033
iron,0,6.25E-06,3.125E-06,0.004,1.0745107867400322e-07,0.003977099133687928,2.1951107259665648e-07,0.012145516839429398,8.678084750693253e-09,5.083235382952189e-06,0.0025567961627385206,6.116881400999993e-05
iron,0,6.25E-06,3.125E-06,0.0041,7.314697674901014e-08,0.00563274314071853,1.393426709616133e-07,0.015009031195906576,8.16976121074866e-09,5.083235381397877e-06,0.00018062156925051018,0.0024373434069000013
iron,0,6.25E-06,3.125E-06,0.0042,7.960119457930931e-08,0.006053876279566193,1.784144966210377e-07,0.028413351924916563,7.661437671129326e-09,5.083235457337132e-06,0.009916152938417445,0.0072981879623400005
iron,0,6.25E-06,3.125E-06,0.0043,1.005647072807897e-07,0.005653751355498864,3.0326498018373726e-07,0.025746899164307134,7.153114128365807e-09,5.083235475211723e-06,0.000866512204535555,0.0017514527725299997
iron,0,6.25E-06,3.125E-06,0.0044,5.5267640074876124e-08,0.006714391864071877,1.8645139834849722e-07,0.018594501491771664,6.644790573459223e-09,5.083235525615848e-06,0.0015255381232270916,0.0010924268538999998
iron,0,6.25E-06,3.125E-06,0.0045,9.554213305247057e-08,0.006322886340361228,3.2573861166729223e-07,0.018047459749844008,6.136467022455767e-09,5.083235473213321e-06,0.0068102294204650145,0.004192264442739999
iron,0,6.25E-06,3.125E-06,0.0046,1.0084693031412525e-07,0.006267925653198471,2.564229085733061e-07,0.015527780746119062,5.6281434708017886e-09,5.0832355606988955e-06,0.006766663980785894,0.009384628958159998
iron,0,6.25E-06,3.125E-06,0.0047,7.001453809558846e-08,0.007034710810157987,1.9810517704055286e-07,0.02102188470949129,5.119819910907875e-09,5.083235638969619e-06,0.0005584625131030384,0.002059502464199999
iron,0,6.25E-06,3.125E-06,0.0048,1.2676658942208806e-07,0.0056235019969800605,2.1596628867489883e-07,0.021639501131972237,4.6114963475445145e-09,5.083235687375343e-06,0.002009801662854402,0.0006081633152800001
iron,0,6.25E-06,3.125E-06,0.0049,1.1167181114826859e-07,0.006079512808311139,2.4126816067226997e-07,0.014313361808585912,4.103172786349558e-09,5.083235587788337e-06,0.009203377531930665,0.01182134250972
iron,0,6.25E-06,3.125E-06,0.005,1.0955311755690709e-07,0.005951572179197946,2.933076675148971e-07,0.022465602782123728,3.5948492271061652e-09,5.083235569025568e-06,0.004813580928161838,0.0021956159499999985
iron,0,3.125E-06,1.5625E-06,0.0,0.0,0.0,0.0,0.0,0.0,0.0,0.0,0.0
iron,0,3.125E-06,1.5625E-06,0.0001,7.636184832866874e-16,0.0,1.3322676295501878e-15,0.0,2.3076227269427096e-16,0.0,0.0,1.819746875021e-18
iron,0,3.125E-06,1.5625E-06,0.0002,6.847467975091392e-16,1.5104335676977358e-10,2.28512009711024e-15,1.627024599138584e-09,2.781835417340363e-16,1.1443916996305594e-16,3.4106647285924973e-18,1.17008660973e-18
iron,0,3.125E-06,1.5625E-06,0.0003,6.739553893915704e-16,1.5322869910118102e-10,2.7281768386743026e-15,1.7419566525013365e-09,2.771415836152571e-16,5.551115123125783e-17,1.9326563571168527e-18,2.32341360688e-18
iron,0,3.125E-06,1.5625E-06,0.0004,7.045306717488201e-16,1.4687785388922129e-10,3.09097933802803e-15,1.6278533172000793e-09,2.776665646588198e-16,2.618455766672135e-16,1.0131069927823723e-18,2.4602726434099998e-18
iron,0,3.125E-06,1.5625E-06,0.0005,7.948263367328744e-16,1.4310931003898082e-10,3.916224885898306e-15,1.2996103975307699e-09,2.803779366065851e-16,1.4946834900704541e-16,4.80635293379469e-19,2.74242979368e-18
iron,0,3.125E-06,1.5625E-06,0.0006,7.383819418865867e-16,1.834216868632756e-10,2.9611440104807814e-15,2.0151373891486156e-09,2.7979234195543983e-16,3.510833468576701e-16,1.0355640639212458e-18,1.6031481710800003e-18
iron,0,3.125E-06,1.5625E-06,0.0007,7.714868333480176e-16,1.8747976806018706e-10,2.9658881347741796e-15,1.685375402611808e-09,2.805716038208969e-16,4.718447854656915e-16,1.3334117497205424e-18,1.2652051249799996e-18
iron,0,3.125E-06,1.5625E-06,0.0008,7.697554762345966e-16,1.8321684009466968e-10,3.2606600045075686e-15,1.6508146072735983e-09,2.783204852903596e-16,5.578801654593729e-16,1.8344899069986e-18,7.172219862800001e-19
iron,0,3.125E-06,1.5625E-06,0.0009,7.20977189066087e-16,1.6692098309860467e-10,3.555775230791137e-15,1.6346013697547722e-09,2.8008266300978117e-16,5.244261588236206e-16,1.657350988655229e-18,8.782117690500003e-19
iron,0,3.125E-06,1.5625E-06,0.001,7.77526171338761e-16,1.5606463217385378e-10,4.2778942161491035e-15,1.830114305318896e-09,2.804622367977003e-16,4.379755957367587e-16,1.957433967667335e-18,5.3786591765999995e-19
iron,0,3.125E-06,1.5625E-06,0.0011,1.9219806309788166e-09,0.0003457604842365672,2.444792145115551e-08,0.008847264173919303,2.8208426653557276e-10,6.775899730193668e-09,9.219188192670369e-05,0.0021436193759999944
iron,0,3.125E-06,1.5625E-06,0.0012,3.4566306352623394e-09,0.000506020968096741,3.069795961859292e-08,0.0053181221397826375,5.230491914154188e-10,7.424134657041392e-07,0.00013333600128968837,0.004959470990000048
iron,0,3.125E-06,1.5625E-06,0.0013,4.034777162331267e-09,0.0007015155909474531,2.4922316339818317e-08,0.006852982457331817,6.930115086390945e-10,9.446499282805831e-07,0.00010244916056222683,0.007570419099999892
iron,0,3.125E-06,1.5625E-06,0.0014,4.411647715283614e-09,0.0007726296537596714,2.2626129873732116e-08,0.0038839977127914658,7.482910955366697e-10,1.6569750818096196e-06,1.6668029423992387e-05,0.010936679270000305
iron,0,3.125E-06,1.5625E-06,0.0015,5.871370845508892e-09,0.0008297228728019815,3.278886981372687e-08,0.0072074083849498856,6.700393577648429e-10,3.0424942152329493e-06,0.00015133036794572237,0.011493528569999967
iron,0,3.125E-06,1.5625E-06,0.0016,6.4661495580144184e-09,0.0009972144493752423,1.7442264133027427e-08,0.007847337179540236,4.6262189673697797e-10,3.7972004406361393e-06,5.846202836027985e-05,0.006467302199999914
iron,0,3.125E-06,1.5625E-06,0.0017,6.5409741731992345e-09,0.0011604031482412875,5.208116304888932e-08,0.009742676912285846,9.463370972297787e-11,3.56301260927977e-06,0.00010838899470278157,0.008521161290000023
iron,0,3.125E-06,1.5625E-06,0.0018,8.138393094859363e-09,0.001084975484619511,4.6978818113441185e-08,0.008702630146820175,4.145193129718295e-10,4.141485441588877e-06,8.284876303504048e-05,0.011007590110000187
iron,0,3.125E-06,1.5625E-06,0.0019,8.303981610040618e-09,0.001062655529887793,3.332001991254641e-08,0.007089517882952211,9.792668293016482e-10,4.859763910458614e-06,4.0696555709079235e-05,0.005840354889999233
iron,0,3.125E-06,1.5625E-06,0.002,8.545337233548718e-09,0.0012241633530823857,4.1125156557964004e-08,0.006834051872277925,1.6338136557634584e-09,4.47218588228715e-06,0.00020382963407709377,0.0008400689799996641
iron,0,3.125E-06,1.5625E-06,0.0021,1.0913708776436893e-08,0.0012936809535864155,6.156714454919054e-08,0.00862254170888646,2.3570098960697926e-09,3.323405013078151e-06,0.00034842340227134476,0.005415756920000181
iron,0,3.125E-06,1.5625E-06,0.0022,1.085346617982597e-08,0.0012897510686693636,3.665835216159583e-08,0.012423251256753445,2.9955161584723036e-09,4.432015310751325e-06,0.0005018631226233741,0.008213645120000113
iron,0,3.125E-06,1.5625E-06,0.0023,1.3024389670671504e-08,0.0012903371191577146,5.8138612119007504e-08,0.006927078542432908,3.563267488362895e-09,5.932738414982097e-07,0.0012731610245220407,0.005343271221999957
iron,0,3.125E-06,1.5625E-06,0.0024,1.5267350427688405e-08,0.0012006654136484396,3.85050759817824e-08,0.006296164194179336,4.064180252755241e-09,1.6764375887490246e-07,0.00027091920923432095,0.002049760335700007
iron,0,3.125E-06,1.5625E-06,0.0025,1.3886239501443124e-08,0.0014726714287819876,6.708697761084823e-08,0.015581748433480326,4.113601451225669e-09,5.251311410159332e-07,0.0004982580557265377,0.00022780608490000076
iron,0,3.125E-06,1.5625E-06,0.0026,1.874442563271555e-08,0.001323072574750863,6.580840467007576e-08,0.009235818680544908,4.061088333890204e-09,5.251311514520296e-07,0.000109192238586589,0.00016125973230999993
iron,0,3.125E-06,1.5625E-06,0.0027,1.706258268271067e-08,0.00172001996452767,5.815945954321873e-08,0.009985955684463078,4.008575220349447e-09,5.251311592235908e-07,0.0004105112581870886,0.0006809632288000012
iron,0,3.125E-06,1.5625E-06,0.0028,1.7671513287703695e-08,0.001617380923221222,5.574981593037265e-08,0.0057140053881882275,3.956062104531865e-09,5.25131151229985e-07,0.0015866240618645222,0.0013161720904799994
iron,0,3.125E-06,1.5625E-06,0.0029,2.0984064145900226e-08,0.0016741922035152684,5.541385221519147e-08,0.008459022219831093,3.903548988063763e-09,5.251311495646505e-07,0.00013514942084512024,0.0004056013925499997
iron,0,3.125E-06,1.5625E-06,0.003,1.7143681857971265e-08,0.0020656257722361984,7.101791524297024e-08,0.014093114503655657,3.851035872896702e-09,5.25131147566249e-07,0.0004730426050714503,0.0002025906331999984
iron,0,3.125E-06,1.5625E-06,0.0031,2.0457119282809515e-08,0.0021444653613221618,6.280088291066299e-08,0.02170065595721518,3.798522758217532e-09,5.251311496756728e-07,0.0014223270720725312,0.0011518751007399998
iron,0,3.125E-06,1.5625E-06,0.0032,2.0666728811951832e-08,0.002270092561074549,6.126620452628906e-08,0.015866746335941536,3.7460096405025974e-09,5.251311460119368e-07,0.0008073994979562078,0.0010778514692299998
iron,0,3.125E-06,1.5625E-06,0.0033,1.606732336831508e-08,0.0022503698949480197,4.3513523855974444e-08,0.007522311779242457,3.6934965252271168e-09,5.251311576692785e-07,0.0007565098842056391,0.00048605791279999686
iron,0,3.125E-06,1.5625E-06,0.0034,2.1926158529216793e-08,0.0023812509071284432,8.229575568230452e-08,0.009959674359572561,3.640983410798669e-09,5.251311481213605e-07,0.000645028718082398,0.00037457674644999963
iron,0,3.125E-06,1.5625E-06,0.0035,2.2128107301649892e-08,0.0024719170665110824,5.93327292002107e-08,0.014513382227741168,3.5884702982201412e-09,5.25131143902513e-07,0.0017455493306630931,0.0020160013029999983
iron,0,3.125E-06,1.5625E-06,0.0036,1.887100157613917e-08,0.00269756237077651,4.1347340257855936e-08,0.012436202417616227,3.5359571836832737e-09,5.251311466780706e-07,0.0009403112348039247,0.0006698592622999995
iron,0,3.125E-06,1.5625E-06,0.0037,2.754820767859052e-08,0.0024669645446254713,6.10107327792136e-08,0.008005694963736376,3.483444069871466e-09,5.251311457898922e-07,0.0013279005809125714,0.0015983525532699996
iron,0,3.125E-06,1.5625E-06,0.0038,2.4194869963255632e-08,0.0024997488237455427,1.0920014986703919e-07,0.00874835222214489,3.430930955300717e-09,5.251311506748735e-07,0.0017034275265205246,0.001973879498600003
iron,0,3.125E-06,1.5625E-06,0.0039,2.8416804706651288e-08,0.002485069369463658,5.294344793324654e-08,0.01161595112039217,3.3784178412178587e-09,5.251311422371785e-07,0.0015763772609186343,0.0013059252893200014
iron,0,3.125E-06,1.5625E-06,0.004,3.601479771331627e-08,0.0021990741104686686,1.1412782832675994e-07,0.00868365013650043,3.3259047246955455e-09,5.251311393505986e-07,0.0014875969855951514,0.0017580489568999997
iron,0,3.125E-06,1.5625E-06,0.0041,3.0171905670174155e-08,0.0025708249322417306,7.596117571463754e-08,0.011943845436864556,3.2733916127810916e-09,5.251311342435727e-07,0.0002660192557817154,4.432715799997794e-06
iron,0,3.125E-06,1.5625E-06,0.0042,3.849397484468801e-08,0.0019387570350141035,1.454559920288645e-07,0.008118269339799868,3.2208785002161163e-09,5.251311413490001e-07,0.0019630923416573583,0.0016926403694100004
iron,0,3.125E-06,1.5625E-06,0.0043,3.8919820063394384e-08,0.002142632495535811,1.0681153023162082e-07,0.009433127196760208,3.1683653886269234e-09,5.251311382403756e-07,0.0015195003505723177,0.001789952322900001
iron,0,3.125E-06,1.5625E-06,0.0044,3.070496227533613e-08,0.0026703040622371877,1.3800022777288312e-07,0.007279947894411768,3.1158522756282677e-09,5.251311395726432e-07,0.002683133278308481,0.0024126813057999998
iron,0,3.125E-06,1.5625E-06,0.0045,4.068975215815945e-08,0.0024165554720160356,7.411536528260947e-08,0.011093659773113823,3.0633391630632925e-09,5.251311351317511e-07,0.0018781408596320326,0.0016076888872400001
iron,0,3.125E-06,1.5625E-06,0.0046,3.4749606278232877e-08,0.0026086821464883377,7.453253582359891e-08,0.009966694543682042,3.010826047462551e-09,5.251311335774389e-07,0.0007037455725070908,0.0009741975449000014
iron,0,3.125E-06,1.5625E-06,0.0047,3.242561759053662e-08,0.002671772704983146,6.06176743245257e-08,0.00977712130674502,2.9583129366322993e-09,5.251311395726432e-07,0.0035758085865198845,0.0033053566137999993
iron,0,3.125E-06,1.5625E-06,0.0048,3.7832032119233666e-08,0.003097143978742917,1.2334358920340627e-07,0.009874014226745543,2.905799822549441e-09,5.251311473442044e-07,0.0007212999834446641,0.0009917519561100001
iron,0,3.125E-06,1.5625E-06,0.0049,2.3173798748746865e-08,0.003709464185238632,7.652961997517331e-08,0.018288878233579414,2.853286708683423e-09,5.25131146456026e-07,0.0011192348756750648,0.0013896868486000004
iron,0,3.125E-06,1.5625E-06,0.005,3.1210734304585506e-08,0.003468136883816611,1.0541931483309952e-07,0.013541719338577271,2.800773594166884e-09,5.251311429033123e-07,0.002183683380463314,0.0019132314080000015
iron,0,1.5625E-06,7.8125E-07,0.0,0.0,0.0,0.0,0.0,0.0,0.0,0.0,0.0
iron,0,1.5625E-06,7.8125E-07,0.0001,1.2262504683064228e-15,0.0,2.0350724194510405e-15,0.0,4.16195036850469e-16,0.0,0.0,3.6696177775400004e-18
iron,0,1.5625E-06,7.8125E-07,0.0002,8.93005439457238e-16,1.3690184706202973e-10,4.189184436886365e-15,2.2799448618352425e-09,5.203717798397283e-16,2.7755575615628914e-17,8.948232552471993e-19,1.2304335314500002e-18
iron,0,1.5625E-06,7.8125E-07,0.0003,9.278047821871837e-16,1.8369783008480604e-10,3.3387834777217523e-15,4.472922479555809e-09,5.244814617943846e-16,5.551115123125783e-17,2.2007155539437484e-18,1.9749117327499996e-18
iron,0,1.5625E-06,7.8125E-07,0.0004,8.719695849901788e-16,1.6217465112861826e-10,6.462714579722192e-15,2.690065841605849e-09,5.225772006272869e-16,0.0,8.503338049680221e-19,1.6187099367699995e-18
iron,0,1.5625E-06,7.8125E-07,0.0005,9.093928996066965e-16,1.9150014079693138e-10,3.886712507235466e-15,4.244933161628865e-09,5.244418602041148e-16,0.0,1.5723382320210464e-18,7.481180344299998e-19
iron,0,1.5625E-06,7.8125E-07,0.0006,9.510881692285173e-16,1.8197640839898118e-10,4.930502827302044e-15,3.5844471180134434e-09,5.245091497876871e-16,0.0,2.976191561790077e-19,1.4870449339699998e-18
iron,0,1.5625E-06,7.8125E-07,0.0007,9.690440918131624e-16,1.7853668234717457e-10,5.924125117820893e-15,3.3701417478704478e-09,5.215852525972886e-16,0.0,2.0463852359261653e-19,1.64814181249e-18
iron,0,1.5625E-06,7.8125E-07,0.0008,9.343945172926597e-16,1.8770591318016485e-10,6.443180542964282e-15,2.6341253302265035e-09,5.212299717183243e-16,1.1443916996305594e-16,4.893706073039149e-19,1.4082875843299996e-18
iron,0,1.5625E-06,7.8125E-07,0.0009,1.0061008478050428e-15,1.943867774204529e-10,5.330028144077822e-15,5.785752718968366e-09,5.188173971093482e-16,2.7755575615628914e-17,1.887340619611532e-18,1.4717248237000002e-18
iron,0,1.5625E-06,7.8125E-07,0.001,1.0263782428462628e-15,1.9662435473271057e-10,6.441341985247914e-15,3.948456686558413e-09,5.16886652065384e-16,7.850462293418876e-17,1.8020804252602045e-18,1.5373126811600002e-18
iron,0,1.5625E-06,7.8125E-07,0.0011,4.6001761490818135e-10,0.00023184922126586304,7.992765688300346e-09,0.00792325197070843,7.061447455588577e-11,8.325527711683378e-09,3.106981027579947e-05,3.8201178999996976e-05
iron,0,1.5625E-06,7.8125E-07,0.0012,1.0473861983601406e-09,0.0003154699464590977,2.0902364389869702e-08,0.008957480406262241,1.3039567667908612e-10,2.0880373674536656e-07,6.177307744122291e-05,0.0028704313700000927
iron,0,1.5625E-06,7.8125E-07,0.0013,1.5614382982696294e-09,0.0003565946664944883,1.9583328110387176e-08,0.01113374135057931,1.7379597002064226e-10,2.2176749325808487e-07,4.1182306411497154e-05,0.0031335099500000574
iron,0,1.5625E-06,7.8125E-07,0.0014,1.5160538303113082e-09,0.0004951724969575246,8.039907953571227e-09,0.007126911466542153,1.8678186341417964e-10,2.775664404985889e-07,6.744416236685808e-05,0.0015907215699999533
iron,0,1.5625E-06,7.8125E-07,0.0015,2.1626700929842345e-09,0.0004889054811935615,2.103424855543668e-08,0.006331458112496796,1.6685800029069605e-10,9.072176705426926e-07,9.937683222973649e-05,0.006970122069999363
iron,0,1.5625E-06,7.8125E-07,0.0016,2.7197175494149672e-09,0.00046585512817961893,3.0189691335730196e-08,0.006447265695592078,1.1613418104891537e-10,1.0240949351314477e-06,3.2777805342564664e-06,0.011868041239999627
iron,0,1.5625E-06,7.8125E-07,0.0017,2.3879389686371493e-09,0.0007718089641616127,1.7148947271461185e-08,0.01085919802790774,2.3841962697394e-11,6.498654389966441e-07,1.5957786067255378e-05,0.0008606927099998885
iron,0,1.5625E-06,7.8125E-07,0.0018,3.142909161567445e-09,0.0006402732431663578,2.8618796487116536e-08,0.0076802371010486715,1.0369337268290692e-10,1.2397183062340389e-06,1.542633070087014e-05,0.01286358458999981
iron,0,1.5625E-06,7.8125E-07,0.0019,3.399469555735074e-09,0.0006085458430023663,3.5461523310486e-08,0.004762436766044763,2.4378296733775653e-10,1.3445479020157691e-06,4.1017209869608634e-05,0.012030632900000171
iron,0,1.5625E-06,7.8125E-07,0.002,3.0584196048030124e-09,0.0008184359835983423,1.431228557891018e-08,0.01024759131689506,4.084150426710146e-10,9.121478009577189e-07,0.00013608934810230029,0.0008513134599992256
iron,0,1.5625E-06,7.8125E-07,0.0021,4.096248892139331e-09,0.0006308412532198442,2.815532697117138e-08,0.005762970573379337,5.891673030523121e-10,8.425284552249224e-07,5.7858105254246766e-05,0.011546689929999854
iron,0,1.5625E-06,7.8125E-07,0.0022,3.6939858938743e-09,0.0007530145348735827,1.6799062631213585e-08,0.011153311300790572,7.487896388007518e-10,1.0979855641357616e-06,6.904812317365741e-05,0.002250155250000052
iron,0,1.5625E-06,7.8125E-07,0.0023,4.6221518113764205e-09,0.0007043693749381915,2.4699916639781008e-08,0.006115581336864921,8.900922585792979e-10,1.7170760380214034e-07,0.0002400358705477272,0.0013077145850000083
iron,0,1.5625E-06,7.8125E-07,0.0024,4.93580001065987e-09,0.0006517356228448561,1.7009530171721342e-08,0.004291669473552172,1.0157414870143084e-09,9.356100338919776e-10,2.4653015385916847e-05,0.0009398747082999953
iron,0,1.5625E-06,7.8125E-07,0.0025,4.641774454894376e-09,0.0007211698721883966,2.5545182780052804e-08,0.004850310374444409,1.0336258178578302e-09,5.389326396265659e-08,0.00010030420763613643,7.254882909999913e-05
iron,0,1.5625E-06,7.8125E-07,0.0026,5.41973388519552e-09,0.0008557290551656927,2.0770883041310035e-08,0.014812835772015791,1.0282364925870541e-09,5.389326251936666e-08,6.978496055636343e-05,9.75403393600003e-05
iron,0,1.5625E-06,7.8125E-07,0.0027,5.4459659935595986e-09,0.0008206737172831292,4.152878395066347e-08,0.009274574025430691,1.0228471647141935e-09,5.3893260076876004e-08,0.0001341897721167263,0.00016194515079999937
iron,0,1.5625E-06,7.8125E-07,0.0028,5.945010654654883e-09,0.0009031989843212067,2.697826534392437e-08,0.006638967460965586,1.0174578410697197e-09,5.389326229732205e-08,0.0002144448438000223,0.00018668946457000082
iron,0,1.5625E-06,7.8125E-07,0.0029,6.508036751085417e-09,0.0010849381926470497,1.907489828447198e-08,0.012820076266176404,1.0120685137389591e-09,5.3893261964255146e-08,6.459266484924384e-05,9.23480442699999e-05
iron,0,1.5625E-06,7.8125E-07,0.003,6.591413867067276e-09,0.0009660035475414949,4.2269051545530245e-08,0.009840334638993895,1.006679190311328e-09,5.389326485083501e-08,7.14513454532521e-05,4.369596509999976e-05
iron,0,1.5625E-06,7.8125E-07,0.0031,6.818585645270594e-09,0.001251974533222128,4.85132020829595e-08,0.01358289583945905,1.0012898604869016e-09,5.389326074300982e-08,0.0003528215243366155,0.00032506614376000015
iron,0,1.5625E-06,7.8125E-07,0.0032,6.833209554565628e-09,0.0014617310224915578,2.3629752990412088e-08,0.018765274261730233,9.959005350806e-10,5.38932598548314e-08,0.0001437034752664046,0.00017145885599999938
iron,0,1.5625E-06,7.8125E-07,0.0033,7.129331094422242e-09,0.0010866131307727931,6.255224765811023e-08,0.004824877617175719,9.905112078040482e-10,5.38932598548314e-08,0.0004225510440117662,0.00039479566340000147
iron,0,1.5625E-06,7.8125E-07,0.0034,8.162012200101245e-09,0.0012953815076095871,6.118305661629065e-08,0.013346256019781701,9.85121880466511e-10,5.389326163118824e-08,0.00023337105777794173,0.00020561567706000022
iron,0,1.5625E-06,7.8125E-07,0.0035,7.321208080931735e-09,0.0015608317023168622,2.3851393462641444e-08,0.018428466493911555,9.797325527156235e-10,5.389326307447817e-08,0.0003773343316511033,0.00040508971170000185
iron,0,1.5625E-06,7.8125E-07,0.0036,8.271262645242694e-09,0.0011115768344999327,6.720141851952444e-08,0.0045095099521067486,9.743432255136109e-10,5.38932598548314e-08,0.0002488132098950203,0.00022105783010000282
iron,0,1.5625E-06,7.8125E-07,0.0037,8.893119791209604e-09,0.0013149082240545712,4.5412679424656876e-08,0.009042038486495258,9.689539006223058e-10,5.3893258744608374e-08,0.00031348569933138323,0.0003412410786400007
iron,0,1.5625E-06,7.8125E-07,0.0038,8.469834293116538e-09,0.0013363587642591067,2.983429739367162e-08,0.012928653138654106,9.6356457123156e-10,5.389325496985009e-08,0.0003312026895866257,0.00035895806939999914
iron,0,1.5625E-06,7.8125E-07,0.0039,9.507383255647168e-09,0.001229309002639781,3.2140167476719327e-08,0.009361685430081996,9.581752473160368e-10,5.3893259188697584e-08,0.00025056638513069884,0.00022281100565999835
iron,0,1.5625E-06,7.8125E-07,0.004,1.1151682784440815e-08,0.0010949914519158737,4.226923346387601e-08,0.008431499629128196,9.52785919931067e-10,5.389334811756186e-08,0.0006970024169570439,0.0007247577298800005
iron,0,1.5625E-06,7.8125E-07,0.0041,9.782736276529717e-09,0.0012094111521643621,3.437143575313329e-08,0.006589772556004084,9.47396585444572e-10,5.389334878369567e-08,0.00019964757792911587,0.00022740289050000168
iron,0,1.5625E-06,7.8125E-07,0.0042,1.1353594374959253e-08,0.0011471520023323422,3.293221845224181e-08,0.0038020047425771962,9.420072495486147e-10,5.38933456750712e-08,0.00021181261765639697,0.0001840573054299995
iron,0,1.5625E-06,7.8125E-07,0.0043,1.0828428018532661e-08,0.001278135224739253,4.648257628803166e-08,0.006530987659605261,9.366179108337317e-10,5.389334634120502e-08,0.0007097891366151486,0.0007375444494499995
iron,0,1.5625E-06,7.8125E-07,0.0044,1.0494021402414535e-08,0.001444698291268477,2.926265379754607e-08,0.020829072498093175,9.312285739619925e-10,5.389334500893739e-08,0.0005952928628553417,0.0005675375498999987
iron,0,1.5625E-06,7.8125E-07,0.0045,1.2445217932577072e-08,0.001319528326774249,3.1142420107988055e-08,0.005788132541970862,9.258392366565724e-10,5.389334878369567e-08,0.00017962992537364983,0.00015187461269000006
iron,0,1.5625E-06,7.8125E-07,0.0046,1.067105177724997e-08,0.00150156212488281,3.964378429116602e-08,0.006855581708563973,9.204499037963798e-10,5.389334922778488e-08,0.00012595517400056013,0.00015371048729999857
iron,0,1.5625E-06,7.8125E-07,0.0047,1.0932413742847657e-08,0.00164814431002467,4.526294605788906e-08,0.01600265191816799,9.150605657320192e-10,5.389334789551725e-08,0.0009780917894279886,0.0009503364768999999
iron,0,1.5625E-06,7.8125E-07,0.0048,1.197829023961177e-08,0.001675114047106886,3.732626592744198e-08,0.010718622764634887,9.096712324381468e-10,5.389334589711581e-08,2.2470739309270182e-05,5.284573000000244e-06
iron,0,1.5625E-06,7.8125E-07,0.0049,1.1610654190976435e-08,0.0016162976848912388,5.149647080365055e-08,0.008727909523885989,9.042818930727429e-10,5.389334634120502e-08,0.0002263206185451603,0.00019856530590000102
iron,0,1.5625E-06,7.8125E-07,0.005,1.1480899890878161e-08,0.0018881592171938247,4.8652132017545924e-08,0.016506521973892796,8.988925560925828e-10,5.3893349893918696e-08,0.000957426259497688,0.0009296709470999996
iron,10000,1.25E-05,6.25E-06,0.0,0.0,0.0,0.0,0.0,0.0,0.0,0.0,0.0
iron,10000,1.25E-05,6.25E-06,0.0001,2.0396058299465963e-16,0.0,3.3306690738754696e-16,0.0,7.790935090122566e-17,0.0,0.0,1.725037694115e-19
iron,10000,1.25E-05,6.25E-06,0.0002,1.6126602677082801e-16,2.4918952702737508e-11,3.480531475248531e-16,1.5516724307225077e-10,9.827216510370169e-17,2.3714374201337736e-16,1.1979855996443163e-19,1.239732930413e-19
iron,10000,1.25E-05,6.25E-06,0.0003,1.6224888288080656e-16,2.6018980192105944e-11,5.978733960281817e-16,2.0183485151791606e-10,9.716049092535678e-17,2.3714374201337736e-16,1.264651208578822e-19,1.22886724132e-19
iron,10000,1.25E-05,6.25E-06,0.0004,1.666935547721058e-16,2.6574829363929672e-11,5.311767472816653e-16,2.0705724710636535e-10,9.734634975349712e-17,1.2412670766236366e-16,1.3558791086876077e-19,1.2026915165809997e-19
iron,10000,1.25E-05,6.25E-06,0.0005,1.9910797982526755e-16,2.622236484814556e-11,6.695942734621828e-16,2.2051597731751612e-10,9.667127723392647e-17,1.7554167342883506e-16,1.0814424188826158e-19,1.575635823679e-19
iron,10000,1.25E-05,6.25E-06,0.0006,1.7717859201791067e-16,2.982624095241183e-11,6.521083742145178e-16,2.0724936886153937e-10,9.646124854431271e-17,1.2412670766236366e-16,1.3868474296029641e-19,1.323701245921e-19
iron,10000,1.25E-05,6.25E-06,0.0007,2.0087537277001885e-16,2.8573900299501033e-11,7.500427566182555e-16,3.052658194280289e-10,9.763269534443593e-17,3.2487068343022356e-16,1.1783199877573986e-19,1.6032946340470002e-19
iron,10000,1.25E-05,6.25E-06,0.0008,1.937272654932683e-16,2.922407717478212e-11,5.332123479817077e-16,2.763119490929845e-10,9.733560867474283e-17,1.3877787807814457e-16,1.3796848406637185e-19,1.4774826128399998e-19
iron,10000,1.25E-05,6.25E-06,0.0009,1.9325051300022976e-16,3.148870400019271e-11,6.573411304338424e-16,2.804831820945758e-10,9.709365289329042e-17,1.7772239894833365e-16,1.6590175585218315e-19,1.291108073034e-19
iron,10000,1.25E-05,6.25E-06,0.001,1.9921993209255985e-16,3.070458341310548e-11,5.913957033160809e-16,3.3151695426082354e-10,9.774793634561024e-17,4.3742936866924725e-14,1.452429937548452e-19,1.5840367020110002e-19
iron,10000,1.25E-05,6.25E-06,0.0011,1.0300407034790551e-07,0.01642837485774055,3.0251627639032996e-07,0.13836240765609137,3.837620184089439e-09,2.01357482664255e-05,0.007472481175261642,0.013955690970000045
iron,10000,1.25E-05,6.25E-06,0.0012,1.6402864756437073e-07,0.01851310629469302,5.596761527282279e-07,0.04959093397180113,5.793038539755186e-09,3.854350282184171e-05,0.017821279474021817,0.008490171140000058
iron,10000,1.25E-05,6.25E-06,0.0013,1.7207586637261914e-07,0.02089976874336525,4.3192082111148153e-07,0.112682156858958,6.5095057241639645e-09,8.490674965111467e-06,0.015285681542949708,0.05713578902999972
iron,10000,1.25E-05,6.25E-06,0.0014,2.5173764713640173e-07,0.019547697484742332,5.522758088141733e-07,0.05025765341264655,8.322794242850151e-09,0.00017564402268499535,0.03497491050591858,0.3314977789799993
iron,10000,1.25E-05,6.25E-06,0.0015,2.856919038496976e-07,0.01898409332765572,7.112728736558549e-07,0.06570245895833948,4.022749156571207e-09,8.951585193234246e-05,0.0046877357484255144,0.10036735359000026
iron,10000,1.25E-05,6.25E-06,0.0016,2.5293233963144606e-07,0.022407931138535918,5.976840578535368e-07,0.0919144067863434,3.7039819486290462e-09,0.00017992261144206267,0.015678196735167904,0.2302217141699998
iron,10000,1.25E-05,6.25E-06,0.0017,2.7905419200363855e-07,0.022260044279473663,7.382460533143763e-07,0.08508582723810681,4.268486252173923e-09,4.117883432366853e-06,0.03719335963364495,0.03139463964000022
iron,10000,1.25E-05,6.25E-06,0.0018,3.0581441864349834e-07,0.022304537985536093,8.400012665860102e-07,0.10514849436181384,1.0280480369989978e-08,1.8560373971604482e-05,0.03338153289348004,0.5748066142299999
iron,10000,1.25E-05,6.25E-06,0.0019,3.006854417071873e-07,0.023439730845219806,1.1775796740498556e-06,0.10758232242543198,1.584597481398345e-08,5.217787318528844e-05,0.0008261760505284335,0.47971161894000014
iron,10000,1.25E-05,6.25E-06,0.002,3.6623378357740444e-07,0.021633889659635048,7.227890632186018e-07,0.08447828490503125,2.1022832484389464e-08,6.173363446770885e-06,0.011489055446781582,0.07951750333999996
iron,10000,1.25E-05,6.25E-06,0.0021,4.000903244617062e-07,0.021929106219639997,7.934909099075772e-07,0.07285457772393422,2.9238736909496105e-08,2.185944485488811e-05,0.03383299119629072,0.3461051180799999
iron,10000,1.25E-05,6.25E-06,0.0022,3.650423933535873e-07,0.024867287634253832,7.019387193718529e-07,0.0811733520552248,3.574061219701295e-08,3.383142817248164e-05,0.032607195270322666,0.15905978936599996
iron,10000,1.25E-05,6.25E-06,0.0023,4.611809386179264e-07,0.022267675457693266,1.1097279493695577e-06,0.06511296660288135,4.0297977928552275e-08,3.5515334378954933e-06,0.006324984715901177,0.08591297024800001
iron,10000,1.25E-05,6.25E-06,0.0024,3.821711284204151e-07,0.026235092533959954,1.583108071856465e-06,0.09105144110968866,4.6012101542715e-08,3.968444292856699e-05,0.0006492063921640367,0.007348435520500005
iron,10000,1.25E-05,6.25E-06,0.0025,2.6595828536356434e-07,0.03131434055618533,9.334034506425226e-07,0.08384119066334439,4.2043657195491024e-08,3.968444367763446e-05,0.02538235583505706,0.017384713931699998
iron,10000,1.25E-05,6.25E-06,0.0026,4.2637518320138625e-07,0.027508008994367325,9.894406103883036e-07,0.10934159909442698,3.8075212700707135e-08,3.968444515256575e-05,0.02249010204177186,0.030487743947299993
iron,10000,1.25E-05,6.25E-06,0.0027,2.1718190981686985e-07,0.03011159251860373,4.218109133079977e-07,0.084631602989512,3.410676821839157e-08,3.968444551183392e-05,0.010605084476906362,0.018602726382099997
iron,10000,1.25E-05,6.25E-06,0.0028,3.6585735083716066e-07,0.025492151613954378,7.005831567097331e-07,0.05507657897994296,3.0138323654435584e-08,3.968444724722353e-05,0.023788121897487136,0.015790479996900003
iron,10000,1.25E-05,6.25E-06,0.0029,4.930017485947996e-07,0.021020715546726697,1.2244043941511684e-06,0.08138963067974048,2.6169878910935716e-08,3.968444807511684e-05,0.014147750881371893,0.022145392786600007
iron,10000,1.25E-05,6.25E-06,0.003,3.0252870305193673e-07,0.026577433906332455,7.243101358299369e-07,0.09698637681089273,2.2201434085470165e-08,3.968444653557057e-05,0.0038359326655095644,0.004161709240799991
iron,10000,1.25E-05,6.25E-06,0.0031,4.936459043847574e-07,0.0191065286468976,1.2065228639085435e-06,0.0573180130351475,1.8232989439656913e-08,3.9684445922394396e-05,0.036929380283885295,0.028931738375999994
iron,10000,1.25E-05,6.25E-06,0.0032,4.601152967103055e-07,0.023036347874096794,1.1980970052172246e-06,0.09151743776217768,1.4264544891421857e-08,3.9684445686583025e-05,0.024729094305825483,0.0327267362146
iron,10000,1.25E-05,6.25E-06,0.0033,2.9538888521744345e-07,0.028724132052186352,5.706310404855795e-07,0.07746434467402517,1.0296100348336761e-08,3.9684446640819715e-05,0.011888273698119844,0.019885915607399995
iron,10000,1.25E-05,6.25E-06,0.0034,4.6698630001247785e-07,0.02525847235055399,1.4648389372595716e-06,0.07458474114203095,6.327655761178848e-09,3.9684444958942855e-05,0.010584373332252109,0.0025867314204000014
iron,10000,1.25E-05,6.25E-06,0.0035,4.060514916889303e-07,0.026562505566109607,1.0570499399398248e-06,0.06301569709330224,2.359211205252733e-09,3.9684444973375754e-05,0.026028062945125566,0.034025704857
iron,10000,1.25E-05,6.25E-06,0.0036,3.468558078259493e-07,0.025349111031823475,9.005825562652392e-07,0.060709487341467985,1.6092333240528336e-09,3.968444484336864e-05,0.02801392486210689,0.0200162829523
iron,10000,1.25E-05,6.25E-06,0.0037,4.909889075307821e-07,0.02309297524452181,1.1740372872492966e-06,0.08043951672061811,5.5776778801924e-09,3.968444609092625e-05,0.017483336944627323,0.009485695032400002
iron,10000,1.25E-05,6.25E-06,0.0038,4.47097576809342e-07,0.02454665000882277,9.533788335047588e-07,0.05592425484227356,9.546122397283748e-09,3.96844449168654e-05,0.030889894683781623,0.038887536602400005
iron,10000,1.25E-05,6.25E-06,0.0039,3.127945163902313e-07,0.027573909407677278,7.068321724396666e-07,0.11107271477097969,1.3514566952186648e-08,3.968444564284024e-05,0.01500376010442006,0.0070061181902
iron,10000,1.25E-05,6.25E-06,0.004,5.074904349191626e-07,0.02343464388139171,1.0235224063049206e-06,0.07839443931915824,1.7483011539615612e-08,3.96844450980538e-05,0.017202119730209894,0.00920447781860001
iron,10000,1.25E-05,6.25E-06,0.0041,4.2444433721067797e-07,0.026295066577187564,1.4198330434145312e-06,0.06409084771617206,2.145145610855893e-08,3.9684446240140225e-05,0.003965301838523144,0.011962943758299996
iron,10000,1.25E-05,6.25E-06,0.0042,2.553197085822421e-07,0.031043763564802266,8.119740637357875e-07,0.08759246414125692,2.5419900760281083e-08,3.968444773749802e-05,0.03878174543310091,0.030784103512599997
iron,10000,1.25E-05,6.25E-06,0.0043,5.630918026054108e-07,0.021429890225778958,1.1950109066183323e-06,0.06593217061215662,2.9388345527416558e-08,3.968444745494626e-05,0.02031210774881039,0.012314465830700005
iron,10000,1.25E-05,6.25E-06,0.0044,3.767301591767897e-07,0.02851318591965163,9.777420385825852e-07,0.06197302448509978,3.335679023199357e-08,3.968444587720832e-05,0.006552965478469605,0.0014446764419000085
iron,10000,1.25E-05,6.25E-06,0.0045,3.607896347018102e-07,0.028792008361879912,1.120005032578808e-06,0.07486803061042102,3.7325234915103374e-08,3.9684446735743784e-05,0.024412945831423352,0.016415303912400002
iron,10000,1.25E-05,6.25E-06,0.0046,6.193113678610854e-07,0.017896641356418923,1.3507061022433042e-06,0.04613085551369232,4.129367964342441e-08,3.9684447447507765e-05,0.03228691806189386,0.04028455998229999
iron,10000,1.25E-05,6.25E-06,0.0047,3.7315709408626055e-07,0.027830604468819096,1.2197345427011896e-06,0.06766139728746146,4.526212435363927e-08,3.9684447488586017e-05,0.015142488000406545,0.023140129917500002
iron,10000,1.25E-05,6.25E-06,0.0048,4.96573393615363e-07,0.0240971041267507,1.0591110502380027e-06,0.09101209674033728,4.923056912261789e-08,3.9684448059462696e-05,0.024819761139663256,0.016822119227299995
iron,10000,1.25E-05,6.25E-06,0.0049,6.238636050238488e-07,0.02018082560021475,1.2958482318303766e-06,0.06645995927594417,5.3199013909594264e-08,3.968444765123369e-05,0.006324160836332443,0.0016734810798000044
iron,10000,1.25E-05,6.25E-06,0.005,3.444937460218723e-07,0.030826507892580502,1.5926953019773649e-06,0.11292432867862578,5.716745874167345e-08,3.968444777857627e-05,0.05397487903105624,0.045977237116600005
iron,10000,6.25E-06,3.125E-06,0.0,0.0,0.0,0.0,0.0,0.0,0.0,0.0,0.0
iron,10000,6.25E-06,3.125E-06,0.0001,3.995827407166859e-16,0.0,6.661338147750939e-16,0.0,6.976021253003349e-17,0.0,0.0,4.96471167494e-19
iron,10000,6.25E-06,3.125E-06,0.0002,5.354479882253396e-16,1.509128530248766e-10,1.5742574924190437e-15,1.5363344437713453e-09,8.290570400662196e-17,1.0007415106216802e-16,4.997607250980489e-18,3.180192494348e-18
iron,10000,6.25E-06,3.125E-06,0.0003,4.737997586897792e-16,1.257516494423618e-10,2.317091907104312e-15,1.3848182656382058e-09,8.191146740434685e-17,2.0206364052201326e-16,4.285271720933646e-18,3.897660877039e-18
iron,10000,6.25E-06,3.125E-06,0.0004,5.619005471229274e-16,1.2217545825712469e-10,2.8645448366287194e-15,1.1269450379202173e-09,8.094430615051831e-17,3.554447978966673e-16,3.457839990961339e-18,4.7398095201789995e-18
iron,10000,6.25E-06,3.125E-06,0.0005,5.880401644569494e-16,1.1541521819842656e-10,2.9764862400447484e-15,9.713599312896996e-10,8.277935617994773e-17,2.5589376332604516e-16,3.2098111641780464e-18,4.972697445069e-18
iron,10000,6.25E-06,3.125E-06,0.0006,5.079676253934585e-16,1.3568821673888392e-10,2.9745120884802203e-15,1.1130140182948009e-09,8.143253797629175e-17,4.308824046522781e-16,4.3685040037967165e-18,3.817690492371e-18
iron,10000,6.25E-06,3.125E-06,0.0007,5.081973575059473e-16,1.3470189296695515e-10,2.5332950401970843e-15,1.3815283247686247e-09,8.06118897520929e-17,6.961062950497062e-16,4.57372688607065e-18,3.626262760345e-18
iron,10000,6.25E-06,3.125E-06,0.0008,5.170124708310489e-16,1.4914555219383493e-10,3.1174369086162143e-15,1.4294754929543375e-09,7.90817958326567e-17,6.261943282059023e-16,4.88651514346276e-18,3.3210693738960004e-18
iron,10000,6.25E-06,3.125E-06,0.0009,5.289005795258054e-16,1.3359527763811312e-10,3.669881210761452e-15,1.0532190995586137e-09,7.969635009321165e-17,5.33167196845001e-16,4.3381491034123015e-18,3.8783845228440005e-18
iron,10000,6.25E-06,3.125E-06,0.001,5.065565346543124e-16,1.3851961503031658e-10,3.1216694784378655e-15,1.144097847116853e-09,8.049026036272552e-17,9.448058685263255e-14,4.521414081850887e-18,3.685714209222999e-18
iron,10000,6.25E-06,3.125E-06,0.0011,5.468200535191651e-08,0.011284626042468946,2.7607149512276496e-07,0.0811149700807452,9.210739911665772e-10,2.0614249402362006e-05,0.0038709640360359843,0.016659518240000004
iron,10000,6.25E-06,3.125E-06,0.0012,7.981758422170361e-08,0.013658441791910936,5.207505738569207e-07,0.06433813532359045,1.5108950061123331e-09,3.0351490100777312e-05,0.011747183763154867,0.05652795457999993
iron,10000,6.25E-06,3.125E-06,0.0013,8.946856026910205e-08,0.015871754794846992,2.8697588614874306e-07,0.08646740089448834,1.7958405363911067e-09,7.76372056221497e-06,0.0037696078190141563,0.005245172149999977
iron,10000,6.25E-06,3.125E-06,0.0014,1.1616935744758315e-07,0.015424566251261401,3.755767389521103e-07,0.07946051519180652,1.7079528542331151e-09,9.442321116270858e-05,0.0012606383235215651,0.16398749467000062
iron,10000,6.25E-06,3.125E-06,0.0015,1.2101529575481974e-07,0.015626982577423034,3.467449317395843e-07,0.06636585715802062,3.113235585126922e-10,5.7754513997088086e-05,0.005933726383013149,0.07827499204999988
iron,10000,6.25E-06,3.125E-06,0.0016,1.1856472361711524e-07,0.017214596959970883,2.391892474882874e-07,0.10259043589940181,1.1064759590333233e-09,1.6423286162997597e-05,0.008881079583541243,0.08116054203000012
iron,10000,6.25E-06,3.125E-06,0.0017,1.4022655182992904e-07,0.01621873572768592,7.219873024710832e-07,0.06736877296673749,1.7943438969901543e-09,6.383120252201335e-05,0.0026489524170887346,0.05261006051000017
iron,10000,6.25E-06,3.125E-06,0.0018,1.4236259592332155e-07,0.015871189707653218,4.4819192017341594e-07,0.05032807631299277,6.646717417560164e-09,6.912922774773844e-05,0.005943665838921877,0.007328028569999923
iron,10000,6.25E-06,3.125E-06,0.0019,1.4603071994965894e-07,0.01703252279484218,4.3269379795710435e-07,0.06579539447522977,1.1007523180710937e-08,5.787198403622851e-05,0.03168352035175957,0.0460691832700002
iron,10000,6.25E-06,3.125E-06,0.002,1.5239342298978505e-07,0.018012953156545608,6.683242203819884e-07,0.07436342526392603,1.485769906108339e-08,3.040492143702167e-05,0.021659491723005186,0.11105502225999997
iron,10000,6.25E-06,3.125E-06,0.0021,1.5491353804918093e-07,0.017906947137560605,3.319642901891983e-07,0.06922979258538942,1.7074538180257906e-08,5.409567174119445e-05,0.012453190139414531,0.014910864000000412
iron,10000,6.25E-06,3.125E-06,0.0022,1.856252282988665e-07,0.017085093783037318,9.085264051356123e-07,0.06653284695385175,1.839884479081129e-08,1.4284162746069917e-05,0.013437560052061828,0.048756089073
iron,10000,6.25E-06,3.125E-06,0.0023,1.8944534114803672e-07,0.01925975597134119,6.154718489859157e-07,0.08537290644709439,1.920852843321011e-08,2.83421269690054e-05,0.001117544863915007,0.044972416693000006
iron,10000,6.25E-06,3.125E-06,0.0024,1.9216014192823977e-07,0.01832436973045205,5.097912369744773e-07,0.07162794810349882,1.8209478631989878e-08,2.228566427875389e-05,0.013885277991462469,0.022173061343399997
iron,10000,6.25E-06,3.125E-06,0.0025,1.8807155520942878e-07,0.020598211929966526,5.929726685505177e-07,0.07456394102262254,2.0438045073836383e-08,2.228566432205259e-05,0.005504466335673919,0.0137922496883
iron,10000,6.25E-06,3.125E-06,0.0026,2.0809687012917905e-07,0.019153040911985546,5.724411415441999e-07,0.07778877656166294,2.266661150603349e-08,2.2285664188159693e-05,0.0378555502000527,0.04614333354990001
iron,10000,6.25E-06,3.125E-06,0.0027,2.0238488589815104e-07,0.020104994016606863,5.463090095638761e-07,0.04702857955858451,2.4895177929448557e-08,2.2285664156851404e-05,0.008956284156391645,0.01724406750270001
iron,10000,6.25E-06,3.125E-06,0.0028,2.647010312923986e-07,0.016522847528373345,8.195612165459597e-07,0.06571139532893144,2.712374433096274e-08,2.228566380224617e-05,0.01926540794349195,0.0109776245971
iron,10000,6.25E-06,3.125E-06,0.0029,2.488025813965352e-07,0.018598198565936416,5.71420127060695e-07,0.0558322163825685,2.935231069420459e-08,2.2285663356047536e-05,0.009301445726724693,0.017589229068999998
iron,10000,6.25E-06,3.125E-06,0.003,2.6454922936802155e-07,0.019574749050176508,5.872189262968258e-07,0.04724297501693372,3.15808770438397e-08,2.2285663548338164e-05,0.03536274557406799,0.027074962230699995
iron,10000,6.25E-06,3.125E-06,0.0031,3.0796651373695824e-07,0.016062042479410846,8.555576122211067e-07,0.0427834300045367,3.380944340339526e-08,2.2285663668575317e-05,0.0008961850237925589,0.009183968368199999
iron,10000,6.25E-06,3.125E-06,0.0032,2.585504544898716e-07,0.019883874065601,5.757031919587097e-07,0.08130091773577797,3.603800978252067e-08,2.228566381290431e-05,0.008519141342214126,0.016806924682600005
iron,10000,6.25E-06,3.125E-06,0.0033,2.909919980312124e-07,0.018374624624001128,8.599070428494393e-07,0.06998119776919598,3.826657615880005e-08,2.228566372797225e-05,0.02426957732947005,0.015981793986099994
iron,10000,6.25E-06,3.125E-06,0.0034,2.430171078381722e-07,0.021889761189187184,7.183916194697382e-07,0.05856653542752821,4.049514254066307e-08,2.22856638915081e-05,0.025275361393504128,0.0335631447381
iron,10000,6.25E-06,3.125E-06,0.0035,1.864007894698573e-07,0.02552309151373999,7.925356568516673e-07,0.055422114250807564,4.27237089445896e-08,2.2285664353249857e-05,0.011991032469793758,0.003703249125199995
iron,10000,6.25E-06,3.125E-06,0.0036,2.532459969391799e-07,0.023854974922667686,5.38041493053365e-07,0.06262094887352887,4.4952275368668744e-08,2.2285664125432092e-05,0.0393515278386212,0.0310637444903
iron,10000,6.25E-06,3.125E-06,0.0037,2.3971183752107075e-07,0.022913319544736282,7.319905355740453e-07,0.14549170281384294,4.7180841775305783e-08,2.228566407236343e-05,0.01978881986256486,0.0280766032131
iron,10000,6.25E-06,3.125E-06,0.0038,2.971653318922765e-07,0.020840468603852327,7.908676570724359e-07,0.05066661699061791,4.940940819130762e-08,2.2285664273535843e-05,0.03063499621090033,0.0223472128606
iron,10000,6.25E-06,3.125E-06,0.0039,3.3507309163981246e-07,0.02020198752877929,1.5539958663490783e-06,0.056712756949998534,5.163797458471739e-08,2.2285663925480925e-05,0.011071943853338928,0.019359727206600008
iron,10000,6.25E-06,3.125E-06,0.004,3.2207095555902093e-07,0.02111365761032432,6.343477818081019e-07,0.05515752563964962,5.386654100254882e-08,2.2285664334042998e-05,0.048205934289635,0.0564937176406
iron,10000,6.25E-06,3.125E-06,0.0041,3.5464605108641593e-07,0.01944826884524367,8.169184116323478e-07,0.04654941054699825,5.609510740883349e-08,2.228566384232522e-05,0.012447726250584726,0.004159942903300004
iron,10000,6.25E-06,3.125E-06,0.0042,3.2557378102133223e-07,0.023412957855768548,1.4900141019347224e-06,0.0656969938045131,5.832367379180782e-08,2.2285663968335534e-05,0.038782855273349334,0.0470706386219
iron,10000,6.25E-06,3.125E-06,0.0043,3.2805856165882515e-07,0.021002825214712157,1.240011197389812e-06,0.07316151201625887,6.055224017142112e-08,2.228566378581487e-05,0.010151534630534226,0.0184393179797
iron,10000,6.25E-06,3.125E-06,0.0044,3.188389408104123e-07,0.024696198553753972,9.800189091530424e-07,0.08916664192254398,6.278080654734813e-08,2.2285663744292528e-05,0.03940992188577262,0.031122138538500002
iron,10000,6.25E-06,3.125E-06,0.0045,3.402548069672025e-07,0.02357561207680642,6.541585473029965e-07,0.12476205484573588,6.500937291796256e-08,2.22856634738422e-05,0.02195773724764806,0.030245520596999996
iron,10000,6.25E-06,3.125E-06,0.0046,3.4931385735753087e-07,0.02141220459486442,9.96334069858218e-07,0.08207715270954008,6.723793927188026e-08,2.2285663449195248e-05,0.04456588237138506,0.03627809902489999
iron,10000,6.25E-06,3.125E-06,0.0047,3.6418332131813493e-07,0.022566439373129767,1.1714746790466815e-06,0.050041937237852066,6.946650560953494e-08,2.2285663206500494e-05,0.040898726017457324,0.032610942670399996
iron,10000,6.25E-06,3.125E-06,0.0048,3.7419396806286486e-07,0.020938390974638642,7.809775941780561e-07,0.053314645681927585,7.169507192333717e-08,2.228566313244862e-05,0.03703440296994559,0.0453221863192
iron,10000,6.25E-06,3.125E-06,0.0049,3.0789760181345993e-07,0.026105056796771994,6.467474385624117e-07,0.05915193490795594,7.392363823594678e-08,2.228566296713641e-05,0.03274764350975178,0.024459860158900004
iron,10000,6.25E-06,3.125E-06,0.005,3.2994020415835265e-07,0.026502056583315822,1.0136152286954747e-06,0.10676707784453898,7.6152204536847e-08,2.2285662915733084e-05,0.02081426856160727,0.029102051915599995
iron,10000,3.125E-06,1.5625E-06,0.0,0.0,0.0,0.0,0.0,0.0,0.0,0.0,0.0
iron,10000,3.125E-06,1.5625E-06,0.0001,7.636184832866874e-16,0.0,1.3322676295501878e-15,0.0,2.3076227269427096e-16,0.0,0.0,1.819746875021e-18
iron,10000,3.125E-06,1.5625E-06,0.0002,6.847467975091392e-16,1.5104335676977358e-10,2.28512009711024e-15,1.627024599138584e-09,2.781835417340363e-16,1.1443916996305594e-16,3.4106647285924973e-18,1.17008660973e-18
iron,10000,3.125E-06,1.5625E-06,0.0003,6.739553893915704e-16,1.5322869910118102e-10,2.7281768386743026e-15,1.7419566525013365e-09,2.771415836152571e-16,5.551115123125783e-17,1.9326563571168527e-18,2.32341360688e-18
iron,10000,3.125E-06,1.5625E-06,0.0004,7.045306717488201e-16,1.4687785388922129e-10,3.09097933802803e-15,1.6278533172000793e-09,2.776665646588198e-16,2.618455766672135e-16,1.0131069927823723e-18,2.4602726434099998e-18
iron,10000,3.125E-06,1.5625E-06,0.0005,7.948263367328744e-16,1.4310931003898082e-10,3.916224885898306e-15,1.2996103975307699e-09,2.803779366065851e-16,1.4946834900704541e-16,4.80635293379469e-19,2.74242979368e-18
iron,10000,3.125E-06,1.5625E-06,0.0006,7.383819418865867e-16,1.834216868632756e-10,2.9611440104807814e-15,2.0151373891486156e-09,2.7979234195543983e-16,3.510833468576701e-16,1.0355640639212458e-18,1.6031481710800003e-18
iron,10000,3.125E-06,1.5625E-06,0.0007,7.714868333480176e-16,1.8747976806018706e-10,2.9658881347741796e-15,1.685375402611808e-09,2.805716038208969e-16,4.718447854656915e-16,1.3334117497205424e-18,1.2652051249799996e-18
iron,10000,3.125E-06,1.5625E-06,0.0008,7.697554762345966e-16,1.8321684009466968e-10,3.2606600045075686e-15,1.6508146072735983e-09,2.783204852903596e-16,5.578801654593729e-16,1.8344899069986e-18,7.172219862800001e-19
iron,10000,3.125E-06,1.5625E-06,0.0009,7.20977189066087e-16,1.6692098309860467e-10,3.555775230791137e-15,1.6346013697547722e-09,2.8008266300978117e-16,5.244261588236206e-16,1.657350988655229e-18,8.782117690500003e-19
iron,10000,3.125E-06,1.5625E-06,0.001,7.77301164523772e-16,1.5594190556642946e-10,4.2778942161491035e-15,1.8301158385596275e-09,2.8024657958617825e-16,8.215737117942106e-14,1.9442194921481837e-18,5.312147721999996e-19
iron,10000,3.125E-06,1.5625E-06,0.0011,1.9994388071034997e-08,0.004410666134375178,1.6442456877822503e-07,0.04208316293325729,2.931810540869164e-10,4.522251025207424e-06,0.00047235822469444966,0.0052892174500001055
iron,10000,3.125E-06,1.5625E-06,0.0012,3.214678944904012e-08,0.008192988984635345,2.247230812685297e-07,0.05917315303474568,4.2629027911806684e-10,5.2230944904696486e-06,3.32649517176542e-05,0.007406440080000021
iron,10000,3.125E-06,1.5625E-06,0.0013,4.8496241534291714e-08,0.009579838192353127,2.1052687745881649e-07,0.03806226313262917,6.158082418561162e-10,1.817016130378768e-05,0.0011067264239052743,0.031655019869999634
iron,10000,3.125E-06,1.5625E-06,0.0014,5.884209342598721e-08,0.009892398699695425,3.366317345154801e-07,0.040642679896087726,2.1861708190280886e-10,2.193673632744364e-07,0.003476732938839072,0.010745158180000658
iron,10000,3.125E-06,1.5625E-06,0.0015,6.219301865319845e-08,0.010844466268468978,3.157161083816584e-07,0.03927422406489133,1.6703665859356374e-10,1.4331524603672374e-05,0.00013790704170248136,0.01700047230999946
iron,10000,3.125E-06,1.5625E-06,0.0016,6.377393229624428e-08,0.011315407880907352,3.7622909427464934e-07,0.04865726270015469,8.38783393873494e-11,1.0088950959247223e-05,0.0018981743961871828,0.024817463359999792
iron,10000,3.125E-06,1.5625E-06,0.0017,7.196014776241147e-08,0.010801645138841387,2.779268047370387e-07,0.0706532666381036,3.2440626747407305e-10,1.0510696606701175e-05,0.0015339698101117377,0.03482088510999937
iron,10000,3.125E-06,1.5625E-06,0.0018,7.453770910997499e-08,0.011861303943269605,1.9236576970227404e-07,0.05656862244503946,2.2280523211994214e-09,1.36745873877131e-05,0.004543318287187695,0.09511944726999921
iron,10000,3.125E-06,1.5625E-06,0.0019,7.934767386361848e-08,0.012600168770744527,2.6542947106911186e-07,0.04986462942573894,4.0956476977244205e-09,1.725111880523933e-05,0.00039952089400425994,0.09299344852000013
iron,10000,3.125E-06,1.5625E-06,0.002,9.045305568866973e-08,0.012173869391829293,5.046484051751676e-07,0.06063835162112596,5.841616664134177e-09,1.5126381207153372e-05,0.007273819489233765,0.01171299665000003
iron,10000,3.125E-06,1.5625E-06,0.0021,9.577469146435728e-08,0.011865079557122606,4.648669250650883e-07,0.05510734722621358,7.397978349062491e-09,5.897368278717785e-06,0.0005069275711898497,0.053535905659999994
iron,10000,3.125E-06,1.5625E-06,0.0022,9.426139568595653e-08,0.013305968807328653,3.648110057236087e-07,0.04586068680815081,8.801442189648737e-09,7.4509791588850405e-06,0.007138990217141039,0.01235832418299998
iron,10000,3.125E-06,1.5625E-06,0.0023,1.0118373616020029e-07,0.012658468999414797,4.1937473961584093e-07,0.07203901366144616,9.541820037437327e-09,7.620048911416433e-06,0.015766541334822234,0.022394563952000013
iron,10000,3.125E-06,1.5625E-06,0.0024,9.702906193735319e-08,0.013628852067928687,4.7229720032127e-07,0.037863743493040114,1.0124676236289435e-08,7.283348760545039e-06,0.001517776841876324,0.0042512723249999995
iron,10000,3.125E-06,1.5625E-06,0.0025,1.0339626039793101e-07,0.013845394344616672,3.5664761924292243e-07,0.07405920730512816,9.396341357661816e-09,7.283348757769481e-06,0.00161713571772297,0.0011163597653000012
iron,10000,3.125E-06,1.5625E-06,0.0026,9.416845152280864e-08,0.01507573980095334,3.060477523235612e-07,0.06248246530127999,8.668006481311021e-09,7.283348772313403e-06,0.002871160150556766,0.005604655634000005
iron,10000,3.125E-06,1.5625E-06,0.0027,1.0278342659703742e-07,0.014834663103383246,3.597980934855194e-07,0.051149657464518716,7.939671603876024e-09,7.2833487682055775e-06,0.016167203310155642,0.013433707826400007
iron,10000,3.125E-06,1.5625E-06,0.0028,1.1204356514411591e-07,0.01484717502697249,3.7229253618820124e-07,0.06688208191628842,7.211336726115768e-09,7.283348768649667e-06,0.010586975441558677,0.0133204709252
iron,10000,3.125E-06,1.5625E-06,0.0029,1.0999532140307599e-07,0.015152064972190675,3.0816172993316206e-07,0.04196495106380311,6.483001851282857e-09,7.2833487454460055e-06,0.002540056947998158,0.005273552432000006
iron,10000,3.125E-06,1.5625E-06,0.003,1.3042852574121694e-07,0.013695281736822391,4.829630813607544e-07,0.0367094015554804,5.754666976395736e-09,7.283348736120132e-06,0.008162017915246941,0.0108955133975
iron,10000,3.125E-06,1.5625E-06,0.0031,1.1759121693018004e-07,0.015323926309984809,3.946884165176873e-07,0.0447561230623611,5.02633210421912e-09,7.283348706255133e-06,0.006388812020804963,0.009122307503200006
iron,10000,3.125E-06,1.5625E-06,0.0032,1.2943871033994522e-07,0.014326739374131934,3.40770226187823e-07,0.0504157289785615,4.297997232259345e-09,7.283348716469185e-06,0.005550541577900858,0.002817046093
iron,10000,3.125E-06,1.5625E-06,0.0033,1.408599731471409e-07,0.013913127618831428,3.5020118721584836e-07,0.05360460347422171,3.5696623619529792e-09,7.2833486973733486e-06,0.013091361209965777,0.0103578657238
iron,10000,3.125E-06,1.5625E-06,0.0034,1.3021069130361458e-07,0.015179879360317273,4.2161838209597846e-07,0.051551733087050855,2.8413274931644964e-09,7.283348713249538e-06,0.008154841156201534,0.005421345673200004
iron,10000,3.125E-06,1.5625E-06,0.0035,1.4499682142936627e-07,0.014327160866004857,4.349170880941181e-07,0.038185774340855294,2.1129926240914126e-09,7.283348657738387e-06,0.014230832952061429,0.011497337470300004
iron,10000,3.125E-06,1.5625E-06,0.0036,1.4933370922418557e-07,0.014645601335551012,6.169114922655039e-07,0.038852007671853095,1.3846577536495272e-09,7.283348666287104e-06,0.00115175151187355,0.0038852469941000056
iron,10000,3.125E-06,1.5625E-06,0.0037,1.5870774759927523e-07,0.012812739453540573,4.854235300111309e-07,0.03443679593280484,6.563228855115877e-10,7.283348644748777e-06,0.0021471823069475204,0.0005863131739999999
iron,10000,3.125E-06,1.5625E-06,0.0038,1.4032445244857987e-07,0.01601953040519546,5.445089178990337e-07,0.051344559918099275,7.20119810682931e-11,7.283348661513145e-06,0.005203974250136703,0.0024704787693000108
iron,10000,3.125E-06,1.5625E-06,0.0039,1.4673453464733106e-07,0.014807685735969793,4.6803017086927134e-07,0.04393844993546014,8.003468470645807e-10,7.283348673170487e-06,0.003822157833712675,0.0065556533145999935
iron,10000,3.125E-06,1.5625E-06,0.004,1.0494934073573688e-07,0.01813539191688238,3.675118059320859e-07,0.04572147578810103,1.5286817147959507e-09,7.283348667508349e-06,0.007594813734263295,0.010328309217000009
iron,10000,3.125E-06,1.5625E-06,0.0041,1.3960685102391113e-07,0.01609028597537629,3.9379624976187966e-07,0.04097964474685114,2.2570165793831456e-09,7.283348648301491e-06,0.0031557420720604995,0.0004222465892999988
iron,10000,3.125E-06,1.5625E-06,0.0042,1.3002659980766074e-07,0.017872815811147476,5.575431518689555e-07,0.09505281248502595,2.9853514471687397e-09,7.283348653186472e-06,0.008843968389354848,0.011577463871199997
iron,10000,3.125E-06,1.5625E-06,0.0043,1.4429056642211767e-07,0.016856675713835798,5.951357784639288e-07,0.04331693749230439,3.713686312894351e-09,7.283348674058665e-06,0.004432292580635121,0.0016987970999999963
iron,10000,3.125E-06,1.5625E-06,0.0044,1.731384325544884e-07,0.01536591410155989,4.604934090040323e-07,0.053950957856703674,4.442021180137846e-09,7.28334869504188e-06,0.0030081567759936007,0.005741652256599998
iron,10000,3.125E-06,1.5625E-06,0.0045,1.3178476059259176e-07,0.017988860604482237,5.297815281468665e-07,0.06299420964477498,5.170356047598182e-09,7.2833487065882e-06,0.014908751202674465,0.0176422466833
iron,10000,3.125E-06,1.5625E-06,0.0046,1.516725411312971e-07,0.01713331723453447,4.945462528382905e-07,0.04372517149750688,5.898690918636385e-09,7.283348687492364e-06,0.0025634001245126575,0.0001700953552000034
iron,10000,3.125E-06,1.5625E-06,0.0047,1.5200313906113758e-07,0.01718204848093635,5.089470047903166e-07,0.043002787189637764,6.6270257872893445e-09,7.283348682607382e-06,0.016166991654156082,0.018900487132799994
iron,10000,3.125E-06,1.5625E-06,0.0048,1.6799072884275567e-07,0.014731889491573386,4.7319407658122536e-07,0.04466940873285119,7.355360658002287e-09,7.283348696041081e-06,0.008494231735041068,0.00576073626000001
iron,10000,3.125E-06,1.5625E-06,0.0049,1.92269851311821e-07,0.014092942644868682,4.341649549448707e-07,0.05166114811114553,8.083695527847868e-09,7.283348700148906e-06,0.0161799293007769,0.013446433825999998
iron,10000,3.125E-06,1.5625E-06,0.005,1.9242624414493672e-07,0.014590362190850964,6.066422329198407e-07,0.06388768869638095,8.812030395091364e-09,7.283348682718405e-06,0.0179205222194712,0.015187026745399998
iron,10000,1.5625E-06,7.8125E-07,0.0,0.0,0.0,0.0,0.0,0.0,0.0,0.0,0.0
iron,10000,1.5625E-06,7.8125E-07,0.0001,1.2262504683064228e-15,0.0,2.0350724194510405e-15,0.0,4.16195036850469e-16,0.0,0.0,3.6696177775400004e-18
iron,10000,1.5625E-06,7.8125E-07,0.0002,8.93005439457238e-16,1.3690184706202973e-10,4.189184436886365e-15,2.2799448618352425e-09,5.203717798397283e-16,2.7755575615628914e-17,8.948232552471993e-19,1.2304335314500002e-18
iron,10000,1.5625E-06,7.8125E-07,0.0003,9.278047821871837e-16,1.8369783008480604e-10,3.3387834777217523e-15,4.472922479555809e-09,5.244814617943846e-16,5.551115123125783e-17,2.2007155539437484e-18,1.9749117327499996e-18
iron,10000,1.5625E-06,7.8125E-07,0.0004,8.719695849901788e-16,1.6217465112861826e-10,6.462714579722192e-15,2.690065841605849e-09,5.225772006272869e-16,0.0,8.503338049680221e-19,1.6187099367699995e-18
iron,10000,1.5625E-06,7.8125E-07,0.0005,9.093928996066965e-16,1.9150014079693138e-10,3.886712507235466e-15,4.244933161628865e-09,5.244418602041148e-16,0.0,1.5723382320210464e-18,7.481180344299998e-19
iron,10000,1.5625E-06,7.8125E-07,0.0006,9.510881692285173e-16,1.8197640839898118e-10,4.930502827302044e-15,3.5844471180134434e-09,5.245091497876871e-16,0.0,2.976191561790077e-19,1.4870449339699998e-18
iron,10000,1.5625E-06,7.8125E-07,0.0007,9.690440918131624e-16,1.7853668234717457e-10,5.924125117820893e-15,3.3701417478704478e-09,5.215852525972886e-16,0.0,2.0463852359261653e-19,1.64814181249e-18
iron,10000,1.5625E-06,7.8125E-07,0.0008,9.343945172926597e-16,1.8770591318016485e-10,6.443180542964282e-15,2.6341253302265035e-09,5.212299717183243e-16,1.1443916996305594e-16,4.893706073039149e-19,1.4082875843299996e-18
iron,10000,1.5625E-06,7.8125E-07,0.0009,1.0061008478050428e-15,1.943867774204529e-10,5.330028144077822e-15,5.785752718968366e-09,5.188173971093482e-16,2.7755575615628914e-17,1.887340619611532e-18,1.4717248237000002e-18
iron,10000,1.5625E-06,7.8125E-07,0.001,1.0263381132486655e-15,1.9658990316668247e-10,6.441341985247914e-15,3.948456686558413e-09,5.16886652065384e-16,5.895289487795987e-14,1.801281210083123e-18,1.5379010220200002e-18
iron,10000,1.5625E-06,7.8125E-07,0.0011,6.2263255337395815e-09,0.0012958229163956198,1.3863694126457357e-07,0.010505127455127418,6.889536532597167e-11,3.3681004878438614e-06,0.00011178123225961956,0.0034089454099999195
iron,10000,1.5625E-06,7.8125E-07,0.0012,1.1132420876051186e-08,0.0024351079674815655,1.5605682758936204e-07,0.03260538386553597,1.1528375433205096e-10,1.1540428961342997e-06,0.00048337254628499915,0.0009932104199998903
iron,10000,1.5625E-06,7.8125E-07,0.0013,1.5644096428015564e-08,0.0033037127925009857,9.665891439376875e-08,0.019076400417824383,1.2402444371086246e-10,1.3571934004752428e-05,0.0012016738295919926,0.023313581470000067
iron,10000,1.5625E-06,7.8125E-07,0.0014,1.9071896801750295e-08,0.004006949436905491,9.113563001831347e-08,0.022288839609342363,9.870635667450414e-11,4.063639763018934e-06,0.00022643345493247868,0.008956905339999821
iron,10000,1.5625E-06,7.8125E-07,0.0015,2.2696569603007493e-08,0.005058347646823417,8.181145871866136e-08,0.028040150182313876,9.087884972016481e-12,1.5504602934146572e-05,0.001143943451288043,0.033848737879999646
iron,10000,1.5625E-06,7.8125E-07,0.0016,2.7131730363302745e-08,0.005650787198261808,1.0687193990888133e-07,0.027771262824169828,4.055722151483886e-12,9.478198452567144e-06,0.00018388014670249475,0.02043456987999992
iron,10000,1.5625E-06,7.8125E-07,0.0017,2.8361867746065227e-08,0.00663909981890722,1.0607945949425712e-07,0.027231025629095698,2.4042189289817795e-10,1.3298205212938785e-05,0.00167838726384259,0.0019101438299999884
iron,10000,1.5625E-06,7.8125E-07,0.0018,3.518397807186109e-08,0.006549742185515845,2.1775438580062811e-07,0.03080524622075534,2.0914574694563177e-10,4.831650324055303e-06,0.0006249847921647664,0.007069169069999326
iron,10000,1.5625E-06,7.8125E-07,0.0019,3.5614862617106146e-08,0.007873932535772801,1.3312697419443076e-07,0.049050682984827676,7.576537552728407e-10,5.614557273880827e-06,0.0027803278856678437,0.015974143599999824
iron,10000,1.5625E-06,7.8125E-07,0.002,4.1231158985103657e-08,0.007633296116260579,1.8706012366864755e-07,0.026164553807480395,1.2785332124607847e-09,4.620270485089506e-06,0.0003250886510688805,0.0025022339400000426
iron,10000,1.5625E-06,7.8125E-07,0.0021,4.096330918919022e-08,0.008551548692448192,1.8986738065107645e-07,0.035904718413353076,1.765619137223259e-09,2.7282406784845392e-06,8.49484977538395e-05,0.023904335680000166
iron,10000,1.5625E-06,7.8125E-07,0.0022,4.6360729556992055e-08,0.00877477870699333,2.3445908450825392e-07,0.03636646241880115,2.2245180743025878e-09,2.140817267459738e-06,0.00014580966611149604,0.00012859986499991205
iron,10000,1.5625E-06,7.8125E-07,0.0023,4.3390053279486595e-08,0.009731164977496445,1.558444649718549e-07,0.048584939631246105,2.5233970507750567e-09,2.829051120256665e-06,0.00020922340746712398,0.004255071082999995
iron,10000,1.5625E-06,7.8125E-07,0.0024,4.764148699676925e-08,0.009490645099414302,1.8508362076286033e-07,0.02932994273102255,2.7583321397361744e-09,4.6099917772046695e-07,0.002080807254460859,0.0016662658709999945
iron,10000,1.5625E-06,7.8125E-07,0.0025,5.178375637151466e-08,0.009441387657850893,3.096420004538702e-07,0.032798109301677925,2.8044320546372533e-09,4.609991708370842e-07,0.0004660365829583235,5.149519949999848e-05
iron,10000,1.5625E-06,7.8125E-07,0.0026,5.225262238761891e-08,0.009995058934378903,2.7546485054097403e-07,0.03794455820445919,2.8505319744172412e-09,4.609991808290914e-07,0.0011610710154818377,0.0015756123990000037
iron,10000,1.5625E-06,7.8125E-07,0.0027,5.420134273489785e-08,0.010110107166720178,1.8157617387437597e-07,0.03402215938394829,2.8966318935467086e-09,4.609991844928274e-07,0.004537309604767531,0.004951850990700002
iron,10000,1.5625E-06,7.8125E-07,0.0028,5.4175060640988463e-08,0.010445501981384697,2.6518068613201606e-07,0.03971588151837657,2.9427318135435378e-09,4.609991941517677e-07,0.0009164219885834657,0.0013309633758000067
iron,10000,1.5625E-06,7.8125E-07,0.0029,5.6958291406447386e-08,0.010329837065122928,2.3583799235726843e-07,0.02942107984626452,2.988831733323526e-09,4.6099918282749286e-07,0.000866589437001665,0.0012811308260000098
iron,10000,1.5625E-06,7.8125E-07,0.003,6.048536024533616e-08,0.010340509270547154,2.603586736274477e-07,0.02844059623943729,3.034931651477212e-09,4.60999184714872e-07,0.0015443691881889265,0.0019589105780000032
iron,10000,1.5625E-06,7.8125E-07,0.0031,6.235900184928688e-08,0.01039173490805788,2.755035519441673e-07,0.04433965866145262,3.0810315700645774e-09,4.609991804960245e-07,0.004064139972006664,0.0036495985807999953
iron,10000,1.5625E-06,7.8125E-07,0.0032,6.335320772596732e-08,0.010376179579920666,3.650451365772023e-07,0.02601460881760187,3.1271314869714308e-09,4.6099920547604256e-07,0.0018381478982510968,0.0022526892909000007
iron,10000,1.5625E-06,7.8125E-07,0.0033,6.640802572222946e-08,0.010379505098657767,2.0395716195109603e-07,0.05220827136568307,3.173231407645886e-09,4.609991934856339e-07,0.003204270810867285,0.0027897294166999986
iron,10000,1.5625E-06,7.8125E-07,0.0034,6.199580745277999e-08,0.011190729938991121,2.1122469404111222e-07,0.044301929442751686,3.219331326151937e-09,4.6099920980591236e-07,0.001615263252464666,0.0020298046478000042
iron,10000,1.5625E-06,7.8125E-07,0.0035,6.778841737665406e-08,0.010509588641753087,3.2325777171715586e-07,0.03728395293419262,3.2654312470296804e-09,4.609991947068792e-07,0.0030423577156975523,0.0026278163199000004
iron,10000,1.5625E-06,7.8125E-07,0.0036,6.482538867396703e-08,0.01167783586064662,3.087540841637791e-07,0.030861738168415198,3.311531170038558e-09,4.6099918782349647e-07,0.005273853707594131,0.0056883951020000045
iron,10000,1.5625E-06,7.8125E-07,0.0037,7.284321707659681e-08,0.01012917455129968,4.385620837876747e-07,0.0331767778122255,3.357631089774501e-09,4.6099918205033674e-07,9.994793402338248e-05,0.0003145934589999927
iron,10000,1.5625E-06,7.8125E-07,0.0038,6.648295144466212e-08,0.011814262927401963,2.463559677784444e-07,0.03913847567270565,3.4037310110994772e-09,4.6099919992492744e-07,0.0014979336990442044,0.0010833923030000026
iron,10000,1.5625E-06,7.8125E-07,0.0039,7.457296209680635e-08,0.010516134289323702,2.1489554932752064e-07,0.03945429470224991,3.4498309283044854e-09,4.609991984816375e-07,0.002043000836599848,0.001628459439299998
iron,10000,1.5625E-06,7.8125E-07,0.004,6.619862715031492e-08,0.01198814162249502,2.1388208616690552e-07,0.05824448013357941,3.4959308505781395e-09,4.609991944848346e-07,0.007703399487530564,0.008117940885000008
iron,10000,1.5625E-06,7.8125E-07,0.0041,7.493317555614108e-08,0.011336091713766278,2.1945280662127864e-07,0.031404523511862625,3.5420307668344715e-09,4.609991852699835e-07,0.01092196180316296,0.011336503198400003
iron,10000,1.5625E-06,7.8125E-07,0.0042,7.248918439833567e-08,0.011889257159350733,2.1151349577364087e-07,0.05515192971754734,3.5881306864518303e-09,4.609991800519353e-07,0.002831265425031884,0.0024167240309
iron,10000,1.5625E-06,7.8125E-07,0.0043,7.924318960655463e-08,0.01186502054977387,2.2882739078843124e-07,0.03331191492048355,3.6342306023286912e-09,4.609991941517677e-07,0.002376805580765591,0.0027913469749999975
iron,10000,1.5625E-06,7.8125E-07,0.0044,8.096370961217193e-08,0.011730971765785823,3.077118234939835e-07,0.03532260016069026,3.680330522759201e-09,4.609991991477713e-07,0.006901048199210627,0.006486506803899998
iron,10000,1.5625E-06,7.8125E-07,0.0045,8.079854163276095e-08,0.012259828601349327,2.7405507929678663e-07,0.039958555141658025,3.726430444707594e-09,4.609992076964886e-07,0.0014827977034956655,0.0010682563090000097
iron,10000,1.5625E-06,7.8125E-07,0.0046,8.36833248190488e-08,0.012006935734526608,4.056768700411162e-07,0.040529056247295144,3.772530364704423e-09,4.6099918227238135e-07,0.005922808510621477,0.005508267115899995
iron,10000,1.5625E-06,7.8125E-07,0.0047,8.344409305865504e-08,0.012435379893805158,2.5256960949071594e-07,0.06597473503759943,3.818630281448645e-09,4.6099918216135904e-07,0.0008355890029018848,0.00125013039739999
iron,10000,1.5625E-06,7.8125E-07,0.0048,8.311651990542448e-08,0.012236474173909072,2.1174510372510022e-07,0.04048569051164114,3.864730202312836e-09,4.6099919048803173e-07,0.002942181407513497,0.0025276400160000045
iron,10000,1.5625E-06,7.8125E-07,0.0049,8.854059850211684e-08,0.011949382100548273,3.6773794771772193e-07,0.0348963963558059,3.910830120466522e-09,4.609991945958569e-07,0.003957940279371158,0.003543398886900001
iron,10000,1.5625E-06,7.8125E-07,0.005,9.132950833762766e-08,0.011809512007121653,2.469528039283908e-07,0.05228142914727907,3.956930037969686e-09,4.609991884896303e-07,0.0026673447836670916,0.0022528033925000024
oak,0,1.25E-05,6.25E-06,0.0,0.0,0.0,0.0,0.0,0.0,0.0,0.0,0.0
oak,0,1.25E-05,6.25E-06,0.0001,2.039605829946596e-16,0.0,3.3306690738754696e-16,0.0,7.592809454755405e-17,0.0,0.0,9.810640914363001e-21
oak,0,1.25E-05,6.25E-06,0.0002,2.456486515979544e-16,2.4157520556510654e-11,5.948052881270771e-16,1.2782744918967593e-10,1.463689261677276e-16,0.0,1.3367175390425727e-20,1.838970355534e-20
oak,0,1.25E-05,6.25E-06,0.0003,3.2738805920190985e-16,4.902783975645546e-11,1.237304211903206e-15,5.057862841345592e-10,1.5462631195632555e-16,1.6883057536160649e-16,5.090431227875727e-20,4.068235710615e-20
oak,0,1.25E-05,6.25E-06,0.0004,3.300090458712306e-16,4.5738796686212116e-11,1.2041730171072386e-15,4.0645338368777537e-10,1.5464675670985998e-16,2.9893669801409083e-16,4.297492351102024e-20,4.874600333842e-20
oak,0,1.25E-05,6.25E-06,0.0005,3.0675820673364535e-16,5.3309311879742006e-11,9.588508276458549e-16,4.550867152848125e-10,1.5315964874462721e-16,2.435541875787129e-16,5.836579072081467e-20,3.4005526804540004e-20
oak,0,1.25E-05,6.25E-06,0.0006,3.1806754958427416e-16,4.964810210492426e-11,1.0681389886409907e-15,4.246868243439335e-10,1.5349093512032405e-16,4.344434768182728e-16,4.902040198167523e-20,4.37964731593e-20
oak,0,1.25E-05,6.25E-06,0.0007,3.3165841538725e-16,5.229542857675573e-11,1.7240712699582428e-15,4.0007858431158093e-10,1.544001061419992e-16,2.482534153247273e-16,5.558066581701337e-20,3.776415916549e-20
oak,0,1.25E-05,6.25E-06,0.0008,3.399654519526191e-16,4.961851947689607e-11,1.3604808125475725e-15,5.406882750997398e-10,1.5550355807164767e-16,3.152427400121712e-16,5.2121987483843724e-20,4.1418632420160006e-20
oak,0,1.25E-05,6.25E-06,0.0009,3.337330672077839e-16,5.162041253431916e-11,1.1424546920168124e-15,3.6413361492118286e-10,1.56281972773845e-16,5.20740757162067e-16,5.467028857036205e-20,3.891612238381e-20
oak,0,1.25E-05,6.25E-06,0.001,3.138221508419091e-16,4.900243030333662e-11,1.297424726002651e-15,5.528775507458123e-10,1.5683471615093444e-16,6.335327934766281e-16,4.420306910344174e-20,5.0078462785219997e-20
oak,0,1.25E-05,6.25E-06,0.0011,1.460199279337622e-07,0.016635145305909517,5.685582717684934e-07,0.23736735370412448,2.925316023617841e-08,1.8690379563257586e-05,0.005346988246849704,0.01393589281999974
oak,0,1.25E-05,6.25E-06,0.0012,2.676761136442537e-07,0.02160707925710064,7.805214720046136e-07,0.10543870960328397,2.479620943990346e-08,0.0005276070348146922,0.0008414360569180476,0.09481822723999933
oak,0,1.25E-05,6.25E-06,0.0013,3.3965669929203854e-07,0.028327717531850042,1.1678005521764678e-06,0.20769841708789397,3.380070630787553e-08,0.00029608990789875556,0.007607693382312854,0.019213573289999175
oak,0,1.25E-05,6.25E-06,0.0014,4.3153265507421226e-07,0.03151450237356903,1.8141817410832761e-06,0.11991189502069012,1.134547985097694e-07,0.000775109308353783,0.0036063305292902414,0.003884334299999903
oak,0,1.25E-05,6.25E-06,0.0015,4.4159793309829654e-07,0.03911050192077469,1.9000834169029344e-06,0.16273692206070592,1.7156059521801492e-07,0.0004811061539763406,0.04192550207546053,0.025944328093
oak,0,1.25E-05,6.25E-06,0.0016,6.391147344503031e-07,0.039467693362920414,2.109997480126413e-06,0.13131386128777034,1.5169713971834118e-07,0.00021882636908343578,0.01656890625602811,0.006609942958999998
oak,0,1.25E-05,6.25E-06,0.0017,7.930212145385925e-07,0.04726769570871008,2.5120573464432194e-06,0.25271799325123034,1.2981450278907927e-07,0.00021882637059156274,0.042849200420047084,0.032890237116799996
oak,0,1.25E-05,6.25E-06,0.0018,8.540910658005131e-07,0.05294279646091587,3.581488873138916e-06,0.14163464241963886,1.079318658015957e-07,0.0002188263702728177,0.03446636220442728,0.04442532550890001
oak,0,1.25E-05,6.25E-06,0.0019,1.1591865869174886e-06,0.04421035739522172,2.3799916024636047e-06,0.14358083447841574,8.604922873561589e-08,0.00021882637076753308,0.01100210597904755,0.020961069279999994
oak,0,1.25E-05,6.25E-06,0.002,1.0445163756105711e-06,0.05978214746277199,4.115258004422362e-06,0.2295053494188271,6.416659159753663e-08,0.00021882637348669132,0.050657754195158694,0.06061671750700001
oak,0,1.25E-05,6.25E-06,0.0021,1.3325902335531657e-06,0.04737296993685166,2.586753778099237e-06,0.15663138503787077,4.228395435548239e-08,0.00021882636972292424,0.051790848983071125,0.061749812294000006
oak,0,1.25E-05,6.25E-06,0.0022,9.850105607356814e-07,0.0712578482153142,2.2626353592125614e-06,0.21069143069021143,2.0401317350868427e-08,0.00021882637013914685,0.05823275710259173,0.06819172041700003
oak,0,1.25E-05,6.25E-06,0.0023,1.2852283788040592e-06,0.0648016990865754,2.4432617430468195e-06,0.2298434417564642,1.481319630733352e-09,0.00021882636958148183,0.013778728155652564,0.023737691467999977
oak,0,1.25E-05,6.25E-06,0.0024,8.903001506915244e-07,0.0836078618682024,1.94712979555145e-06,0.22415882539205864,2.336395640452067e-08,0.00021882636372505537,0.01807005023237699,0.008111086914000004
oak,0,1.25E-05,6.25E-06,0.0025,1.5063006973802204e-06,0.0693065709016705,4.4715880457291135e-06,0.2711436953434646,4.52465927704413e-08,0.00021882636404668698,0.03666257051024131,0.026703607194
oak,0,1.25E-05,6.25E-06,0.0026,9.924642313437005e-07,0.09607603039672656,2.220673756159197e-06,0.27937028256561913,6.712922897316917e-08,0.0002188263609230745,0.10581640764750422,0.09585744433600002
oak,0,1.25E-05,6.25E-06,0.0027,1.8235997314978406e-06,0.0716614790599881,4.465487030924642e-06,0.17619222699043213,8.901186516869727e-08,0.0002188263620769293,0.09137856679812177,0.08141960349680001
oak,0,1.25E-05,6.25E-06,0.0028,1.762224598147247e-06,0.08666837985241362,4.922519985628426e-06,0.22798699059284833,1.1089450141678206e-07,0.00021882636209846762,0.12227991487488352,0.11232095157300001
oak,0,1.25E-05,6.25E-06,0.0029,2.2484580074720366e-06,0.06798194257713999,4.4762587496292565e-06,0.1688505353395589,1.3277713755956372e-07,0.00021882636056980154,0.018077546407140377,0.00811858310800001
oak,0,1.25E-05,6.25E-06,0.003,2.07801794870315e-06,0.08961716680984616,4.894348493045264e-06,0.2684494728685251,1.546597738113077e-07,0.00021882636303560687,0.040524147245641906,0.030565183940300007
oak,0,1.25E-05,6.25E-06,0.0031,2.5918022379403013e-06,0.05535388594488991,5.387270063753139e-06,0.2121990737940046,1.7654241034911842e-07,0.00021882636749515072,0.09473299786652928,0.10469196116180002
oak,0,1.25E-05,6.25E-06,0.0032,2.200635424765728e-06,0.08857699708364583,4.755351786123185e-06,0.20716140475030698,1.9842504705340838e-07,0.00021882636765557795,0.08841901778621836,0.0983779810903
oak,0,1.25E-05,6.25E-06,0.0033,2.10915880433492e-06,0.09375821425012283,5.706693050056e-06,0.349832768867884,2.2030768387902057e-07,0.00021882636868408856,0.1920715190852792,0.2020304823968
oak,0,1.25E-05,6.25E-06,0.0034,1.891477363975472e-06,0.10488576746571465,6.435421231326677e-06,0.38078828909958473,2.4219032072230525e-07,0.00021882636862935456,0.07179888565672518,0.08175784896499999
oak,0,1.25E-05,6.25E-06,0.0035,1.7222386491146206e-06,0.10989677908194175,5.463726087395759e-06,0.31810851236675575,2.6407295740599537e-07,0.00021882636485481832,0.1067445251536862,0.11670348847199999
oak,0,1.25E-05,6.25E-06,0.0036,1.466953422737074e-06,0.11925168337841284,4.996791217237728e-06,0.27319668951071113,2.8595559396619487e-07,0.00021882636685011114,0.03048122586556236,0.020522262554000026
oak,0,1.25E-05,6.25E-06,0.0037,1.5475026321372897e-06,0.1211790041824132,3.5817098452657426e-06,0.3188423218229667,3.0783823041168577e-07,0.00021882636094117114,0.0940744515854442,0.084115488263
oak,0,1.25E-05,6.25E-06,0.0038,2.2811782580318704e-06,0.09997020635588763,4.731649335692091e-06,0.4407384558024786,3.297208664148222e-07,0.00021882635999481703,0.18019928946556368,0.17024032614860002
oak,0,1.25E-05,6.25E-06,0.0039,2.227529877819456e-06,0.1135492137014116,5.076673636833506e-06,0.2837627944411125,3.5160350248669703e-07,0.00021882636166159486,0.15149593185832883,0.1415369685432
oak,0,1.25E-05,6.25E-06,0.004,2.9529396352399158e-06,0.07942461119184296,6.813862270721449e-06,0.28341203173861107,3.7348613858806216e-07,0.00021882635971204323,0.15008239235487383,0.14012342903949998
oak,0,1.25E-05,6.25E-06,0.0041,2.9412342284901326e-06,0.0978980489223154,5.504944546315509e-06,0.3868484828772465,3.953687745369885e-07,0.0002188263582104666,0.0836637756777901,0.07370481234779999
oak,0,1.25E-05,6.25E-06,0.0042,3.5280236810168053e-06,0.05245730940376331,1.160832886751284e-05,0.22757741373583132,4.1725141033282544e-07,0.0002188263576803351,0.0032230993101781957,0.013182062632000016
oak,0,1.25E-05,6.25E-06,0.0043,2.983156842661141e-06,0.10452061496898005,6.687271841998577e-06,0.3096444276323598,4.391340460551535e-07,0.00021882635803516237,0.09108080858746692,0.10103977190819999
oak,0,1.25E-05,6.25E-06,0.0044,3.3102907223345178e-06,0.07263557933310408,1.0460360771208377e-05,0.2374828941501762,4.6101668186161564e-07,0.0002188263578630778,0.15385722350673758,0.163816186832
oak,0,1.25E-05,6.25E-06,0.0045,2.556641987455349e-06,0.12114047466236147,5.865070996896593e-06,0.39155384232094037,4.828993177192521e-07,0.0002188263611375696,0.1615849054613001,0.1715438687699
oak,0,1.25E-05,6.25E-06,0.0046,2.6774588620806585e-06,0.10343154505277544,5.607966253734498e-06,0.3218999990019362,5.047819538542275e-07,0.00021882636067105388,0.15948486092862157,0.16944382423600002
oak,0,1.25E-05,6.25E-06,0.0047,1.158035348354723e-06,0.15003661440822708,2.5813537163216216e-06,0.31200622470536143,5.266645898374146e-07,0.00021882635862313649,0.10182219557719187,0.11178115889349999
oak,0,1.25E-05,6.25E-06,0.0048,2.14896875672724e-06,0.12259618881963814,3.7787962420409115e-06,0.45789350664597406,5.485472255786078e-07,0.00021882635737546785,0.015819337879811532,0.005860374563999987
oak,0,1.25E-05,6.25E-06,0.0049,1.6109210452903338e-06,0.14599821402186755,5.309389290469868e-06,0.45108191131547826,5.704298611428592e-07,0.00021882635184400367,0.08916577055485111,0.07920680724999998
oak,0,1.25E-05,6.25E-06,0.005,2.495592230836846e-06,0.12425993304958677,4.864410826366239e-06,0.3429260177202381,5.923124963809825e-07,0.00021882635212555623,0.16669982265992497,0.1567408593542
oak,0,6.25E-06,3.125E-06,0.0,0.0,0.0,0.0,0.0,0.0,0.0,0.0,0.0
oak,0,6.25E-06,3.125E-06,0.0001,3.995827407166859e-16,0.0,6.661338147750939e-16,0.0,6.76071719107115e-17,0.0,0.0,2.8235327061299996e-20
oak,0,6.25E-06,3.125E-06,0.0002,4.249804488353238e-16,6.801426444849868e-11,1.644210407136618e-15,1.1009536587506446e-09,1.3082914190402165e-16,0.0,5.1870224908665446e-20,2.3823109188599997e-20
oak,0,6.25E-06,3.125E-06,0.0003,5.165420553607615e-16,6.130754746759564e-11,2.2661199446883047e-15,6.973656687979328e-10,1.3047981330057829e-16,1.2412670766236366e-16,6.092588514036157e-21,2.1744166035999995e-20
oak,0,6.25E-06,3.125E-06,0.0004,4.752683695887731e-16,6.981494809355357e-11,2.110154030260182e-15,1.1714088850799911e-09,1.3042971990620676e-16,3.387999773988765e-16,9.035625035150707e-21,7.469248399400005e-21
oak,0,6.25E-06,3.125E-06,0.0005,4.624271532180083e-16,6.473662703733971e-11,2.474297093563775e-15,8.771428760735193e-10,1.3036112117045477e-16,3.7238012298709097e-16,1.2564597522878365e-20,2.92633557248e-20
oak,0,6.25E-06,3.125E-06,0.0006,3.9062155820296203e-16,6.91782942931095e-11,2.171552317774579e-15,8.646512238931644e-10,1.2953812362001202e-16,5.266250202865052e-16,5.5471701865647105e-21,1.1865575424200001e-20
oak,0,6.25E-06,3.125E-06,0.0007,4.292086580680923e-16,7.513769247199189e-11,1.6786961293299642e-15,1.036336742220927e-09,1.3274271352029625e-16,3.521787733787174e-16,1.1093914786332717e-20,7.243147112800003e-21
oak,0,6.25E-06,3.125E-06,0.0008,4.477811413990701e-16,7.643366279560303e-11,1.86649797117545e-15,1.0800152641972395e-09,1.3075582709295297e-16,3.433175098891678e-16,1.2330687506353406e-20,6.770619237999995e-21
oak,0,6.25E-06,3.125E-06,0.0009,4.743504379459988e-16,7.428295628606687e-11,2.3362271805849015e-15,8.657961806137567e-10,1.2995435397238482e-16,6.707437923744493e-16,3.3629891817041368e-21,1.6758078817699994e-20
oak,0,6.25E-06,3.125E-06,0.001,4.34973303391992e-16,7.320985112665622e-11,1.7262651600928434e-15,1.1118381846056243e-09,1.2816573269277007e-16,7.731808680624463e-16,1.41921774649204e-20,7.059932434300007e-21
oak,0,6.25E-06,3.125E-06,0.0011,6.308774176693751e-08,0.00872080778194417,7.232400076257068e-07,0.1102277714899007,7.204225977493901e-09,2.3684189482175988e-05,0.0025821331456394037,0.030404138309999773
oak,0,6.25E-06,3.125E-06,0.0012,1.0344014035777165e-07,0.012035428134122925,3.9001639187685733e-07,0.10378804911965446,6.2967028026123675e-09,0.0001486057888345771,0.00010950479082227904,0.01877259023999933
oak,0,6.25E-06,3.125E-06,0.0013,1.3388378295003008e-07,0.015614144346721003,5.706756976142646e-07,0.11752991473956663,8.463202991497096e-09,0.00010302986096799582,0.0026563816189261666,0.024191370199999618
oak,0,6.25E-06,3.125E-06,0.0014,1.689593240738611e-07,0.01761680937472953,6.287534172200182e-07,0.14704894979093425,2.7612774895378542e-08,0.00020690343261009492,0.003768836311848753,0.05371188021999984
oak,0,6.25E-06,3.125E-06,0.0015,1.9404683135964552e-07,0.01921564666016536,4.6256101256399694e-07,0.11680277955453434,4.1932575378135495e-08,7.092142646725197e-05,0.010476493633314876,0.01114132898499999
oak,0,6.25E-06,3.125E-06,0.0016,2.139706333444814e-07,0.02456634291911287,5.644779904820374e-07,0.18730742653868993,4.734252647623904e-08,5.196495663006839e-05,0.007190111285848899,0.00955487959109999
oak,0,6.25E-06,3.125E-06,0.0017,3.0983196391442224e-07,0.022663569731740583,1.3349650864469265e-06,0.15374563955940976,5.2539022116389333e-08,5.196495721060401e-05,0.008317060844211521,0.0106818291467
oak,0,6.25E-06,3.125E-06,0.0018,2.7691781926468053e-07,0.027459943503485365,6.775721328663997e-07,0.12155265851465613,5.7735517804895047e-08,5.196495739334672e-05,0.00707787288427808,0.0047131045791
oak,0,6.25E-06,3.125E-06,0.0019,3.7600602204776304e-07,0.026542969469140282,1.1633563636072501e-06,0.1449032231263423,6.293201362719131e-08,5.1964958733052846e-05,0.014727768553898374,0.012363000250400005
oak,0,6.25E-06,3.125E-06,0.002,3.6309616884643254e-07,0.029917362575521415,1.3858214228806842e-06,0.10055350193488383,6.812850954142791e-08,5.196495962278558e-05,0.011362687882262967,0.008997919571999996
oak,0,6.25E-06,3.125E-06,0.0021,4.224553667298237e-07,0.03049771130556207,1.4784335307105323e-06,0.18388789494025903,7.332500552564977e-08,5.196495954851166e-05,0.02336332807007588,0.020998559760999985
oak,0,6.25E-06,3.125E-06,0.0022,3.8965120522619965e-07,0.034224072102482773,1.730934437338405e-06,0.1616831249632841,7.852150158890996e-08,5.1964961367612084e-05,0.006526585197957152,0.004161816887999992
oak,0,6.25E-06,3.125E-06,0.0023,4.109700363660556e-07,0.037356316310767315,1.2178187011602226e-06,0.20682762489242795,8.37179976765376e-08,5.1964961169992385e-05,0.014793153512091317,0.012428385200000003
oak,0,6.25E-06,3.125E-06,0.0024,5.148632076942206e-07,0.03227046430933131,2.266410278395359e-06,0.11196862109006334,8.89144937982634e-08,5.1964960982475716e-05,0.0260709513788306,0.028435719690999978
oak,0,6.25E-06,3.125E-06,0.0025,4.916623139607461e-07,0.0372522125902097,1.5977124480093252e-06,0.14164708578465524,9.411098993961664e-08,5.196496195081224e-05,0.000982937563445696,0.0013818307510000127
oak,0,6.25E-06,3.125E-06,0.0026,6.508123338074209e-07,0.032009307198183484,1.6097079170752066e-06,0.1500198080370343,9.930748614306079e-08,5.196496274972873e-05,0.03589318238049785,0.038257950690699996
oak,0,6.25E-06,3.125E-06,0.0027,6.063212482418682e-07,0.04116132630673706,1.8089885626404456e-06,0.09684469023347216,1.045039824697008e-07,5.196496348369717e-05,0.0046041365060256745,0.0069689048039
oak,0,6.25E-06,3.125E-06,0.0028,7.66921128996816e-07,0.03515992779916999,1.9688792541828374e-06,0.12989541123369505,1.0970047890825757e-07,5.1964964518314005e-05,0.013612432164412769,0.0159772004592
oak,0,6.25E-06,3.125E-06,0.0029,7.330272375303977e-07,0.036378786227482855,2.618012075655818e-06,0.12441321925482966,1.1489697534833223e-07,5.1964964245310163e-05,0.013797059803133699,0.0114322915034
oak,0,6.25E-06,3.125E-06,0.003,8.49073955355234e-07,0.03696853436781378,2.128346806814444e-06,0.14638054825290683,1.200934718543806e-07,5.19649652296339e-05,0.020094526336822877,0.017729758035099998
oak,0,6.25E-06,3.125E-06,0.0031,6.751798128731183e-07,0.044892535207199914,1.5121276187053249e-06,0.11082131647101064,1.2528996836476576e-07,5.1964965303241684e-05,0.011623870673511949,0.009259102380999973
oak,0,6.25E-06,3.125E-06,0.0032,7.138659840289481e-07,0.048388886649451415,2.8253093763419557e-06,0.11510730143201679,1.3048646483519808e-07,5.19649643724307e-05,0.036060848725705336,0.033696080428000014
oak,0,6.25E-06,3.125E-06,0.0033,6.232065069605737e-07,0.050740176825325806,2.8468927478486616e-06,0.22763780010007748,1.356829613705741e-07,5.1964965426698484e-05,0.01823565336444493,0.02060042166199999
oak,0,6.25E-06,3.125E-06,0.0034,6.489085346437602e-07,0.05365003084795593,1.6466143252930054e-06,0.18345910818393502,1.4087945794736666e-07,5.1964966278350566e-05,0.022138025700376027,0.019773257402000005
oak,0,6.25E-06,3.125E-06,0.0035,5.527444294930971e-07,0.059507312787342025,1.6966907212534466e-06,0.15521171286044544,1.4607595455982947e-07,5.196496660875294e-05,0.047663026557061755,0.050027794856999985
oak,0,6.25E-06,3.125E-06,0.0036,7.496268650120899e-07,0.05503429570616993,1.6529439094703866e-06,0.23051275494575307,1.5127245129773446e-07,5.196496726023181e-05,0.0002454725078039205,0.0026102408029999857
oak,0,6.25E-06,3.125E-06,0.0037,9.413135797579895e-07,0.05312675182505387,1.9817107865560098e-06,0.1680245619943481,1.56468948047132e-07,5.196496807935436e-05,0.05475252632489147,0.05711729462290001
oak,0,6.25E-06,3.125E-06,0.0038,9.466501853803345e-07,0.05333793193696541,2.221416132302785e-06,0.1884199742801047,1.616654447861212e-07,5.196496722570387e-05,0.014973597858677995,0.01260882956260001
oak,0,6.25E-06,3.125E-06,0.0039,1.170800170350447e-06,0.04800800323575815,2.4562441608469232e-06,0.1763131772061075,1.6686194158929517e-07,5.1964967964002184e-05,0.016362543785292588,0.018727312076899996
oak,0,6.25E-06,3.125E-06,0.004,1.142894538550696e-06,0.046770085050763396,2.130056105179363e-06,0.20929365332965877,1.7205843836037675e-07,5.196496733850253e-05,0.030208390980078215,0.027843622689899997
oak,0,6.25E-06,3.125E-06,0.0041,1.3051331326041618e-06,0.04074705166730097,4.311305019571998e-06,0.14313575604077192,1.7725493510803957e-07,5.196496659665151e-05,0.04576997356680601,0.0434052052723
oak,0,6.25E-06,3.125E-06,0.0042,9.658591203172495e-07,0.0608097151179922,2.660825968097726e-06,0.18856490470383,1.8245143180994905e-07,5.196496713066878e-05,0.04957892392224755,0.04721415563499998
oak,0,6.25E-06,3.125E-06,0.0043,1.1916183844349264e-06,0.051283215699873125,4.10922071381048e-06,0.21879027956816743,1.876479285229174e-07,5.1964968247109056e-05,0.05204543262712896,0.04968066433500001
oak,0,6.25E-06,3.125E-06,0.0044,8.630166750836522e-07,0.0660708625804896,1.943344387673975e-06,0.20189941974544087,1.9284442533411446e-07,5.196496783710369e-05,0.00027843607136587845,0.0026432043650000125
oak,0,6.25E-06,3.125E-06,0.0045,1.0359532778913973e-06,0.059004049141479026,2.2092537781959187e-06,0.18788010133104296,1.9804092220299108e-07,5.196496871928691e-05,0.033180551482543494,0.030815783194999974
oak,0,6.25E-06,3.125E-06,0.0046,9.02388352374627e-07,0.06992548003198293,1.8580630660181008e-06,0.3176080388215333,2.032374191180547e-07,5.196496917347915e-05,0.07424540873831711,0.07661017702600001
oak,0,6.25E-06,3.125E-06,0.0047,1.1098513911791743e-06,0.06536677113629247,1.8591054131362657e-06,0.3149972364142556,2.0843391599278602e-07,5.196496813464346e-05,0.023021177280774754,0.025385945572999974
oak,0,6.25E-06,3.125E-06,0.0048,1.2289119425576076e-06,0.06272566901569664,4.1849297162666055e-06,0.16703124557131296,2.1363041281677667e-07,5.196496871007206e-05,0.10418762269721109,0.10655239099250001
oak,0,6.25E-06,3.125E-06,0.0049,1.2348192605910446e-06,0.06738640510275146,2.122292652849939e-06,0.21352741333460643,2.1882690963816523e-07,5.196496797166272e-05,0.018061192102545948,0.0204259603926
oak,0,6.25E-06,3.125E-06,0.005,1.5267518193320858e-06,0.05746705787881339,5.561322424546544e-06,0.19545325425247023,2.2402340648774305e-07,5.1964968151629876e-05,0.061226670505890035,0.06359143879740001
oak,0,3.125E-06,1.5625E-06,0.0,0.0,0.0,0.0,0.0,0.0,0.0,0.0,0.0
oak,0,3.125E-06,1.5625E-06,0.0001,7.636184832866874e-16,0.0,1.3322676295501878e-15,0.0,2.310579172678266e-16,0.0,0.0,1.0349271327170001e-19
oak,0,3.125E-06,1.5625E-06,0.0002,9.02768054273567e-16,1.2813744737084532e-10,2.2596942407223768e-15,1.8092047074374925e-09,4.337968184984011e-16,0.0,1.442700967856446e-19,1.681251137567e-19
oak,0,3.125E-06,1.5625E-06,0.0003,7.202438045548726e-16,9.675027554126925e-11,2.8115795305730565e-15,2.0517639133304903e-09,4.3352413279975594e-16,0.0,1.9012213429909065e-19,1.538750849128e-19
oak,0,3.125E-06,1.5625E-06,0.0004,8.359055652357524e-16,1.353760970706707e-10,2.5748439254756046e-15,1.4739022793814907e-09,4.300527433797245e-16,1.0007415106216802e-16,3.230501647516925e-19,1.925521984276e-19
oak,0,3.125E-06,1.5625E-06,0.0005,1.0296673813129603e-15,1.3728135465555111e-10,4.404399706185395e-15,2.156831206152308e-09,4.325970888519613e-16,8.326672684688674e-17,2.976358169063564e-19,4.775543237527001e-19
oak,0,3.125E-06,1.5625E-06,0.0006,9.772975312193474e-16,1.8940754755188532e-10,3.973048504258691e-15,2.706067608508774e-09,4.324017554461677e-16,1.0007415106216802e-16,6.377869499913921e-19,4.0475218044349995e-19
oak,0,3.125E-06,1.5625E-06,0.0007,9.965552364821573e-16,2.0410978330364223e-10,4.841100733021303e-15,1.842332787961182e-09,4.324446242249768e-16,1.0007415106216802e-16,7.13983598857591e-19,4.942138315496e-19
oak,0,3.125E-06,1.5625E-06,0.0008,1.078609034275493e-15,1.8298783953683456e-10,4.846587662853576e-15,1.6634133826752393e-09,4.352091003171668e-16,1.4946834900704541e-16,5.311767167827155e-19,5.961538456555999e-19
oak,0,3.125E-06,1.5625E-06,0.0009,1.1281707305508791e-15,2.1005884038338604e-10,4.4708020907694506e-15,2.5311694272369014e-09,4.3426740943621356e-16,1.4946834900704541e-16,7.705213016642447e-19,7.118220193683e-19
oak,0,3.125E-06,1.5625E-06,0.001,1.1179646766150251e-15,2.2824626145609234e-10,3.490582284638723e-15,3.3791162010685563e-09,4.34493564926999e-16,1.8619006149354548e-16,1.0310039847325077e-18,5.894739001621e-19
oak,0,3.125E-06,1.5625E-06,0.0011,1.9999748913506144e-08,0.005791389528941447,3.2657544028725733e-07,0.16233250987196796,1.921965403885555e-09,2.1008390992283132e-05,0.0005612517728333932,0.02072440102999984
oak,0,3.125E-06,1.5625E-06,0.0012,3.2156159806187485e-08,0.00883852292659244,2.439638073270739e-07,0.13473532145076056,1.4723541103771095e-09,1.912950238869282e-05,0.0016410111734821917,0.027448277899999596
oak,0,3.125E-06,1.5625E-06,0.0013,5.4186081814226146e-08,0.009944512792201793,6.904400017514051e-07,0.1519054149053938,2.223498368281551e-09,2.078340403038892e-05,0.001142658658428157,0.05955304271000017
oak,0,3.125E-06,1.5625E-06,0.0014,6.476032306265929e-08,0.010500179060197115,6.409748171662202e-07,0.10980160058108815,7.235406537580919e-09,0.00011802115392156587,0.0032560623501774466,0.03572143164999986
oak,0,3.125E-06,1.5625E-06,0.0015,7.708656856485929e-08,0.01166720691087151,4.2977170924412307e-07,0.17144454343341006,1.054656969135676e-08,3.6171945451024534e-05,5.720885595000835e-05,0.0013899450259999974
oak,0,3.125E-06,1.5625E-06,0.0016,7.934822181193837e-08,0.0118826478291488,2.496443102176424e-07,0.11849647455431836,9.962963478738283e-09,1.0615142434833302e-05,0.003081595739181764,0.0025985225924999994
oak,0,3.125E-06,1.5625E-06,0.0017,1.0258656336145307e-07,0.011459913807291772,5.217233235987884e-07,0.061329457283631476,8.901449243176916e-09,1.0615142462144789e-05,0.00148808019006047,0.0010050070425000023
oak,0,3.125E-06,1.5625E-06,0.0018,9.834097015778821e-08,0.014046799752132315,3.668088844465521e-07,0.09511503318739119,7.839935002519797e-09,1.0615142369552188e-05,9.162929435910239e-05,0.00039144385249999247
oak,0,3.125E-06,1.5625E-06,0.0019,1.2099897300289867e-07,0.015627394341423028,3.4156683974273516e-07,0.13023997402773577,6.778420757309031e-09,1.0615142374326147e-05,0.0033755156226387972,0.0038585887695000015
oak,0,3.125E-06,1.5625E-06,0.002,1.3190606712946522e-07,0.015292106087812807,7.416088990283711e-07,0.10560511311248913,5.716906529445501e-09,1.0615142357006668e-05,0.002173844113569079,0.0026569172589999968
oak,0,3.125E-06,1.5625E-06,0.0021,1.3907835998231642e-07,0.018836476635213942,6.432846534065728e-07,0.18888104878774234,4.65539230212407e-09,1.0615142180037118e-05,0.007583990151974307,0.008067063296999993
oak,0,3.125E-06,1.5625E-06,0.0022,1.390780240205522e-07,0.017707261853046354,7.307817385322151e-07,0.09039368892683729,3.593878073013709e-09,1.06151422322176e-05,0.00017615858229802495,0.0006592317269999981
oak,0,3.125E-06,1.5625E-06,0.0023,1.5188605619069928e-07,0.017860583808768895,3.9908299799934807e-07,0.1143789166310779,2.532363852793809e-09,1.0615142309045034e-05,0.0006302181519759406,0.0011132912960000185
oak,0,3.125E-06,1.5625E-06,0.0024,1.6971144647665017e-07,0.016953237089371808,7.170443368231805e-07,0.08713066491135443,1.4708496306494614e-09,1.0615142173264758e-05,0.007914905668582661,0.007431832525000015
oak,0,3.125E-06,1.5625E-06,0.0025,1.582080183978075e-07,0.01856892087924253,1.2560562783203721e-06,0.064797585537959,4.093354046596823e-10,1.0615142251202414e-05,0.002315213933714075,0.0018321407889999863
oak,0,3.125E-06,1.5625E-06,0.0026,2.0381688037065886e-07,0.017837916211051085,1.2741878041011567e-06,0.12862741111502274,6.521788152386168e-10,1.0615142272962785e-05,0.0070907103889043255,0.006607637244199993
oak,0,3.125E-06,1.5625E-06,0.0027,1.9815104341760025e-07,0.021922112320383474,5.174311585029792e-07,0.15946011527409976,1.7136930431020878e-09,1.0615142170822267e-05,0.003392326117380162,0.002909252972399995
oak,0,3.125E-06,1.5625E-06,0.0028,2.5593882449587153e-07,0.01881367149354628,9.454423421065901e-07,0.09300081358417099,2.7752072698814034e-09,1.0615142345904438e-05,0.0025227516397632876,0.003005824785499999
oak,0,3.125E-06,1.5625E-06,0.0029,2.1778891489961286e-07,0.023002674547771187,9.585384328184698e-07,0.10431375077166839,3.836721496172837e-09,1.0615142281733547e-05,0.0036116955461814315,0.004094768691900008
oak,0,3.125E-06,1.5625E-06,0.003,2.559783441375893e-07,0.023841693744842338,5.593551786629305e-07,0.17573144930488002,4.898235720295868e-09,1.061514212663539e-05,0.013158891037580167,0.01364196418340001
oak,0,3.125E-06,1.5625E-06,0.0031,2.3718354277492325e-07,0.023026679756757276,6.789882758539978e-07,0.09762843097655016,5.959749942575758e-09,1.0615142282621726e-05,0.002911873013571431,0.0033949461590000174
oak,0,3.125E-06,1.5625E-06,0.0032,2.513252828460752e-07,0.02291826203536855,6.060728523423529e-07,0.10364234549518503,7.021264164367758e-09,1.0615142276404477e-05,0.012435459406256053,0.012918532551999984
oak,0,3.125E-06,1.5625E-06,0.0033,2.5622805241046315e-07,0.021699093098537754,7.568544866961974e-07,0.08922564955243872,8.082778396134417e-09,1.0615142263303845e-05,0.008667057717023155,0.008183984572999986
oak,0,3.125E-06,1.5625E-06,0.0034,2.448679598878002e-07,0.024238535524945655,8.791570332011833e-07,0.12089684000919136,9.144292630286323e-09,1.0615142434389213e-05,0.006973373607639957,0.006490300463000004
oak,0,3.125E-06,1.5625E-06,0.0035,2.9618259504541085e-07,0.02080574354214622,1.2396670280578892e-06,0.08400366844750431,1.0205806868016094e-08,1.0615142319703175e-05,0.022850684378412756,0.022367611233999996
oak,0,3.125E-06,1.5625E-06,0.0036,2.3977733559844224e-07,0.028297394004022147,7.43036830055502e-07,0.16090902054319067,1.1267321111925818e-08,1.0615142374215125e-05,0.014144215475829738,0.013661142330000015
oak,0,3.125E-06,1.5625E-06,0.0037,3.109108309532202e-07,0.02585869904712207,9.010439220580313e-07,0.12488966197307796,1.2328835355835543e-08,1.0615142539527334e-05,0.01393612439964878,0.013453051253599996
oak,0,3.125E-06,1.5625E-06,0.0038,2.679028489360071e-07,0.028491688298550134,7.601581618887909e-07,0.10196643683534735,1.3390349597576864e-08,1.0615142400305366e-05,0.010084850116068383,0.009601776970400003
oak,0,3.125E-06,1.5625E-06,0.0039,3.553197589910824e-07,0.025985450614390736,8.128424857361004e-07,0.16431880074387287,1.4451863843438151e-08,1.06151423711065e-05,0.006486331756443753,0.006969404902299997
oak,0,3.125E-06,1.5625E-06,0.004,3.0920619343728585e-07,0.027602456560677394,1.0390005022266836e-06,0.07515830093779441,1.5513378080192142e-08,1.0615142426173563e-05,0.00738905134160972,0.007872124486600005
oak,0,3.125E-06,1.5625E-06,0.0041,3.426942316381469e-07,0.028215968250680467,1.4004517588928067e-06,0.12495650317055018,1.6574892312175644e-08,1.061514224809379e-05,0.023272776119431626,0.02375584926350001
oak,0,3.125E-06,1.5625E-06,0.0042,3.259128392603164e-07,0.028051867480877846,7.618262102649487e-07,0.10754143037084628,1.7636406544375985e-08,1.0615142275849365e-05,0.0055918550048701665,0.006074928149000014
oak,0,3.125E-06,1.5625E-06,0.0043,3.3634633655315133e-07,0.02971663769972291,2.0532786175475604e-06,0.12081369643881767,1.8697920770721635e-08,1.06151423845402e-05,0.02457268437081253,0.025055757516000005
oak,0,3.125E-06,1.5625E-06,0.0044,3.6051995805257397e-07,0.026906528657399433,2.224962308283729e-06,0.0837390715471869,1.9759435011595595e-08,1.0615142327474736e-05,0.0007552676066251707,0.0012383407509999889
oak,0,3.125E-06,1.5625E-06,0.0045,3.1123415007685144e-07,0.032604801250848255,8.7426782623308e-07,0.1586065611009047,2.0820949255939e-08,1.0615142423064938e-05,0.002393782932645,0.0019107097869999756
oak,0,3.125E-06,1.5625E-06,0.0046,4.215342107473718e-07,0.02537357464770526,1.756554740522942e-06,0.07611742885505227,2.1882463493126673e-08,1.0615142484238227e-05,0.021625777148626332,0.021142704003
oak,0,3.125E-06,1.5625E-06,0.0047,3.6482034884489726e-07,0.031846197309472794,1.1206700694377236e-06,0.13642161267297537,2.2943977732482745e-08,1.0615142334580163e-05,0.01246876776212763,0.011985694617000026
oak,0,3.125E-06,1.5625E-06,0.0048,4.4599680719620174e-07,0.02871791799090479,1.6977640832638308e-06,0.11835778747706432,2.4005491978344035e-08,1.0615142436720681e-05,0.01432743129632491,0.013844358150099989
oak,0,3.125E-06,1.5625E-06,0.0049,4.0781024897795867e-07,0.03082145444986224,1.0905683192917687e-06,0.1138153724396802,2.506700621032754e-08,1.0615142378989084e-05,0.014935110443733801,0.014452037297099998
oak,0,3.125E-06,1.5625E-06,0.005,4.972768577534065e-07,0.03006692949175944,1.5185285277274918e-06,0.10775118861054866,2.6128520441877356e-08,1.0615142234438046e-05,0.008665860711181417,0.009148933858099999
oak,0,1.5625E-06,7.8125E-07,0.0,0.0,0.0,0.0,0.0,0.0,0.0,0.0,0.0
oak,0,1.5625E-06,7.8125E-07,0.0001,1.2262504683064228e-15,0.0,2.0350724194510405e-15,0.0,4.1395358195011696e-16,0.0,0.0,2.0869864137599997e-19
oak,0,1.5625E-06,7.8125E-07,0.0002,1.5050137504476723e-15,1.587328026834544e-10,3.677803601834802e-15,8.380919770297295e-10,8.139903973714423e-16,0.0,3.5596070111289535e-20,2.3619012421899997e-19
oak,0,1.5625E-06,7.8125E-07,0.0003,1.3508242465553597e-15,1.9297389205667656e-10,3.67300240504116e-15,3.2528658131474056e-09,8.115176999439407e-16,0.0,2.0541857089760462e-19,1.509859377e-19
oak,0,1.5625E-06,7.8125E-07,0.0004,1.471934031733327e-15,1.7492185640051386e-10,4.9103057094006565e-15,1.2197682797449992e-09,8.189372118855572e-16,1.0007415106216802e-16,5.556101489514358e-20,3.47763690944e-19
oak,0,1.5625E-06,7.8125E-07,0.0005,1.620229800868263e-15,1.739836898413789e-10,6.022137507034065e-15,2.528975160081438e-09,8.119182619594515e-16,8.326672684688674e-17,1.3648993337616318e-20,3.144529086999999e-19
oak,0,1.5625E-06,7.8125E-07,0.0006,1.5605523009437102e-15,2.351643228823045e-10,5.422089196526689e-15,3.0572486114627955e-09,8.100931623214155e-16,1.0007415106216802e-16,2.0891999765668633e-19,2.7786093790600008e-19
oak,0,1.5625E-06,7.8125E-07,0.0007,1.5133643052079126e-15,2.5848132878976637e-10,6.245883378235983e-15,2.0356128027826284e-09,8.14504557175336e-16,1.0007415106216802e-16,1.81969638170274e-19,1.1687785801399994e-19
oak,0,1.5625E-06,7.8125E-07,0.0008,1.5634654323752373e-15,2.571423133619467e-10,6.700600662293866e-15,2.979837176525305e-09,8.121456033257694e-16,1.4946834900704541e-16,1.693724507230558e-19,1.8503421629700002e-19
oak,0,1.5625E-06,7.8125E-07,0.0009,1.7259423142568407e-15,2.534650850186042e-10,8.824232600545268e-15,2.4134193841567185e-09,8.10635191016746e-16,1.4946834900704541e-16,2.434395256338547e-19,3.46199523831e-19
oak,0,1.5625E-06,7.8125E-07,0.001,1.5212146901597657e-15,2.937198595490742e-10,5.500520768203834e-15,3.4759417501586264e-09,8.121347134251399e-16,1.8619006149354548e-16,3.2025335849769304e-19,3.40337824116e-19
oak,0,1.5625E-06,7.8125E-07,0.0011,6.913622395013569e-09,0.0019424210795373111,1.5377894735408498e-07,0.06837967402845994,4.902710772087291e-10,2.8367842069831894e-06,0.00011188498653200152,0.0072054409199999725
oak,0,1.5625E-06,7.8125E-07,0.0012,1.3891319932314591e-08,0.002800529609684238,3.128519368907117e-07,0.0645848104128042,4.152862426779972e-10,5.731488336158108e-07,9.062592063460023e-05,0.005083845889999772
oak,0,1.5625E-06,7.8125E-07,0.0013,1.591927996931543e-08,0.0057076116643402265,2.0219255694150867e-07,0.18250195228597885,4.5437843635279e-10,1.8538740359397288e-05,0.0007282041835502961,0.019146843890000653
oak,0,1.5625E-06,7.8125E-07,0.0014,2.211141482380622e-08,0.005477619884398575,3.4706522131476684e-07,0.1432988297141795,1.7673064322753e-09,7.114571194177799e-06,0.00011971359190242337,0.010708726389999867
oak,0,1.5625E-06,7.8125E-07,0.0015,2.5274991718436905e-08,0.00684319301215934,2.3629708043293653e-07,0.1961935993525049,2.6564105463923218e-09,9.607154896285053e-06,0.0008018160200586877,0.0003188320260000127
oak,0,1.5625E-06,7.8125E-07,0.0016,3.367139184051407e-08,0.006414651270966036,3.765701641698388e-07,0.13911186689829114,3.403789600869934e-09,8.581359728476734e-06,0.0013075646314575362,0.0016980841249000095
oak,0,1.5625E-06,7.8125E-07,0.0017,3.447074492771834e-08,0.008656566637339411,2.9190115650743285e-07,0.12195827321281377,4.26192557298224e-09,8.58135972536811e-06,0.0004974730126042215,0.00010695351899999914
oak,0,1.5625E-06,7.8125E-07,0.0018,4.094940246345079e-08,0.008960172847537383,4.154807196461887e-07,0.09846513882000658,5.120061545853494e-09,8.581359727588556e-06,0.0005678011478735812,0.0009583206414000012
oak,0,1.5625E-06,7.8125E-07,0.0019,4.425678699119857e-08,0.010503506892254863,3.0155958212297566e-07,0.12721370604700158,5.978197518833171e-09,8.581359726589355e-06,0.0023558495735961638,0.0019653300794000017
oak,0,1.5625E-06,7.8125E-07,0.002,5.463809195618009e-08,0.009982222538791384,5.252099737204586e-07,0.09956543397735927,6.836333490728648e-09,8.581359725257087e-06,0.00038949524615894404,0.0007800147400000013
oak,0,1.5625E-06,7.8125E-07,0.0021,5.551801160029645e-08,0.011642995517342691,5.771715477336698e-07,0.1257245340206497,7.694469462840967e-09,8.581359726478333e-06,0.003012058320270239,0.002621538826000025
oak,0,1.5625E-06,7.8125E-07,0.0022,6.626070831787951e-08,0.010259760812018933,6.443052754672448e-07,0.1205353632837521,8.55260543620012e-09,8.581359726589355e-06,0.0004930951529674016,0.0008836146480000195
oak,0,1.5625E-06,7.8125E-07,0.0023,6.749796263742421e-08,0.012146426250940498,6.129304222398827e-07,0.13582957561930867,9.410741409776114e-09,8.581359727477533e-06,0.0012094777308971003,0.0008189582370000115
oak,0,1.5625E-06,7.8125E-07,0.0024,6.999079399508922e-08,0.013922367781684958,5.167257623651955e-07,0.19339349991808,1.0268877382295011e-08,8.581359728920823e-06,0.0016540268014780674,0.002044546295000005
oak,0,1.5625E-06,7.8125E-07,0.0025,6.985226435224385e-08,0.014216835521054811,5.997163298587884e-07,0.15433129798970407,1.1127013353861844e-08,8.581359719816994e-06,0.00037034844323410865,0.0007608679360000259
oak,0,1.5625E-06,7.8125E-07,0.0026,7.626486499204127e-08,0.014969017430984275,5.707099591581865e-07,0.19624088171767373,1.1985149323687178e-08,8.581359719261883e-06,0.0015060981445046695,0.0018966176369000082
oak,0,1.5625E-06,7.8125E-07,0.0027,8.444810790222979e-08,0.013849802268664889,8.347002127454811e-07,0.15187277072968508,1.2843285295433582e-08,8.581359719928017e-06,0.0007342833626024226,0.0011248028550000094
oak,0,1.5625E-06,7.8125E-07,0.0028,8.728862272256765e-08,0.015142661664578163,4.916751355014797e-07,0.16161439446740208,1.3701421271421927e-08,8.58135971915086e-06,0.0024643311829414816,0.0020738116903999994
oak,0,1.5625E-06,7.8125E-07,0.0029,9.377396043818169e-08,0.013207084278806706,6.741308930839042e-07,0.14004942128890024,1.455955724353425e-08,8.581359718484727e-06,0.0011735389849764077,0.0007830194925999984
oak,0,1.5625E-06,7.8125E-07,0.003,8.854469272908066e-08,0.0162716196936928,4.4337446424899595e-07,0.15759101718759908,1.541769321429132e-08,8.581359718484727e-06,0.0035970699871503697,0.003206550494499999
oak,0,1.5625E-06,7.8125E-07,0.0031,9.866075380181887e-08,0.013358384035831101,8.73190802935221e-07,0.07679641646687789,1.6275829183638928e-08,8.581359718040638e-06,0.0009768767905715958,0.0005863572979999954
oak,0,1.5625E-06,7.8125E-07,0.0032,9.302391406725285e-08,0.015945179622654557,3.963708980203595e-07,0.1764294596740629,1.7133965154450206e-08,8.58135971959495e-06,0.0032198624360831735,0.002829342942999996
oak,0,1.5625E-06,7.8125E-07,0.0033,9.947904979935964e-08,0.013822114893352699,7.003118492792839e-07,0.10122603104304509,1.7992101128514098e-08,8.581359724146864e-06,0.0019047240345057836,0.0022952435270000016
oak,0,1.5625E-06,7.8125E-07,0.0034,9.915174373311776e-08,0.015502880080130463,4.731662342216669e-07,0.15554511280975736,1.8850237100301158e-08,8.581359721149262e-06,0.0009555928552898996,0.0013461123480000003
oak,0,1.5625E-06,7.8125E-07,0.0035,1.0422076376739e-07,0.013938953201916227,6.487069264481835e-07,0.09067486532174776,1.970837307566609e-08,8.581359722148463e-06,0.004929466635465313,0.005319986129000004
oak,0,1.5625E-06,7.8125E-07,0.0036,9.726107719845473e-08,0.01579626553898371,3.464333671598929e-07,0.17615541258782205,2.0566509048754195e-08,8.58135972392482e-06,0.0033639166336163623,0.0037544361269999937
oak,0,1.5625E-06,7.8125E-07,0.0037,1.0832839309107313e-07,0.013916882800440499,7.311163047489898e-07,0.06899704935432885,2.14246450229265e-08,8.581359723591753e-06,0.004440601341510725,0.004831120835400007
oak,0,1.5625E-06,7.8125E-07,0.0038,1.05578786712095e-07,0.014725260792874555,5.706753693213162e-07,0.11015158507063857,2.22827809938462e-08,8.581359723591753e-06,0.0030720824033147187,0.003462601896800005
oak,0,1.5625E-06,7.8125E-07,0.0039,1.1473506172460252e-07,0.014257822651839842,4.744788176852686e-07,0.08515443234772134,2.314091696801851e-08,8.581359723147663e-06,0.0014635568254575126,0.0010730373320999992
oak,0,1.5625E-06,7.8125E-07,0.004,1.1084606148076705e-07,0.01480704367752931,4.906540164809709e-07,0.06432319859428476,2.3999052942190818e-08,8.581359722592552e-06,0.0024129372174715724,0.0020224177247999964
oak,0,1.5625E-06,7.8125E-07,0.0041,1.2048826169913894e-07,0.014415218084743933,4.353338818089815e-07,0.10227990327849497,2.4857188915062083e-08,8.581359723591753e-06,0.006572452923650746,0.006181933431
oak,0,1.5625E-06,7.8125E-07,0.0042,1.1444412217023666e-07,0.0157320941354111,4.346409768762882e-07,0.0970125855227969,2.5715324887282824e-08,8.581359723369708e-06,0.002284041725561514,0.001893522232999989
oak,0,1.5625E-06,7.8125E-07,0.0043,1.2392851153727143e-07,0.013994441917273396,4.7639052286421806e-07,0.10853197390630931,2.6573460858202526e-08,8.581359716042236e-06,0.0059193810427138754,0.00552886154899998
oak,0,1.5625E-06,7.8125E-07,0.0044,1.1729419188369621e-07,0.014983258862275207,3.9400440066117426e-07,0.08757430746790099,2.7431596831724316e-08,8.581359717263481e-06,0.0005811949833300634,0.0009717144769999797
oak,0,1.5625E-06,7.8125E-07,0.0045,1.251925891997264e-07,0.015052543023799157,4.413089758903421e-07,0.11845225651497074,2.828973280589662e-08,8.581359719039838e-06,0.0006578899742909552,0.0002673704800000287
oak,0,1.5625E-06,7.8125E-07,0.0046,1.31477341707366e-07,0.016439207788495492,3.575395211401706e-07,0.13471666802349647,2.9147868772696355e-08,8.581359719483928e-06,0.0037623136035166704,0.004152833096999986
oak,0,1.5625E-06,7.8125E-07,0.0047,1.2930170595084408e-07,0.0167345784202943,4.4120575751205315e-07,0.12355561319978081,3.0006004745133936e-08,8.581359720039039e-06,0.0010342111677212051,0.0014247306619999955
oak,0,1.5625E-06,7.8125E-07,0.0048,1.477615989452537e-07,0.016265991756582058,6.152993324293199e-07,0.10234982442195568,3.086414071973993e-08,8.581359718262682e-06,0.003794014285342623,0.004184533780700009
oak,0,1.5625E-06,7.8125E-07,0.0049,1.4309298709077028e-07,0.016610953263025575,5.036014695746881e-07,0.11340230172483177,3.172227669391224e-08,8.581359719261883e-06,0.004226710662852379,0.004617230157499999
oak,0,1.5625E-06,7.8125E-07,0.005,1.6571705898740327e-07,0.016269262356345342,4.894363076378844e-07,0.10642121612085967,3.2580412664181414e-08,8.581359721593351e-06,0.005420232781758849,0.005029713287500001
oak,10000,1.25E-05,6.25E-06,0.0,0.0,0.0,0.0,0.0,0.0,0.0,0.0,0.0
oak,10000,1.25E-05,6.25E-06,0.0001,2.039605829946596e-16,0.0,3.3306690738754696e-16,0.0,7.592809454755405e-17,0.0,0.0,9.810640914363001e-21
oak,10000,1.25E-05,6.25E-06,0.0002,2.456486515979544e-16,2.4157520556510654e-11,5.948052881270771e-16,1.2782744918967593e-10,1.463689261677276e-16,0.0,1.3367175390425727e-20,1.838970355534e-20
oak,10000,1.25E-05,6.25E-06,0.0003,3.2738805920190985e-16,4.902783975645546e-11,1.237304211903206e-15,5.057862841345592e-10,1.5462631195632555e-16,1.6883057536160649e-16,5.090431227875727e-20,4.068235710615e-20
oak,10000,1.25E-05,6.25E-06,0.0004,3.300090458712306e-16,4.5738796686212116e-11,1.2041730171072386e-15,4.0645338368777537e-10,1.5464675670985998e-16,2.9893669801409083e-16,4.297492351102024e-20,4.874600333842e-20
oak,10000,1.25E-05,6.25E-06,0.0005,3.0675820673364535e-16,5.3309311879742006e-11,9.588508276458549e-16,4.550867152848125e-10,1.5315964874462721e-16,2.435541875787129e-16,5.836579072081467e-20,3.4005526804540004e-20
oak,10000,1.25E-05,6.25E-06,0.0006,3.1806754958427416e-16,4.964810210492426e-11,1.0681389886409907e-15,4.246868243439335e-10,1.5349093512032405e-16,4.344434768182728e-16,4.902040198167523e-20,4.37964731593e-20
oak,10000,1.25E-05,6.25E-06,0.0007,3.3165841538725e-16,5.229542857675573e-11,1.7240712699582428e-15,4.0007858431158093e-10,1.544001061419992e-16,2.482534153247273e-16,5.558066581701337e-20,3.776415916549e-20
oak,10000,1.25E-05,6.25E-06,0.0008,3.399654519526191e-16,4.961851947689607e-11,1.3604808125475725e-15,5.406882750997398e-10,1.5550355807164767e-16,3.152427400121712e-16,5.2121987483843724e-20,4.1418632420160006e-20
oak,10000,1.25E-05,6.25E-06,0.0009,3.337330672077839e-16,5.162041253431916e-11,1.1424546920168124e-15,3.6413361492118286e-10,1.56281972773845e-16,5.20740757162067e-16,5.467028857036205e-20,3.891612238381e-20
oak,10000,1.25E-05,6.25E-06,0.001,3.1348822908153725e-16,4.914214362009641e-11,1.297424726002651e-15,5.527384141383869e-10,1.564026952338917e-16,2.3558975909718154e-13,4.450762324191161e-20,4.994385568959e-20
oak,10000,1.25E-05,6.25E-06,0.0011,5.054062307018768e-07,0.06303488606703746,1.1420384939834652e-06,0.2975931408780522,2.7665639505637316e-08,0.0010440562971545386,0.00986263821779873,0.047775556949999576
oak,10000,1.25E-05,6.25E-06,0.0012,7.589433925740782e-07,0.07848088572937564,2.006110514762336e-06,0.21818190223929332,1.7294328487956617e-08,0.00023077212699534888,0.00630805147746516,0.03297655563000035
oak,10000,1.25E-05,6.25E-06,0.0013,9.60091263193575e-07,0.08774961599204127,4.415654787731649e-06,0.4280448624129151,8.629593783462085e-08,0.00019970292695359326,0.01488680472107437,0.06923303489999988
oak,10000,1.25E-05,6.25E-06,0.0014,1.0750609577638732e-06,0.09648878458615281,4.041272248497818e-06,0.6243714643184726,1.336893576775293e-07,0.00035152590230136394,0.019843763296183203,0.06620102992700005
oak,10000,1.25E-05,6.25E-06,0.0015,1.4127415971223707e-06,0.0900243518307826,3.399379248522627e-06,0.4972099616887795,7.630759725203544e-08,0.0017307194213084243,0.016173180758744077,0.021032482244999984
oak,10000,1.25E-05,6.25E-06,0.0016,1.1860296643360959e-06,0.11441882239834852,4.1819129799058885e-06,0.6611391287372288,9.676434496546076e-08,0.0017307194224889244,0.036520406154078144,0.0006852568490000044
oak,10000,1.25E-05,6.25E-06,0.0017,1.705287596025339e-06,0.09288249398248533,5.435975080791966e-06,0.6830971208583259,2.6983628743872026e-07,0.001730719424956173,0.03229045907629369,0.06949612208199998
oak,10000,1.25E-05,6.25E-06,0.0018,1.6107118770636942e-06,0.10189403512719078,3.948448259261177e-06,0.3603547495765158,4.4290822970760764e-07,0.001730719421601079,0.1105129329210576,0.07330726991800002
oak,10000,1.25E-05,6.25E-06,0.0019,1.6530387372722285e-06,0.12089438598259532,8.818741752181225e-06,0.4356642629385348,6.159801718833621e-07,0.0017307194186148012,0.10017049796260291,0.137376160979
oak,10000,1.25E-05,6.25E-06,0.002,1.9757251015315906e-06,0.10755613697106761,6.670675858022612e-06,0.46742088805675597,7.890521136950414e-07,0.0017307194186964026,0.005335905138096286,0.03186975786999999
oak,10000,1.25E-05,6.25E-06,0.0021,1.8186099824002604e-06,0.13179166421613125,3.481884767994603e-06,0.2829370910890777,9.621240555873854e-07,0.0017307194202286214,0.00943386465440385,0.046639527668
oak,10000,1.25E-05,6.25E-06,0.0022,1.9628532446339924e-06,0.13558585196921127,4.0227271173796085e-06,0.3510757463778121,1.135195997763465e-06,0.0017307194207918375,0.09701554841774573,0.05980988542400001
oak,10000,1.25E-05,6.25E-06,0.0023,2.476331901220634e-06,0.11508685588175914,4.9395069654386424e-06,0.5135342853414164,1.308267939916397e-06,0.0017307194249791547,0.062047236867776995,0.09925289986699998
oak,10000,1.25E-05,6.25E-06,0.0024,2.6508028005371405e-06,0.11604650425646301,6.092269113913541e-06,0.3347413256964177,1.4813398821585046e-06,0.001730719421855209,0.15819447014108842,0.120988807146
oak,10000,1.25E-05,6.25E-06,0.0025,2.3809423564591574e-06,0.14040780315895598,4.9564917203592795e-06,0.44867777566808226,1.6544118244460945e-06,0.00173071942401537,0.020820218016144976,0.016385445
oak,10000,1.25E-05,6.25E-06,0.0026,3.3498416460886354e-06,0.0991351092079461,6.9896365907142325e-06,0.25103227593888305,1.8274837668305307e-06,0.0017307194255007374,0.09707554030685239,0.059869877298
oak,10000,1.25E-05,6.25E-06,0.0027,3.0789341154833247e-06,0.12860300219409193,1.024480321698551e-05,0.3450899347245689,2.000555709144541e-06,0.0017307194216297228,0.03578606989711544,0.072991732895
oak,10000,1.25E-05,6.25E-06,0.0028,3.2757337898280144e-06,0.13205791969389172,1.2076256989290712e-05,0.43857377507630335,2.173627651217154e-06,0.0017307194149716043,0.003383287386400702,0.03382237559699999
oak,10000,1.25E-05,6.25E-06,0.0029,3.349256231099481e-06,0.14073051370023934,5.125331793123941e-06,0.4181006811729392,2.3466995926575755e-06,0.001730719412551207,0.04173532429129795,0.078940987273
oak,10000,1.25E-05,6.25E-06,0.003,3.987636208823033e-06,0.11493192575276866,6.978237400658428e-06,0.3997228078669609,2.5197715340214387e-06,0.0017307194144181581,0.015767480705183884,0.05297314369100001
oak,10000,1.25E-05,6.25E-06,0.0031,3.0371879051577387e-06,0.1794802887374547,5.159429221732181e-06,0.47653666028628616,2.692843475580824e-06,0.0017307194178158847,0.05387147792940841,0.09107714090499999
oak,10000,1.25E-05,6.25E-06,0.0032,4.143798869315152e-06,0.12391326827844258,8.61367586774131e-06,0.3826460872619035,2.86591541711858e-06,0.001730719412192161,0.011224034165874947,0.025981628822000002
oak,10000,1.25E-05,6.25E-06,0.0033,3.797033095391718e-06,0.1655488887121257,1.049609548636754e-05,0.5965043779480799,3.0389873583054334e-06,0.001730719410339976,0.08179073480391896,0.04458507180899998
oak,10000,1.25E-05,6.25E-06,0.0034,4.264153825973131e-06,0.1422634418615802,7.301882786784054e-06,0.6221777027277695,3.2120592995422688e-06,0.0017307194137387016,0.00823477927958527,0.045440442271
oak,10000,1.25E-05,6.25E-06,0.0035,3.971865007368866e-06,0.17147366346944126,7.673418090883938e-06,0.5948783422675675,3.385131241039367e-06,0.0017307194156900296,0.12216984808798606,0.08496418509499998
oak,10000,1.25E-05,6.25E-06,0.0036,4.887797615587919e-06,0.1264968750715152,9.484813482810806e-06,0.400729694099662,3.5582031826424457e-06,0.0017307194159331685,0.09154584872416063,0.05434018573799998
oak,10000,1.25E-05,6.25E-06,0.0037,4.524027200761526e-06,0.16984816115123647,7.757646490774706e-06,0.47441703208874253,3.731275124145236e-06,0.0017307194139535298,0.08303318721912292,0.04582752422
oak,10000,1.25E-05,6.25E-06,0.0038,5.163775856802221e-06,0.1300837127232509,9.002705697940755e-06,0.40283837014789237,3.904347065596201e-06,0.0017307194135970372,0.05273505518791616,0.015529392193000008
oak,10000,1.25E-05,6.25E-06,0.0039,5.094455460551827e-06,0.14586047967802723,7.2408930397379515e-06,0.31998870460511125,4.077419007179222e-06,0.0017307194168805218,0.03197161528397652,0.005234047694999994
oak,10000,1.25E-05,6.25E-06,0.004,5.512973537272232e-06,0.12439905566686811,9.758521880370852e-06,0.3784252964438145,4.250490948624224e-06,0.0017307194163895812,0.04961942673295838,0.08682508971500003
oak,10000,1.25E-05,6.25E-06,0.0041,5.4106783810126224e-06,0.1444907182880144,1.4533990684018061e-05,0.4494836812609162,4.423562890134821e-06,0.0017307194097289091,0.0693082719682851,0.10651393497
oak,10000,1.25E-05,6.25E-06,0.0042,5.4523745070980115e-06,0.14844054817402394,8.525619025840248e-06,0.7762127570176701,4.59663483114419e-06,0.0017307194077456067,0.10396096783764669,0.141166630833
oak,10000,1.25E-05,6.25E-06,0.0043,5.5384583422414945e-06,0.1563541261217032,7.78074185726418e-06,0.3271891299327803,4.769706772037334e-06,0.001730719410450554,0.07000444576344517,0.10721010875400003
oak,10000,1.25E-05,6.25E-06,0.0044,5.705846794599336e-06,0.1520991248620202,1.8377874385272497e-05,0.3713790882613131,4.942778713023068e-06,0.0017307194084645872,0.018908806993272353,0.018296855998999995
oak,10000,1.25E-05,6.25E-06,0.0045,5.702073752686751e-06,0.15836078055943797,1.2318542101374952e-05,0.6427091838944068,5.115850653958929e-06,0.0017307194099039913,0.06278696746460313,0.09999263045699999
oak,10000,1.25E-05,6.25E-06,0.0046,5.655529877662264e-06,0.18049640730995442,7.84301647702264e-06,0.45397894303204267,5.288922594545243e-06,0.0017307194036090268,0.12427417188809636,0.08706850890399997
oak,10000,1.25E-05,6.25E-06,0.0047,6.37894946327036e-06,0.13332952551134178,1.1583566103793826e-05,0.34475025152527095,5.461994534981286e-06,0.001730719404989478,0.11740141626491246,0.08019575327899997
oak,10000,1.25E-05,6.25E-06,0.0048,6.239402559308937e-06,0.16886586092816264,1.1395002796898979e-05,0.5770176775799021,5.635066475390442e-06,0.0017307194034718032,0.12588308024185516,0.08867741725200001
oak,10000,1.25E-05,6.25E-06,0.0049,6.665988162819999e-06,0.14238201648019858,1.6265847305046988e-05,0.38806294029491206,5.808138415499273e-06,0.0017307193991454861,0.023335272271005986,0.013870390715999992
oak,10000,1.25E-05,6.25E-06,0.005,6.886761700270709e-06,0.15101018899231505,1.3422999774873046e-05,0.44485930694728687,5.981210355332283e-06,0.0017307193960081069,0.18177612748025743,0.144570464494
oak,10000,6.25E-06,3.125E-06,0.0,0.0,0.0,0.0,0.0,0.0,0.0,0.0,0.0
oak,10000,6.25E-06,3.125E-06,0.0001,3.995827407166859e-16,0.0,6.661338147750939e-16,0.0,6.76071719107115e-17,0.0,0.0,2.8235327061299996e-20
oak,10000,6.25E-06,3.125E-06,0.0002,4.249804488353238e-16,6.801426444849868e-11,1.644210407136618e-15,1.1009536587506446e-09,1.3082914190402165e-16,0.0,5.1870224908665446e-20,2.3823109188599997e-20
oak,10000,6.25E-06,3.125E-06,0.0003,5.165420553607615e-16,6.130754746759564e-11,2.2661199446883047e-15,6.973656687979328e-10,1.3047981330057829e-16,1.2412670766236366e-16,6.092588514036157e-21,2.1744166035999995e-20
oak,10000,6.25E-06,3.125E-06,0.0004,4.752683695887731e-16,6.981494809355357e-11,2.110154030260182e-15,1.1714088850799911e-09,1.3042971990620676e-16,3.387999773988765e-16,9.035625035150707e-21,7.469248399400005e-21
oak,10000,6.25E-06,3.125E-06,0.0005,4.624271532180083e-16,6.473662703733971e-11,2.474297093563775e-15,8.771428760735193e-10,1.3036112117045477e-16,3.7238012298709097e-16,1.2564597522878365e-20,2.92633557248e-20
oak,10000,6.25E-06,3.125E-06,0.0006,3.9062155820296203e-16,6.91782942931095e-11,2.171552317774579e-15,8.646512238931644e-10,1.2953812362001202e-16,5.266250202865052e-16,5.5471701865647105e-21,1.1865575424200001e-20
oak,10000,6.25E-06,3.125E-06,0.0007,4.292086580680923e-16,7.513769247199189e-11,1.6786961293299642e-15,1.036336742220927e-09,1.3274271352029625e-16,3.521787733787174e-16,1.1093914786332717e-20,7.243147112800003e-21
oak,10000,6.25E-06,3.125E-06,0.0008,4.477811413990701e-16,7.643366279560303e-11,1.86649797117545e-15,1.0800152641972395e-09,1.3075582709295297e-16,3.433175098891678e-16,1.2330687506353406e-20,6.770619237999995e-21
oak,10000,6.25E-06,3.125E-06,0.0009,4.743504379459988e-16,7.428295628606687e-11,2.3362271805849015e-15,8.657961806137567e-10,1.2995435397238482e-16,6.707437923744493e-16,3.3629891817041368e-21,1.6758078817699994e-20
oak,10000,6.25E-06,3.125E-06,0.001,4.345512802654571e-16,7.350094889629724e-11,1.7273386518263625e-15,1.1118381176295306e-09,1.2816573269277007e-16,2.424735346355252e-13,1.446309130985879e-20,7.111848764800008e-21
oak,10000,6.25E-06,3.125E-06,0.0011,2.0381269219274994e-07,0.028956852545264315,8.351328175393302e-07,0.18214924993421333,6.782927287549146e-09,4.929795604868836e-05,0.00032468106299043953,0.0021415487400000544
oak,10000,6.25E-06,3.125E-06,0.0012,3.2843617968463567e-07,0.05342615870608994,1.3996223096335303e-06,0.16071993273366372,1.0830312267666521e-09,1.9383933370920037e-07,0.013857321271605466,0.016506366779999837
oak,10000,6.25E-06,3.125E-06,0.0013,4.492814853699585e-07,0.061999398448209314,3.938911092765673e-06,0.3258499746821649,1.1029597439371122e-10,0.0004719929917703092,0.013602509083904701,0.010697700220000161
oak,10000,6.25E-06,3.125E-06,0.0014,5.288561753066816e-07,0.0672314719258503,2.1248764604520076e-06,0.40855591897917237,1.633574164350629e-08,0.00017885374357273776,0.020673876089311233,0.02414322186699991
oak,10000,6.25E-06,3.125E-06,0.0015,6.401420026140935e-07,0.0681962783820518,2.5676207641572857e-06,0.35069880958469707,4.761913516130624e-08,0.0005887500240973065,0.011868521998470716,0.0029873944920000006
oak,10000,6.25E-06,3.125E-06,0.0016,7.465726861358967e-07,0.06885191826354171,2.5981297026994588e-06,0.22310191371080568,1.0649413744920865e-07,0.0005887500221776198,0.009849955809765332,0.005005960680999982
oak,10000,6.25E-06,3.125E-06,0.0017,7.895814481530906e-07,0.07127375759102478,2.629280887164742e-06,0.23945928598483351,1.6536913965004962e-07,0.0005887500216164021,0.06954294871833358,0.08439886520500003
oak,10000,6.25E-06,3.125E-06,0.0018,8.537842863597606e-07,0.07790156698401078,1.7610437583977994e-06,0.2813378528755839,2.2424414187636934e-07,0.0005887500224046605,0.024976956761100788,0.010121040275999998
oak,10000,6.25E-06,3.125E-06,0.0019,8.879450152200586e-07,0.07974237641012935,5.0157044211573965e-06,0.3400987462406584,2.8311914406571777e-07,0.00058875002196912,0.0010513439576703698,0.015907260437000026
oak,10000,6.25E-06,3.125E-06,0.002,9.955246776497315e-07,0.08063212893735712,4.161346177060828e-06,0.22443614174948187,3.419941461639932e-07,0.0005887500199415197,0.02800535886907385,0.013149442387999977
oak,10000,6.25E-06,3.125E-06,0.0021,1.0100331566579e-06,0.08782739381421874,2.0462709288160525e-06,0.30139821589200877,4.0086914816620835e-07,0.0005887500192031103,0.013142107227859606,0.027998023706999997
oak,10000,6.25E-06,3.125E-06,0.0022,1.0740714911945572e-06,0.0918117592372227,3.0594406277839603e-06,0.2847942491783503,4.5974415008943935e-07,0.0005887500199901474,0.038036718895929245,0.023180802411000012
oak,10000,6.25E-06,3.125E-06,0.0023,1.158369998941522e-06,0.08526148434027253,4.53188451876585e-06,0.2640137358727752,5.186191521385462e-07,0.000588750020799611,0.032017819559221394,0.01716190307899995
oak,10000,6.25E-06,3.125E-06,0.0024,1.2883022869363558e-06,0.08544348134680142,6.15184950164549e-06,0.3386057742314664,5.774941542710283e-07,0.0005887500213683783,0.0041327794726768174,0.018988695967000008
oak,10000,6.25E-06,3.125E-06,0.0025,1.2979842831890982e-06,0.09242521626529021,4.0190451208177436e-06,0.35398238628523826,6.363691563460476e-07,0.0005887500203186624,0.08551536962009954,0.070659453131
oak,10000,6.25E-06,3.125E-06,0.0026,1.3124206849009358e-06,0.09903756773788225,4.9352715150937124e-06,0.2599700836882724,6.95244158384719e-07,0.0005887500189862838,0.04616873516588299,0.061024651663
oak,10000,6.25E-06,3.125E-06,0.0027,1.3588682360533142e-06,0.1024850602790661,3.1654061618844676e-06,0.4713023764337849,7.541191604162821e-07,0.0005887500207192309,0.037381166584071285,0.022525250097999994
oak,10000,6.25E-06,3.125E-06,0.0028,1.5684365184749091e-06,0.09292633735364667,3.2377688556777288e-06,0.3656623618902596,8.129941624263103e-07,0.0005887500207908403,0.06025839580646425,0.075114312292
oak,10000,6.25E-06,3.125E-06,0.0029,1.441444470861572e-06,0.10924692324650948,3.75304850054433e-06,0.4624618923946089,8.718691644649817e-07,0.0005887500207684138,0.017492449934563503,0.0026365334519999895
oak,10000,6.25E-06,3.125E-06,0.003,1.513053999296921e-06,0.10298621821362258,5.145849325848575e-06,0.24779061188028806,9.307441665654527e-07,0.0005887500210228769,0.11472416035733499,0.12958007683400002
oak,10000,6.25E-06,3.125E-06,0.0031,1.6623409056985307e-06,0.10426434676689753,3.256276325952222e-06,0.3678244385298451,9.896191686191674e-07,0.0005887500202240714,0.01851937448266444,0.0036634579929999966
oak,10000,6.25E-06,3.125E-06,0.0032,1.7968136842973772e-06,0.09115816469427367,4.684991146391981e-06,0.5377644374942351,1.0484941708006012e-06,0.0005887500224361908,0.02081057719310539,0.0059546607079999925
oak,10000,6.25E-06,3.125E-06,0.0033,1.8712339330850249e-06,0.09866936753411662,4.221993383624056e-06,0.3938239238758837,1.107369173065898e-06,0.0005887500235627341,0.026480390130568243,0.04133630661699997
oak,10000,6.25E-06,3.125E-06,0.0034,1.8430911769951192e-06,0.10285050650843025,5.654877346833811e-06,0.44411293210836417,1.1662441752831646e-06,0.0005887500216962271,0.031978812015578645,0.017122895533000004
oak,10000,6.25E-06,3.125E-06,0.0035,2.1605589985223274e-06,0.08683926228978957,4.197281917143907e-06,0.44384429311654006,1.2251191773564492e-06,0.0005887500201018359,0.06091513450134356,0.046059218012
oak,10000,6.25E-06,3.125E-06,0.0036,1.908457223928597e-06,0.10839678280570011,4.390418731348156e-06,0.4130664726497649,1.2839941794206807e-06,0.0005887500211393393,0.07709991109765307,0.06224399460800001
oak,10000,6.25E-06,3.125E-06,0.0037,2.1768218187707867e-06,0.08906464781515651,5.671514215729053e-06,0.3576384378165578,1.3428691814604092e-06,0.0005887500211857466,0.08018104340885313,0.09503695989900002
oak,10000,6.25E-06,3.125E-06,0.0038,2.0086330809125284e-06,0.11371152451146556,3.1320487044287498e-06,0.4342774790101178,1.4017441835415543e-06,0.0005887500201617879,0.09767572495614385,0.08281980846999998
oak,10000,6.25E-06,3.125E-06,0.0039,2.159624649991019e-06,0.10133202001611967,4.538307544640907e-06,0.3006764807511888,1.4606191854485764e-06,0.0005887500184474925,0.04705343886314775,0.061909355356000006
oak,10000,6.25E-06,3.125E-06,0.004,2.0883289381992155e-06,0.11425120436199819,4.405689199071805e-06,0.22641254534903824,1.5194941872451184e-06,0.0005887500169717841,0.0021205291598090925,0.012735387333999981
oak,10000,6.25E-06,3.125E-06,0.0041,2.176075162596824e-06,0.11335676464397376,4.566946373082856e-06,0.3643835827891022,1.5783691889568758e-06,0.0005887500163757053,0.06568730300574682,0.08054321949900001
oak,10000,6.25E-06,3.125E-06,0.0042,2.3169369990836007e-06,0.11473563647373558,7.339961076720438e-06,0.32035134426094314,1.6372441905485036e-06,0.0005887500157563119,0.11307312409313797,0.098217207602
oak,10000,6.25E-06,3.125E-06,0.0043,2.0876832263459383e-06,0.1276679029408133,3.2724979996584432e-06,0.4595670020073491,1.6961191919922462e-06,0.0005887500138672674,0.0551556376322358,0.070011554122
oak,10000,6.25E-06,3.125E-06,0.0044,2.6191384023163713e-06,0.09779264699616154,5.272382129689612e-06,0.35319596026885924,1.7549941934461803e-06,0.000588750013800543,0.01863857115913417,0.0037826546720000076
oak,10000,6.25E-06,3.125E-06,0.0045,2.390600998490235e-06,0.12312492285985571,4.255327123203311e-06,0.3560106954761415,1.8138691947643722e-06,0.00058875001342229,0.09853687072961154,0.08368095424599997
oak,10000,6.25E-06,3.125E-06,0.0046,2.6797779172130402e-06,0.1083439222185131,8.654605869573562e-06,0.30996708698241193,1.872744196135907e-06,0.0005887500134826862,0.015691450480120384,0.03054736696499999
oak,10000,6.25E-06,3.125E-06,0.0047,2.5382828274083584e-06,0.12295829147338001,1.0924487647279157e-05,0.333265399556328,1.9316191975386667e-06,0.000588750014268169,0.027707070059695943,0.012851153581000002
oak,10000,6.25E-06,3.125E-06,0.0048,2.9906122678624434e-06,0.10167072602683737,6.530817473130045e-06,0.43501986197520637,1.9904941988405957e-06,0.000588750013003958,0.05737164839492537,0.072227564869
oak,10000,6.25E-06,3.125E-06,0.0049,2.764586098652523e-06,0.11990065292051484,5.12834566124146e-06,0.31654307052364083,2.049369200195217e-06,0.0005887500134216239,0.09264501479974921,0.077789098329
oak,10000,6.25E-06,3.125E-06,0.005,2.8014681868402454e-06,0.12262897909509057,9.318586525881614e-06,0.4511419628716712,2.108244201536394e-06,0.0005887500136321222,0.20761075242889288,0.222466668899
oak,10000,3.125E-06,1.5625E-06,0.0,0.0,0.0,0.0,0.0,0.0,0.0,0.0,0.0
oak,10000,3.125E-06,1.5625E-06,0.0001,7.636184832866874e-16,0.0,1.3322676295501878e-15,0.0,2.310579172678266e-16,0.0,0.0,1.0349271327170001e-19
oak,10000,3.125E-06,1.5625E-06,0.0002,9.02768054273567e-16,1.2813744737084532e-10,2.2596942407223768e-15,1.8092047074374925e-09,4.337968184984011e-16,0.0,1.442700967856446e-19,1.681251137567e-19
oak,10000,3.125E-06,1.5625E-06,0.0003,7.202438045548726e-16,9.675027554126925e-11,2.8115795305730565e-15,2.0517639133304903e-09,4.3352413279975594e-16,0.0,1.9012213429909065e-19,1.538750849128e-19
oak,10000,3.125E-06,1.5625E-06,0.0004,8.359055652357524e-16,1.353760970706707e-10,2.5748439254756046e-15,1.4739022793814907e-09,4.300527433797245e-16,1.0007415106216802e-16,3.230501647516925e-19,1.925521984276e-19
oak,10000,3.125E-06,1.5625E-06,0.0005,1.0296673813129603e-15,1.3728135465555111e-10,4.404399706185395e-15,2.156831206152308e-09,4.325970888519613e-16,8.326672684688674e-17,2.976358169063564e-19,4.775543237527001e-19
oak,10000,3.125E-06,1.5625E-06,0.0006,9.772975312193474e-16,1.8940754755188532e-10,3.973048504258691e-15,2.706067608508774e-09,4.324017554461677e-16,1.0007415106216802e-16,6.377869499913921e-19,4.0475218044349995e-19
oak,10000,3.125E-06,1.5625E-06,0.0007,9.965552364821573e-16,2.0410978330364223e-10,4.841100733021303e-15,1.842332787961182e-09,4.324446242249768e-16,1.0007415106216802e-16,7.13983598857591e-19,4.942138315496e-19
oak,10000,3.125E-06,1.5625E-06,0.0008,1.078609034275493e-15,1.8298783953683456e-10,4.846587662853576e-15,1.6634133826752393e-09,4.352091003171668e-16,1.4946834900704541e-16,5.311767167827155e-19,5.961538456555999e-19
oak,10000,3.125E-06,1.5625E-06,0.0009,1.1281707305508791e-15,2.1005884038338604e-10,4.4708020907694506e-15,2.5311694272369014e-09,4.3426740943621356e-16,1.4946834900704541e-16,7.705213016642447e-19,7.118220193683e-19
oak,10000,3.125E-06,1.5625E-06,0.001,1.1174175632346139e-15,2.284883615847577e-10,3.490582284638723e-15,3.3791161854081178e-09,4.3426040203596574e-16,2.2104545473724842e-13,1.032773597383801e-18,5.893704180207e-19
oak,10000,3.125E-06,1.5625E-06,0.0011,5.9195927820024444e-08,0.00934795608051838,2.439351469984974e-07,0.06263060681640382,9.872938989857811e-11,7.689723899795275e-05,3.626174869555965e-05,0.0022041247700004263
oak,10000,3.125E-06,1.5625E-06,0.0012,1.0814970888967636e-07,0.018577789216230177,5.628573415961124e-07,0.08205833146443177,3.0704787221894983e-09,4.1085068294602345e-05,0.005719807223938583,0.007203497109999901
oak,10000,3.125E-06,1.5625E-06,0.0013,1.6903437130262634e-07,0.025397095361123848,7.79466334227541e-07,0.20780669873180413,3.876225523285682e-10,0.00014732907370673676,0.0029860888892206394,0.021497583110000384
oak,10000,3.125E-06,1.5625E-06,0.0014,2.179384679472852e-07,0.0320452869946101,1.5619566377522709e-06,0.1997083761110816,5.457967203626608e-09,4.944301184028888e-07,0.0037181108671818786,0.02828203627699999
oak,10000,3.125E-06,1.5625E-06,0.0015,2.569712902759096e-07,0.04083174344750085,1.3098701912017674e-06,0.24792798752220568,1.760918035909401e-08,0.00019618971604851154,0.009160539365187459,0.014232015690999994
oak,10000,3.125E-06,1.5625E-06,0.0016,3.1809741882915973e-07,0.04257141185645051,1.6689027466654238e-06,0.19467730463507088,3.7228151945184994e-08,0.00019618971592760825,0.00902513128887239,0.014096607614
oak,10000,3.125E-06,1.5625E-06,0.0017,3.209547473173466e-07,0.05105125964945465,1.4048023324192416e-06,0.19936207756408808,5.684712354005802e-08,0.0001961897159601378,0.012988655874495852,0.01806013219899999
oak,10000,3.125E-06,1.5625E-06,0.0018,3.8665681890287e-07,0.052610047505675245,1.3571488384489516e-06,0.2175593364103002,7.646609513601525e-08,0.0001961897159731274,0.0029542687571459947,0.002117207568000018
oak,10000,3.125E-06,1.5625E-06,0.0019,3.93074818035869e-07,0.05751351330693715,1.420801578345206e-06,0.28813091332144714,9.608506673945347e-08,0.00019618971604373758,0.009760322629225826,0.014831798953999997
oak,10000,3.125E-06,1.5625E-06,0.002,4.201287093196032e-07,0.060830178063864745,1.4985289385482936e-06,0.21551740733515795,1.1570403835861262e-07,0.00019618971633439397,0.0010634758749160644,0.006134952200999966
oak,10000,3.125E-06,1.5625E-06,0.0021,4.4472752764834587e-07,0.060888605910568196,2.1784583671136115e-06,0.22663888845029212,1.3532300997647073e-07,0.00019618971625856574,0.004299209035081131,0.0007722672900000171
oak,10000,3.125E-06,1.5625E-06,0.0022,4.984535751323556e-07,0.059716627308516616,1.7769921798194144e-06,0.2312771129097072,1.5494198159150992e-07,0.0001961897158586634,0.02040051546978905,0.01532903914299999
oak,10000,3.125E-06,1.5625E-06,0.0023,4.902376176566338e-07,0.06467812136310448,1.7048123226726108e-06,0.30510582572905165,1.7456095318741293e-07,0.00019618971592350043,0.006265789235947533,0.001194312909000017
oak,10000,3.125E-06,1.5625E-06,0.0024,5.654794746140196e-07,0.06184985620543974,2.7697783248903374e-06,0.2806499491007278,1.9417992477518443e-07,0.00019618971596202517,0.0054402429841686195,0.010511719311000006
oak,10000,3.125E-06,1.5625E-06,0.0025,5.841024998681746e-07,0.06724501835511602,1.8565796415373275e-06,0.38123112106238033,2.137988963671301e-07,0.00019618971592327838,0.01236497186548402,0.007293495539000022
oak,10000,3.125E-06,1.5625E-06,0.0026,5.865145450018041e-07,0.06823868014581433,1.9286608103630254e-06,0.40410973246920023,2.3341786795896737e-07,0.00019618971587076484,0.003414239708801281,0.0016572366179999909
oak,10000,3.125E-06,1.5625E-06,0.0027,6.187950597191456e-07,0.0707080889027022,1.620089966459995e-06,0.17474537432606477,2.530368395387022e-07,0.0001961897157516379,0.003230463857837207,0.008301940184999995
oak,10000,3.125E-06,1.5625E-06,0.0028,6.349438820787626e-07,0.06828240086178769,1.7308019622592716e-06,0.215511962854542,2.72655811130614e-07,0.00019618971598922563,0.020135715860086917,0.025207192185999983
oak,10000,3.125E-06,1.5625E-06,0.0029,6.778276494684587e-07,0.07119964240100574,1.9396210445971063e-06,0.43349957850119036,2.922747827356989e-07,0.000196189716230033,0.01943838857736574,0.014366912251000008
oak,10000,3.125E-06,1.5625E-06,0.003,6.460185798709079e-07,0.07441396921665158,2.8499546329552317e-06,0.21020022331271235,3.1189375434686204e-07,0.00019618971621726544,0.0031583741359035578,0.008229850459999966
oak,10000,3.125E-06,1.5625E-06,0.0031,7.647891548430269e-07,0.07074440482070633,3.0074286565817676e-06,0.27281421184074894,3.3151272597160483e-07,0.00019618971616996994,4.8569284836624815e-05,0.00512004561099999
oak,10000,3.125E-06,1.5625E-06,0.0032,7.634382096440822e-07,0.0706600396432791,3.120256285071843e-06,0.21230601405221652,3.5113169759797393e-07,0.00019618971637613836,0.010393212029145171,0.005321735703000041
oak,10000,3.125E-06,1.5625E-06,0.0033,8.227009882594457e-07,0.06794365228488876,2.6982400751218716e-06,0.18948236993555365,3.707506692305772e-07,0.00019618971641344185,0.009661193073272678,0.004589716746999983
oak,10000,3.125E-06,1.5625E-06,0.0034,8.25985655580105e-07,0.07197993548537415,2.7928463492421507e-06,0.3024212891372074,3.9036964087608246e-07,0.00019618971640900096,0.004390208013417579,0.009461684339999998
oak,10000,3.125E-06,1.5625E-06,0.0035,8.268544360959389e-07,0.07819627960178488,2.774505438729591e-06,0.30777488401136155,4.099886125151367e-07,0.00019618971638657445,0.018816052569511632,0.023887528896999993
oak,10000,3.125E-06,1.5625E-06,0.0036,8.502183267575931e-07,0.0805011068253203,2.255682859164665e-06,0.35146992398227256,4.2960758415554624e-07,0.0001961897162086057,0.013038709550652783,0.007967233224000003
oak,10000,3.125E-06,1.5625E-06,0.0037,8.67044791397338e-07,0.07796634087095794,2.9062061735834707e-06,0.31062417214631666,4.4922655579313683e-07,0.000196189716414219,0.006001320520297837,0.011072796845999988
oak,10000,3.125E-06,1.5625E-06,0.0038,9.804052381133848e-07,0.07506732896402184,3.1355780060193794e-06,0.39170816258252805,4.6884552741804225e-07,0.00019618971635959603,0.0176823169529412,0.012610840626000014
oak,10000,3.125E-06,1.5625E-06,0.0039,8.850143446319727e-07,0.08245950461860893,2.344188841540973e-06,0.2762046577558211,4.884644990396951e-07,0.0001961897161224524,0.004807689579051921,0.0002637867460000276
oak,10000,3.125E-06,1.5625E-06,0.004,9.893460442015472e-07,0.07562404093333597,2.0970242649621243e-06,0.21930554239803512,5.080834706440007e-07,0.0001961897159831194,0.026824828541964024,0.021753352216
oak,10000,3.125E-06,1.5625E-06,0.0041,9.337216933847807e-07,0.08138694580959746,2.4437308307320303e-06,0.27184359543575143,5.277024422382232e-07,0.0001961897160354109,0.0024345781994869475,0.002636898125999987
oak,10000,3.125E-06,1.5625E-06,0.0042,1.0261869209802441e-06,0.08220217748852006,3.656613595331981e-06,0.2524160317618857,5.473214138409024e-07,0.00019618971601120805,0.010038644528407914,0.004967168203
oak,10000,3.125E-06,1.5625E-06,0.0043,1.008753657831414e-06,0.07934454085581057,3.60731588384261e-06,0.5359855975289979,5.669403854477017e-07,0.0001961897160045467,0.025286718452699586,0.020215242129
oak,10000,3.125E-06,1.5625E-06,0.0044,1.0663013402132355e-06,0.0760933522844868,3.0488001710737844e-06,0.5314908283139834,5.865593570453936e-07,0.00019618971594637102,0.020666797409131354,0.015595321083999997
oak,10000,3.125E-06,1.5625E-06,0.0045,1.111013336136296e-06,0.0767680695124443,3.2807784770386808e-06,0.2539595476113161,6.061783286459045e-07,0.00019618971583068578,0.03705834277116393,0.03198686644500001
oak,10000,3.125E-06,1.5625E-06,0.0046,1.0496346965617795e-06,0.085738732588035,2.4304157055805112e-06,0.25072212505993097,6.25797300245548e-07,0.00019618971609980385,0.014701221562151312,0.009629745235999992
oak,10000,3.125E-06,1.5625E-06,0.0047,1.124991865073502e-06,0.07990411585374305,3.5091464882924805e-06,0.34672038345905576,6.454162718434568e-07,0.0001961897160945858,0.009777872559771639,0.004706396234000015
oak,10000,3.125E-06,1.5625E-06,0.0048,1.0509589971160702e-06,0.09167645169948038,2.3239768789651283e-06,0.43879334922699575,6.650352434454856e-07,0.0001961897158661019,0.01859385713544931,0.023665333461
oak,10000,3.125E-06,1.5625E-06,0.0049,1.261327805064186e-06,0.07632433170063578,3.4242185995847496e-06,0.27950407363382745,6.846542150342871e-07,0.00019618971577939348,0.01118013711311927,0.006108660787000009
oak,10000,3.125E-06,1.5625E-06,0.005,1.1742630149244122e-06,0.07751329120863683,4.415085554480835e-06,0.2249404477134045,7.042731866053076e-07,0.00019618971554391518,0.006473676390723326,0.011545152717000018
oak,10000,1.5625E-06,7.8125E-07,0.0,0.0,0.0,0.0,0.0,0.0,0.0,0.0,0.0
oak,10000,1.5625E-06,7.8125E-07,0.0001,1.2262504683064228e-15,0.0,2.0350724194510405e-15,0.0,4.1395358195011696e-16,0.0,0.0,2.0869864137599997e-19
oak,10000,1.5625E-06,7.8125E-07,0.0002,1.5050137504476723e-15,1.587328026834544e-10,3.677803601834802e-15,8.380919770297295e-10,8.139903973714423e-16,0.0,3.5596070111289535e-20,2.3619012421899997e-19
oak,10000,1.5625E-06,7.8125E-07,0.0003,1.3508242465553597e-15,1.9297389205667656e-10,3.67300240504116e-15,3.2528658131474056e-09,8.115176999439407e-16,0.0,2.0541857089760462e-19,1.509859377e-19
oak,10000,1.5625E-06,7.8125E-07,0.0004,1.471934031733327e-15,1.7492185640051386e-10,4.9103057094006565e-15,1.2197682797449992e-09,8.189372118855572e-16,1.0007415106216802e-16,5.556101489514358e-20,3.47763690944e-19
oak,10000,1.5625E-06,7.8125E-07,0.0005,1.620229800868263e-15,1.739836898413789e-10,6.022137507034065e-15,2.528975160081438e-09,8.119182619594515e-16,8.326672684688674e-17,1.3648993337616318e-20,3.144529086999999e-19
oak,10000,1.5625E-06,7.8125E-07,0.0006,1.5605523009437102e-15,2.351643228823045e-10,5.422089196526689e-15,3.0572486114627955e-09,8.100931623214155e-16,1.0007415106216802e-16,2.0891999765668633e-19,2.7786093790600008e-19
oak,10000,1.5625E-06,7.8125E-07,0.0007,1.5133643052079126e-15,2.5848132878976637e-10,6.245883378235983e-15,2.0356128027826284e-09,8.14504557175336e-16,1.0007415106216802e-16,1.81969638170274e-19,1.1687785801399994e-19
oak,10000,1.5625E-06,7.8125E-07,0.0008,1.5634654323752373e-15,2.571423133619467e-10,6.700600662293866e-15,2.979837176525305e-09,8.121456033257694e-16,1.4946834900704541e-16,1.693724507230558e-19,1.8503421629700002e-19
oak,10000,1.5625E-06,7.8125E-07,0.0009,1.7259423142568407e-15,2.534650850186042e-10,8.824232600545268e-15,2.4134193841567185e-09,8.10635191016746e-16,1.4946834900704541e-16,2.434395256338547e-19,3.46199523831e-19
oak,10000,1.5625E-06,7.8125E-07,0.001,1.5209458776896459e-15,2.938514464568135e-10,5.500520768203834e-15,3.4759417305737746e-09,8.120082575794155e-16,2.166045636748189e-13,3.205086867267153e-19,3.403793548689999e-19
oak,10000,1.5625E-06,7.8125E-07,0.0011,1.521667149868191e-08,0.0024753048609238684,6.021715687198895e-08,0.026679674459923804,1.97890026999556e-09,4.501912084231563e-07,7.329970322791923e-05,0.0004340730300000928
oak,10000,1.5625E-06,7.8125E-07,0.0012,3.0843857482851746e-08,0.004634138601031259,1.5209084078260382e-07,0.06774711894407154,2.909995329989263e-09,3.1381317304179923e-06,0.0014112553186496624,0.0014693172599997695
oak,10000,1.5625E-06,7.8125E-07,0.0013,4.760455695646428e-08,0.006489225184660671,2.682929302610937e-07,0.05034996265279593,3.6313909275443584e-09,2.4200505805649364e-05,0.0006034119270957594,0.010338998990000015
oak,10000,1.5625E-06,7.8125E-07,0.0014,5.566827868341754e-08,0.010532008004081148,2.8584618250171445e-07,0.09137689373024803,3.7460462227850125e-09,5.514307631182547e-06,0.00026421581735366906,0.006327942025999955
oak,10000,1.5625E-06,7.8125E-07,0.0015,7.059739982912656e-08,0.01239408198481514,4.484981934449461e-07,0.12615537591428766,4.8461645328190454e-09,3.239257204579182e-05,0.0005258130286564522,0.002081646639000012
oak,10000,1.5625E-06,7.8125E-07,0.0016,8.801900286234909e-08,0.014300638861249241,5.204776003242539e-07,0.07514112540769591,8.085421739577884e-09,3.2392572041128886e-05,0.001368903577865177,0.002924737188999993
oak,10000,1.5625E-06,7.8125E-07,0.0017,9.91567033416937e-08,0.016878218693578573,3.869832208153179e-07,0.10829012866298615,1.1324678941999928e-08,3.239257204434853e-05,0.001958236203057656,0.003514069811999976
oak,10000,1.5625E-06,7.8125E-07,0.0018,1.2048181498571894e-07,0.018617840718547076,5.249799461073365e-07,0.10230437075832989,1.4563936144205134e-08,3.239257204412649e-05,0.0015477459667199156,0.0031035795769999985
oak,10000,1.5625E-06,7.8125E-07,0.0019,1.30717461873537e-07,0.021213259678229276,7.169017060965066e-07,0.0964427938664485,1.780319334998821e-08,3.239257204035173e-05,0.0005146054524050869,0.0020704390609999623
oak,10000,1.5625E-06,7.8125E-07,0.002,1.4997343801371578e-07,0.022647955714766143,7.665076136587068e-07,0.09886013545039385,2.1042450554578664e-08,3.2392572044015466e-05,0.0021707206281147418,0.0006148870199999545
oak,10000,1.5625E-06,7.8125E-07,0.0021,1.6235304616234467e-07,0.024572528850169154,7.7698728508796e-07,0.10477861016254883,2.4281707758952282e-08,3.239257204512569e-05,0.005213035445599812,0.0036572018370000237
oak,10000,1.5625E-06,7.8125E-07,0.0022,1.7371272724921796e-07,0.027698171380798102,7.313977668510496e-07,0.1475565075415326,2.7520964963596947e-08,3.2392572043460355e-05,0.007190951531563461,0.005635117925000016
oak,10000,1.5625E-06,7.8125E-07,0.0023,1.7852431620679187e-07,0.031286326148436946,5.864438506336667e-07,0.2040238971057764,3.076022216634426e-08,3.2392572043904444e-05,0.00832285024867127,0.00676701664099999
oak,10000,1.5625E-06,7.8125E-07,0.0024,1.9231292010602432e-07,0.032673531831221896,6.847275271321627e-07,0.17960445949688708,3.399947936665212e-08,3.23925720446816e-05,0.0013886179166829327,0.002944451523999997
oak,10000,1.5625E-06,7.8125E-07,0.0025,2.2187159869347333e-07,0.03203311424485214,1.0947512454895225e-06,0.1610592072569353,3.7238736571784676e-08,3.239257204123991e-05,0.00039971212422640345,0.001156121483000011
oak,10000,1.5625E-06,7.8125E-07,0.0026,2.3063955225723075e-07,0.033666162503382384,9.296674763348278e-07,0.13072791246856563,4.047799377507409e-08,3.239257204801227e-05,0.006296204784573989,0.004740371176999991
oak,10000,1.5625E-06,7.8125E-07,0.0027,2.4696577501546997e-07,0.034418644348166626,7.309001055458508e-07,0.13978571680256113,4.3717250979583235e-08,3.239257204623591e-05,0.0009056363248454713,0.0006501972819999979
oak,10000,1.5625E-06,7.8125E-07,0.0028,2.3307819664056267e-07,0.03967662357111057,6.604557897972383e-07,0.19364384630558196,4.695650818623368e-08,3.239257204423751e-05,0.008159269512755696,0.006603435905999988
oak,10000,1.5625E-06,7.8125E-07,0.0029,2.458845197525118e-07,0.0430284465468528,6.074791973189408e-07,0.1438916009652255,5.0195765391732154e-08,3.2392572046902046e-05,0.004105854720826363,0.0025500211139999895
oak,10000,1.5625E-06,7.8125E-07,0.003,2.6826964456016437e-07,0.04115181135033764,8.472622431143773e-07,0.1407703084637697,5.343502259695958e-08,3.23925720436824e-05,0.003770056198618116,0.0022142225910000146
oak,10000,1.5625E-06,7.8125E-07,0.0031,2.914084249909347e-07,0.04126208778805091,9.681563357122336e-07,0.23815709529629447,5.6674279799381634e-08,3.239257204379342e-05,0.006409321401984663,0.007965155010000002
oak,10000,1.5625E-06,7.8125E-07,0.0032,2.949836181744133e-07,0.04254690047838463,1.2636570921320534e-06,0.22001199601716204,5.991353700305053e-08,3.239257204601387e-05,0.008812316227546302,0.01036814983600004
oak,10000,1.5625E-06,7.8125E-07,0.0033,3.005976646598816e-07,0.045576825079288084,1.0711194175783145e-06,0.12334912016781786,6.315279420975517e-08,3.2392572045458756e-05,0.002044954168425428,0.0004891205619999839
oak,10000,1.5625E-06,7.8125E-07,0.0034,3.0766445692445574e-07,0.04661046619225964,1.394350028202651e-06,0.20733363097532598,6.639205141336984e-08,3.239257204379342e-05,0.002089689128893013,0.0005338555209999929
oak,10000,1.5625E-06,7.8125E-07,0.0035,3.40069162106687e-07,0.045527187433180315,8.856118429712012e-07,0.16894148106826778,6.963130861714715e-08,3.2392572046902046e-05,0.004257814600100274,0.0027019809920000026
oak,10000,1.5625E-06,7.8125E-07,0.0036,3.437258550727918e-07,0.047107940393806794,9.656374219285256e-07,0.17434686852384595,7.287056582054498e-08,3.2392572042017065e-05,0.002841465067366711,0.004397298675000022
oak,10000,1.5625E-06,7.8125E-07,0.0037,3.4426943574527476e-07,0.0492621043598127,1.4200241440498473e-06,0.2603648208323588,7.610982302491862e-08,3.239257204223911e-05,0.008618103070171385,0.010173936677000006
oak,10000,1.5625E-06,7.8125E-07,0.0038,3.634807166718075e-07,0.04971647378319452,1.595460861647524e-06,0.27577882563654954,7.934908022690697e-08,3.2392572043904444e-05,0.01699672238516642,0.018552555991000003
oak,10000,1.5625E-06,7.8125E-07,0.0039,3.801390442630445e-07,0.04836090400528873,1.1915415741027163e-06,0.22682612597293228,8.258833743214795e-08,3.2392572038686396e-05,0.0008678636624482872,0.0024236972689999914
oak,10000,1.5625E-06,7.8125E-07,0.004,3.775609299455878e-07,0.05113450091042791,1.4564595072624753e-06,0.20691179732556475,8.58275946377142e-08,3.2392572040018663e-05,0.002463215393916668,0.0009073817879999835
oak,10000,1.5625E-06,7.8125E-07,0.0041,3.6844298448370865e-07,0.05278130344905633,1.9977055315534287e-06,0.15593707567599402,8.906685184436464e-08,3.239257204190604e-05,0.007459362272295517,0.005903528665999969
oak,10000,1.5625E-06,7.8125E-07,0.0042,3.979400679855368e-07,0.0514798635990074,1.582822221277147e-06,0.18729363100233293,9.230610904862983e-08,3.239257203979662e-05,0.005708436651556792,0.007264270257000022
oak,10000,1.5625E-06,7.8125E-07,0.0043,3.865893309028779e-07,0.0537101455979194,2.246144767653613e-06,0.20777702443454094,9.554536625181083e-08,3.239257204223911e-05,0.001620574006573977,6.474040200005193e-05
oak,10000,1.5625E-06,7.8125E-07,0.0044,4.0061420899099726e-07,0.05581925874361216,1.486049872156947e-06,0.15581845061020594,9.878462345564235e-08,3.239257204279422e-05,0.010559430170263895,0.009003596566
oak,10000,1.5625E-06,7.8125E-07,0.0045,4.165710622416931e-07,0.05479232087270009,1.2726906159776785e-06,0.13941168944119176,1.0202388065817282e-07,3.239257204179502e-05,0.00164258371503484,8.675011100001129e-05
oak,10000,1.5625E-06,7.8125E-07,0.0046,4.4234600472462054e-07,0.051025707591688355,1.1430274504259375e-06,0.17469268332768062,1.0526313786352222e-07,3.2392572048234314e-05,0.006993029396936301,0.00854886299999999
oak,10000,1.5625E-06,7.8125E-07,0.0047,4.2131965340042914e-07,0.05529650677492057,2.2176243477806112e-06,0.2627153196260801,1.0850239506670321e-07,3.23925720476792e-05,0.0114305108020748,0.009874677200999993
oak,10000,1.5625E-06,7.8125E-07,0.0048,4.392128415031689e-07,0.05562103140837041,1.5376775293896028e-06,0.24605826129078967,1.1174165227118525e-07,3.239257204457058e-05,0.00020480270760303565,0.0017606363090000021
oak,10000,1.5625E-06,7.8125E-07,0.0049,4.475839229851425e-07,0.05687532968664957,1.6117481887016356e-06,0.20281928129179017,1.149809094778357e-07,3.239257204656898e-05,0.024368853634399168,0.02592468723800001
oak,10000,1.5625E-06,7.8125E-07,0.005,4.1106937385586336e-07,0.06031114890218324,1.320736679633061e-06,0.23806131636284655,1.1822016668210089e-07,3.2392572047790225e-05,0.008389909818403887,0.009945743420999964
